algorithm,level_pct,instance,cpu_pct
roundrobin,30,srv-10:80,42.783
roundrobin,30,srv-10:80,43.578
roundrobin,30,srv-10:80,43.174
roundrobin,30,srv-10:80,42.524
roundrobin,30,srv-10:80,42.431
roundrobin,30,srv-10:80,42.361
roundrobin,30,srv-10:80,43.107
roundrobin,30,srv-10:80,42.190
roundrobin,30,srv-10:80,41.416
roundrobin,30,srv-10:80,40.465
roundrobin,30,srv-10:80,40.198
roundrobin,30,srv-10:80,40.721
roundrobin,30,srv-10:80,41.788
roundrobin,30,srv-10:80,42.274
roundrobin,30,srv-10:80,41.405
roundrobin,30,srv-10:80,42.508
roundrobin,30,srv-10:80,42.907
roundrobin,30,srv-10:80,43.418
roundrobin,30,srv-10:80,43.851
roundrobin,30,srv-10:80,42.108
roundrobin,30,srv-10:80,43.862
roundrobin,30,srv-10:80,45.176
roundrobin,30,srv-10:80,41.986
roundrobin,30,srv-10:80,40.722
roundrobin,30,srv-10:80,40.106
roundrobin,30,srv-10:80,39.260
roundrobin,30,srv-10:80,39.449
roundrobin,30,srv-10:80,39.459
roundrobin,30,srv-10:80,40.421
roundrobin,30,srv-10:80,42.400
roundrobin,30,srv-10:80,40.351
roundrobin,30,srv-10:80,39.895
roundrobin,30,srv-10:80,42.319
roundrobin,30,srv-10:80,43.838
roundrobin,30,srv-10:80,42.203
roundrobin,30,srv-10:80,41.056
roundrobin,30,srv-10:80,41.429
roundrobin,30,srv-10:80,41.882
roundrobin,30,srv-10:80,41.388
roundrobin,30,srv-10:80,39.461
roundrobin,30,srv-10:80,42.132
roundrobin,30,srv-10:80,43.264
roundrobin,30,srv-10:80,40.754
roundrobin,30,srv-10:80,39.176
roundrobin,30,srv-10:80,40.213
roundrobin,30,srv-10:80,41.997
roundrobin,30,srv-10:80,41.064
roundrobin,30,srv-10:80,40.680
roundrobin,30,srv-10:80,41.628
roundrobin,30,srv-10:80,40.858
roundrobin,30,srv-10:80,41.564
roundrobin,30,srv-10:80,42.120
roundrobin,30,srv-10:80,40.305
roundrobin,30,srv-10:80,38.513
roundrobin,30,srv-10:80,39.206
roundrobin,30,srv-10:80,42.008
roundrobin,30,srv-10:80,41.132
roundrobin,30,srv-10:80,40.514
roundrobin,30,srv-10:80,41.582
roundrobin,30,srv-1:80,40.780
roundrobin,30,srv-1:80,38.814
roundrobin,30,srv-1:80,38.465
roundrobin,30,srv-1:80,37.935
roundrobin,30,srv-1:80,38.956
roundrobin,30,srv-1:80,40.925
roundrobin,30,srv-1:80,40.821
roundrobin,30,srv-1:80,40.563
roundrobin,30,srv-1:80,40.250
roundrobin,30,srv-1:80,39.531
roundrobin,30,srv-1:80,38.842
roundrobin,30,srv-1:80,38.110
roundrobin,30,srv-1:80,40.012
roundrobin,30,srv-1:80,41.824
roundrobin,30,srv-1:80,40.905
roundrobin,30,srv-1:80,40.271
roundrobin,30,srv-1:80,38.921
roundrobin,30,srv-1:80,36.751
roundrobin,30,srv-1:80,36.735
roundrobin,30,srv-1:80,38.455
roundrobin,30,srv-1:80,38.856
roundrobin,30,srv-1:80,40.112
roundrobin,30,srv-1:80,40.533
roundrobin,30,srv-1:80,38.577
roundrobin,30,srv-1:80,39.138
roundrobin,30,srv-1:80,40.577
roundrobin,30,srv-1:80,38.936
roundrobin,30,srv-1:80,38.648
roundrobin,30,srv-1:80,40.341
roundrobin,30,srv-1:80,38.894
roundrobin,30,srv-1:80,39.304
roundrobin,30,srv-1:80,39.600
roundrobin,30,srv-1:80,38.349
roundrobin,30,srv-1:80,37.898
roundrobin,30,srv-1:80,38.579
roundrobin,30,srv-1:80,39.591
roundrobin,30,srv-1:80,40.365
roundrobin,30,srv-1:80,40.414
roundrobin,30,srv-1:80,38.963
roundrobin,30,srv-1:80,39.258
roundrobin,30,srv-1:80,38.269
roundrobin,30,srv-1:80,37.732
roundrobin,30,srv-1:80,38.688
roundrobin,30,srv-1:80,39.291
roundrobin,30,srv-1:80,38.873
roundrobin,30,srv-1:80,36.828
roundrobin,30,srv-1:80,35.704
roundrobin,30,srv-1:80,38.586
roundrobin,30,srv-1:80,40.490
roundrobin,30,srv-1:80,37.691
roundrobin,30,srv-1:80,37.776
roundrobin,30,srv-1:80,38.807
roundrobin,30,srv-1:80,38.404
roundrobin,30,srv-1:80,38.469
roundrobin,30,srv-1:80,38.108
roundrobin,30,srv-1:80,38.595
roundrobin,30,srv-1:80,39.217
roundrobin,30,srv-1:80,38.761
roundrobin,30,srv-1:80,35.333
roundrobin,30,srv-2:80,39.223
roundrobin,30,srv-2:80,38.039
roundrobin,30,srv-2:80,38.746
roundrobin,30,srv-2:80,40.679
roundrobin,30,srv-2:80,41.231
roundrobin,30,srv-2:80,41.087
roundrobin,30,srv-2:80,40.506
roundrobin,30,srv-2:80,38.111
roundrobin,30,srv-2:80,37.605
roundrobin,30,srv-2:80,39.450
roundrobin,30,srv-2:80,39.239
roundrobin,30,srv-2:80,37.235
roundrobin,30,srv-2:80,36.983
roundrobin,30,srv-2:80,38.392
roundrobin,30,srv-2:80,40.091
roundrobin,30,srv-2:80,41.297
roundrobin,30,srv-2:80,40.901
roundrobin,30,srv-2:80,39.202
roundrobin,30,srv-2:80,37.583
roundrobin,30,srv-2:80,37.658
roundrobin,30,srv-2:80,37.585
roundrobin,30,srv-2:80,37.290
roundrobin,30,srv-2:80,36.930
roundrobin,30,srv-2:80,36.934
roundrobin,30,srv-2:80,37.679
roundrobin,30,srv-2:80,37.252
roundrobin,30,srv-2:80,36.869
roundrobin,30,srv-2:80,37.596
roundrobin,30,srv-2:80,37.728
roundrobin,30,srv-2:80,39.212
roundrobin,30,srv-2:80,39.487
roundrobin,30,srv-2:80,37.371
roundrobin,30,srv-2:80,38.039
roundrobin,30,srv-2:80,39.865
roundrobin,30,srv-2:80,39.661
roundrobin,30,srv-2:80,38.948
roundrobin,30,srv-2:80,38.025
roundrobin,30,srv-2:80,35.864
roundrobin,30,srv-2:80,37.195
roundrobin,30,srv-2:80,38.508
roundrobin,30,srv-2:80,38.154
roundrobin,30,srv-2:80,39.336
roundrobin,30,srv-2:80,40.143
roundrobin,30,srv-2:80,38.635
roundrobin,30,srv-2:80,37.325
roundrobin,30,srv-2:80,38.257
roundrobin,30,srv-2:80,38.082
roundrobin,30,srv-2:80,39.260
roundrobin,30,srv-2:80,39.476
roundrobin,30,srv-2:80,37.869
roundrobin,30,srv-2:80,39.929
roundrobin,30,srv-2:80,38.301
roundrobin,30,srv-2:80,36.837
roundrobin,30,srv-2:80,38.237
roundrobin,30,srv-2:80,37.738
roundrobin,30,srv-2:80,37.926
roundrobin,30,srv-2:80,37.333
roundrobin,30,srv-2:80,38.244
roundrobin,30,srv-2:80,34.422
roundrobin,30,srv-3:80,31.200
roundrobin,30,srv-3:80,39.987
roundrobin,30,srv-3:80,40.598
roundrobin,30,srv-3:80,38.517
roundrobin,30,srv-3:80,38.544
roundrobin,30,srv-3:80,39.192
roundrobin,30,srv-3:80,38.806
roundrobin,30,srv-3:80,39.396
roundrobin,30,srv-3:80,39.613
roundrobin,30,srv-3:80,39.645
roundrobin,30,srv-3:80,39.374
roundrobin,30,srv-3:80,38.286
roundrobin,30,srv-3:80,37.280
roundrobin,30,srv-3:80,36.536
roundrobin,30,srv-3:80,36.877
roundrobin,30,srv-3:80,38.078
roundrobin,30,srv-3:80,37.270
roundrobin,30,srv-3:80,37.425
roundrobin,30,srv-3:80,38.573
roundrobin,30,srv-3:80,37.586
roundrobin,30,srv-3:80,37.755
roundrobin,30,srv-3:80,39.457
roundrobin,30,srv-3:80,38.748
roundrobin,30,srv-3:80,37.752
roundrobin,30,srv-3:80,39.195
roundrobin,30,srv-3:80,40.575
roundrobin,30,srv-3:80,40.864
roundrobin,30,srv-3:80,39.603
roundrobin,30,srv-3:80,38.178
roundrobin,30,srv-3:80,38.569
roundrobin,30,srv-3:80,36.830
roundrobin,30,srv-3:80,37.796
roundrobin,30,srv-3:80,39.124
roundrobin,30,srv-3:80,39.062
roundrobin,30,srv-3:80,40.287
roundrobin,30,srv-3:80,40.076
roundrobin,30,srv-3:80,40.028
roundrobin,30,srv-3:80,39.442
roundrobin,30,srv-3:80,38.706
roundrobin,30,srv-3:80,38.696
roundrobin,30,srv-3:80,37.098
roundrobin,30,srv-3:80,37.676
roundrobin,30,srv-3:80,38.635
roundrobin,30,srv-3:80,39.965
roundrobin,30,srv-3:80,40.648
roundrobin,30,srv-3:80,37.817
roundrobin,30,srv-3:80,38.181
roundrobin,30,srv-3:80,39.359
roundrobin,30,srv-3:80,37.829
roundrobin,30,srv-3:80,39.877
roundrobin,30,srv-3:80,42.549
roundrobin,30,srv-3:80,39.602
roundrobin,30,srv-3:80,38.910
roundrobin,30,srv-3:80,38.858
roundrobin,30,srv-3:80,38.048
roundrobin,30,srv-3:80,39.372
roundrobin,30,srv-3:80,38.388
roundrobin,30,srv-3:80,37.713
roundrobin,30,srv-3:80,39.000
roundrobin,30,srv-4:80,37.587
roundrobin,30,srv-4:80,38.339
roundrobin,30,srv-4:80,39.170
roundrobin,30,srv-4:80,42.094
roundrobin,30,srv-4:80,39.394
roundrobin,30,srv-4:80,36.347
roundrobin,30,srv-4:80,38.768
roundrobin,30,srv-4:80,38.703
roundrobin,30,srv-4:80,38.077
roundrobin,30,srv-4:80,40.321
roundrobin,30,srv-4:80,40.470
roundrobin,30,srv-4:80,38.333
roundrobin,30,srv-4:80,38.068
roundrobin,30,srv-4:80,37.568
roundrobin,30,srv-4:80,38.238
roundrobin,30,srv-4:80,40.965
roundrobin,30,srv-4:80,38.240
roundrobin,30,srv-4:80,34.799
roundrobin,30,srv-4:80,36.488
roundrobin,30,srv-4:80,38.660
roundrobin,30,srv-4:80,40.297
roundrobin,30,srv-4:80,38.972
roundrobin,30,srv-4:80,38.287
roundrobin,30,srv-4:80,38.473
roundrobin,30,srv-4:80,37.849
roundrobin,30,srv-4:80,39.454
roundrobin,30,srv-4:80,39.084
roundrobin,30,srv-4:80,38.280
roundrobin,30,srv-4:80,38.059
roundrobin,30,srv-4:80,37.379
roundrobin,30,srv-4:80,38.090
roundrobin,30,srv-4:80,38.977
roundrobin,30,srv-4:80,39.855
roundrobin,30,srv-4:80,40.505
roundrobin,30,srv-4:80,39.459
roundrobin,30,srv-4:80,38.368
roundrobin,30,srv-4:80,38.207
roundrobin,30,srv-4:80,38.449
roundrobin,30,srv-4:80,38.627
roundrobin,30,srv-4:80,39.291
roundrobin,30,srv-4:80,41.281
roundrobin,30,srv-4:80,40.288
roundrobin,30,srv-4:80,37.238
roundrobin,30,srv-4:80,36.981
roundrobin,30,srv-4:80,37.488
roundrobin,30,srv-4:80,37.798
roundrobin,30,srv-4:80,39.122
roundrobin,30,srv-4:80,40.105
roundrobin,30,srv-4:80,38.424
roundrobin,30,srv-4:80,37.248
roundrobin,30,srv-4:80,36.783
roundrobin,30,srv-4:80,37.714
roundrobin,30,srv-4:80,38.583
roundrobin,30,srv-4:80,37.591
roundrobin,30,srv-4:80,38.185
roundrobin,30,srv-4:80,39.153
roundrobin,30,srv-4:80,39.080
roundrobin,30,srv-4:80,38.143
roundrobin,30,srv-4:80,33.219
roundrobin,30,srv-5:80,39.056
roundrobin,30,srv-5:80,40.162
roundrobin,30,srv-5:80,42.180
roundrobin,30,srv-5:80,42.520
roundrobin,30,srv-5:80,40.102
roundrobin,30,srv-5:80,39.734
roundrobin,30,srv-5:80,42.012
roundrobin,30,srv-5:80,41.766
roundrobin,30,srv-5:80,38.133
roundrobin,30,srv-5:80,37.515
roundrobin,30,srv-5:80,40.452
roundrobin,30,srv-5:80,41.128
roundrobin,30,srv-5:80,40.305
roundrobin,30,srv-5:80,38.883
roundrobin,30,srv-5:80,39.223
roundrobin,30,srv-5:80,39.821
roundrobin,30,srv-5:80,38.204
roundrobin,30,srv-5:80,39.324
roundrobin,30,srv-5:80,40.941
roundrobin,30,srv-5:80,42.565
roundrobin,30,srv-5:80,40.843
roundrobin,30,srv-5:80,38.067
roundrobin,30,srv-5:80,39.297
roundrobin,30,srv-5:80,39.457
roundrobin,30,srv-5:80,37.966
roundrobin,30,srv-5:80,40.671
roundrobin,30,srv-5:80,41.130
roundrobin,30,srv-5:80,38.233
roundrobin,30,srv-5:80,38.430
roundrobin,30,srv-5:80,38.521
roundrobin,30,srv-5:80,39.115
roundrobin,30,srv-5:80,38.369
roundrobin,30,srv-5:80,37.336
roundrobin,30,srv-5:80,39.209
roundrobin,30,srv-5:80,40.137
roundrobin,30,srv-5:80,41.099
roundrobin,30,srv-5:80,40.473
roundrobin,30,srv-5:80,39.277
roundrobin,30,srv-5:80,39.988
roundrobin,30,srv-5:80,39.625
roundrobin,30,srv-5:80,39.390
roundrobin,30,srv-5:80,40.420
roundrobin,30,srv-5:80,38.686
roundrobin,30,srv-5:80,38.220
roundrobin,30,srv-5:80,38.988
roundrobin,30,srv-5:80,37.827
roundrobin,30,srv-5:80,39.639
roundrobin,30,srv-5:80,39.894
roundrobin,30,srv-5:80,37.770
roundrobin,30,srv-5:80,38.938
roundrobin,30,srv-5:80,40.147
roundrobin,30,srv-5:80,39.504
roundrobin,30,srv-5:80,39.713
roundrobin,30,srv-5:80,39.735
roundrobin,30,srv-5:80,39.711
roundrobin,30,srv-5:80,38.920
roundrobin,30,srv-5:80,38.076
roundrobin,30,srv-5:80,39.543
roundrobin,30,srv-5:80,36.198
roundrobin,30,srv-6:80,38.451
roundrobin,30,srv-6:80,37.351
roundrobin,30,srv-6:80,39.066
roundrobin,30,srv-6:80,38.968
roundrobin,30,srv-6:80,37.199
roundrobin,30,srv-6:80,37.902
roundrobin,30,srv-6:80,38.480
roundrobin,30,srv-6:80,39.770
roundrobin,30,srv-6:80,39.853
roundrobin,30,srv-6:80,40.041
roundrobin,30,srv-6:80,40.550
roundrobin,30,srv-6:80,42.187
roundrobin,30,srv-6:80,40.980
roundrobin,30,srv-6:80,37.046
roundrobin,30,srv-6:80,37.793
roundrobin,30,srv-6:80,37.722
roundrobin,30,srv-6:80,37.918
roundrobin,30,srv-6:80,39.888
roundrobin,30,srv-6:80,39.595
roundrobin,30,srv-6:80,38.747
roundrobin,30,srv-6:80,39.547
roundrobin,30,srv-6:80,39.611
roundrobin,30,srv-6:80,37.412
roundrobin,30,srv-6:80,37.594
roundrobin,30,srv-6:80,39.874
roundrobin,30,srv-6:80,41.182
roundrobin,30,srv-6:80,39.281
roundrobin,30,srv-6:80,36.808
roundrobin,30,srv-6:80,36.615
roundrobin,30,srv-6:80,38.887
roundrobin,30,srv-6:80,39.939
roundrobin,30,srv-6:80,38.670
roundrobin,30,srv-6:80,38.648
roundrobin,30,srv-6:80,40.257
roundrobin,30,srv-6:80,38.420
roundrobin,30,srv-6:80,40.117
roundrobin,30,srv-6:80,41.038
roundrobin,30,srv-6:80,39.291
roundrobin,30,srv-6:80,40.549
roundrobin,30,srv-6:80,38.685
roundrobin,30,srv-6:80,37.115
roundrobin,30,srv-6:80,38.975
roundrobin,30,srv-6:80,41.070
roundrobin,30,srv-6:80,41.195
roundrobin,30,srv-6:80,39.276
roundrobin,30,srv-6:80,37.186
roundrobin,30,srv-6:80,37.566
roundrobin,30,srv-6:80,39.123
roundrobin,30,srv-6:80,37.904
roundrobin,30,srv-6:80,37.988
roundrobin,30,srv-6:80,39.360
roundrobin,30,srv-6:80,41.557
roundrobin,30,srv-6:80,42.369
roundrobin,30,srv-6:80,40.628
roundrobin,30,srv-6:80,40.680
roundrobin,30,srv-6:80,40.949
roundrobin,30,srv-6:80,39.465
roundrobin,30,srv-6:80,39.218
roundrobin,30,srv-6:80,39.273
roundrobin,30,srv-7:80,41.420
roundrobin,30,srv-7:80,41.009
roundrobin,30,srv-7:80,40.496
roundrobin,30,srv-7:80,41.084
roundrobin,30,srv-7:80,42.184
roundrobin,30,srv-7:80,39.883
roundrobin,30,srv-7:80,39.076
roundrobin,30,srv-7:80,40.761
roundrobin,30,srv-7:80,39.708
roundrobin,30,srv-7:80,38.570
roundrobin,30,srv-7:80,40.959
roundrobin,30,srv-7:80,40.372
roundrobin,30,srv-7:80,41.501
roundrobin,30,srv-7:80,43.291
roundrobin,30,srv-7:80,40.896
roundrobin,30,srv-7:80,40.186
roundrobin,30,srv-7:80,41.607
roundrobin,30,srv-7:80,42.016
roundrobin,30,srv-7:80,40.704
roundrobin,30,srv-7:80,42.735
roundrobin,30,srv-7:80,42.318
roundrobin,30,srv-7:80,39.869
roundrobin,30,srv-7:80,40.691
roundrobin,30,srv-7:80,40.341
roundrobin,30,srv-7:80,40.281
roundrobin,30,srv-7:80,42.462
roundrobin,30,srv-7:80,42.959
roundrobin,30,srv-7:80,40.983
roundrobin,30,srv-7:80,41.810
roundrobin,30,srv-7:80,42.380
roundrobin,30,srv-7:80,41.778
roundrobin,30,srv-7:80,42.211
roundrobin,30,srv-7:80,40.943
roundrobin,30,srv-7:80,40.878
roundrobin,30,srv-7:80,41.256
roundrobin,30,srv-7:80,40.265
roundrobin,30,srv-7:80,40.867
roundrobin,30,srv-7:80,41.518
roundrobin,30,srv-7:80,42.282
roundrobin,30,srv-7:80,40.908
roundrobin,30,srv-7:80,41.735
roundrobin,30,srv-7:80,42.968
roundrobin,30,srv-7:80,39.258
roundrobin,30,srv-7:80,40.091
roundrobin,30,srv-7:80,41.453
roundrobin,30,srv-7:80,41.855
roundrobin,30,srv-7:80,39.623
roundrobin,30,srv-7:80,37.708
roundrobin,30,srv-7:80,42.184
roundrobin,30,srv-7:80,42.416
roundrobin,30,srv-7:80,37.139
roundrobin,30,srv-7:80,36.886
roundrobin,30,srv-7:80,38.852
roundrobin,30,srv-7:80,39.902
roundrobin,30,srv-7:80,40.098
roundrobin,30,srv-7:80,40.608
roundrobin,30,srv-7:80,39.776
roundrobin,30,srv-7:80,39.699
roundrobin,30,srv-7:80,36.964
roundrobin,30,srv-8:80,39.446
roundrobin,30,srv-8:80,38.729
roundrobin,30,srv-8:80,39.456
roundrobin,30,srv-8:80,40.577
roundrobin,30,srv-8:80,40.714
roundrobin,30,srv-8:80,38.857
roundrobin,30,srv-8:80,39.219
roundrobin,30,srv-8:80,40.484
roundrobin,30,srv-8:80,39.949
roundrobin,30,srv-8:80,39.402
roundrobin,30,srv-8:80,40.158
roundrobin,30,srv-8:80,42.092
roundrobin,30,srv-8:80,41.972
roundrobin,30,srv-8:80,38.209
roundrobin,30,srv-8:80,38.357
roundrobin,30,srv-8:80,40.103
roundrobin,30,srv-8:80,39.739
roundrobin,30,srv-8:80,39.427
roundrobin,30,srv-8:80,40.799
roundrobin,30,srv-8:80,42.300
roundrobin,30,srv-8:80,41.310
roundrobin,30,srv-8:80,40.061
roundrobin,30,srv-8:80,40.721
roundrobin,30,srv-8:80,42.653
roundrobin,30,srv-8:80,41.976
roundrobin,30,srv-8:80,40.886
roundrobin,30,srv-8:80,39.975
roundrobin,30,srv-8:80,39.880
roundrobin,30,srv-8:80,43.545
roundrobin,30,srv-8:80,43.178
roundrobin,30,srv-8:80,40.799
roundrobin,30,srv-8:80,41.468
roundrobin,30,srv-8:80,39.712
roundrobin,30,srv-8:80,40.581
roundrobin,30,srv-8:80,41.572
roundrobin,30,srv-8:80,40.702
roundrobin,30,srv-8:80,42.397
roundrobin,30,srv-8:80,40.538
roundrobin,30,srv-8:80,39.658
roundrobin,30,srv-8:80,43.308
roundrobin,30,srv-8:80,43.140
roundrobin,30,srv-8:80,40.471
roundrobin,30,srv-8:80,38.474
roundrobin,30,srv-8:80,39.130
roundrobin,30,srv-8:80,40.337
roundrobin,30,srv-8:80,40.266
roundrobin,30,srv-8:80,40.910
roundrobin,30,srv-8:80,40.959
roundrobin,30,srv-8:80,40.193
roundrobin,30,srv-8:80,41.492
roundrobin,30,srv-8:80,41.305
roundrobin,30,srv-8:80,41.242
roundrobin,30,srv-8:80,40.825
roundrobin,30,srv-8:80,38.726
roundrobin,30,srv-8:80,39.394
roundrobin,30,srv-8:80,40.257
roundrobin,30,srv-8:80,39.839
roundrobin,30,srv-8:80,39.909
roundrobin,30,srv-8:80,32.465
roundrobin,30,srv-9:80,42.734
roundrobin,30,srv-9:80,42.701
roundrobin,30,srv-9:80,42.351
roundrobin,30,srv-9:80,39.645
roundrobin,30,srv-9:80,41.747
roundrobin,30,srv-9:80,44.001
roundrobin,30,srv-9:80,43.020
roundrobin,30,srv-9:80,40.716
roundrobin,30,srv-9:80,40.069
roundrobin,30,srv-9:80,43.009
roundrobin,30,srv-9:80,42.065
roundrobin,30,srv-9:80,39.993
roundrobin,30,srv-9:80,44.440
roundrobin,30,srv-9:80,46.534
roundrobin,30,srv-9:80,42.264
roundrobin,30,srv-9:80,41.264
roundrobin,30,srv-9:80,40.808
roundrobin,30,srv-9:80,40.702
roundrobin,30,srv-9:80,41.448
roundrobin,30,srv-9:80,40.282
roundrobin,30,srv-9:80,40.685
roundrobin,30,srv-9:80,42.620
roundrobin,30,srv-9:80,42.636
roundrobin,30,srv-9:80,42.189
roundrobin,30,srv-9:80,42.361
roundrobin,30,srv-9:80,41.779
roundrobin,30,srv-9:80,40.052
roundrobin,30,srv-9:80,39.631
roundrobin,30,srv-9:80,40.729
roundrobin,30,srv-9:80,42.000
roundrobin,30,srv-9:80,41.249
roundrobin,30,srv-9:80,39.821
roundrobin,30,srv-9:80,40.293
roundrobin,30,srv-9:80,42.175
roundrobin,30,srv-9:80,43.150
roundrobin,30,srv-9:80,42.234
roundrobin,30,srv-9:80,41.466
roundrobin,30,srv-9:80,40.616
roundrobin,30,srv-9:80,41.924
roundrobin,30,srv-9:80,42.900
roundrobin,30,srv-9:80,41.546
roundrobin,30,srv-9:80,41.392
roundrobin,30,srv-9:80,41.089
roundrobin,30,srv-9:80,41.414
roundrobin,30,srv-9:80,43.524
roundrobin,30,srv-9:80,42.513
roundrobin,30,srv-9:80,41.488
roundrobin,30,srv-9:80,41.892
roundrobin,30,srv-9:80,42.120
roundrobin,30,srv-9:80,43.095
roundrobin,30,srv-9:80,44.353
roundrobin,30,srv-9:80,42.200
roundrobin,30,srv-9:80,39.160
roundrobin,30,srv-9:80,39.897
roundrobin,30,srv-9:80,41.815
roundrobin,30,srv-9:80,41.680
roundrobin,30,srv-9:80,42.507
roundrobin,30,srv-9:80,44.091
roundrobin,30,srv-9:80,34.943
roundrobin,75,srv-10:80,85.479
roundrobin,75,srv-10:80,105.542
roundrobin,75,srv-10:80,105.902
roundrobin,75,srv-10:80,103.164
roundrobin,75,srv-10:80,100.770
roundrobin,75,srv-10:80,102.283
roundrobin,75,srv-10:80,101.572
roundrobin,75,srv-10:80,100.839
roundrobin,75,srv-10:80,103.736
roundrobin,75,srv-10:80,105.672
roundrobin,75,srv-10:80,105.334
roundrobin,75,srv-10:80,103.874
roundrobin,75,srv-10:80,103.877
roundrobin,75,srv-10:80,106.016
roundrobin,75,srv-10:80,108.925
roundrobin,75,srv-10:80,107.867
roundrobin,75,srv-10:80,103.888
roundrobin,75,srv-10:80,101.905
roundrobin,75,srv-10:80,99.647
roundrobin,75,srv-10:80,98.596
roundrobin,75,srv-10:80,100.252
roundrobin,75,srv-10:80,102.858
roundrobin,75,srv-10:80,104.319
roundrobin,75,srv-10:80,103.772
roundrobin,75,srv-10:80,103.811
roundrobin,75,srv-10:80,104.489
roundrobin,75,srv-10:80,104.965
roundrobin,75,srv-10:80,104.277
roundrobin,75,srv-10:80,103.936
roundrobin,75,srv-10:80,104.340
roundrobin,75,srv-10:80,104.950
roundrobin,75,srv-10:80,104.243
roundrobin,75,srv-10:80,104.348
roundrobin,75,srv-10:80,102.567
roundrobin,75,srv-10:80,104.600
roundrobin,75,srv-10:80,105.946
roundrobin,75,srv-10:80,99.862
roundrobin,75,srv-10:80,101.343
roundrobin,75,srv-10:80,103.543
roundrobin,75,srv-10:80,102.825
roundrobin,75,srv-10:80,106.050
roundrobin,75,srv-10:80,109.416
roundrobin,75,srv-10:80,105.854
roundrobin,75,srv-10:80,103.715
roundrobin,75,srv-10:80,104.923
roundrobin,75,srv-10:80,104.438
roundrobin,75,srv-10:80,104.665
roundrobin,75,srv-10:80,104.081
roundrobin,75,srv-10:80,104.148
roundrobin,75,srv-10:80,104.865
roundrobin,75,srv-10:80,106.025
roundrobin,75,srv-10:80,102.661
roundrobin,75,srv-10:80,98.889
roundrobin,75,srv-10:80,100.895
roundrobin,75,srv-10:80,102.670
roundrobin,75,srv-10:80,102.486
roundrobin,75,srv-10:80,102.853
roundrobin,75,srv-10:80,105.120
roundrobin,75,srv-10:80,105.822
roundrobin,75,srv-1:80,81.657
roundrobin,75,srv-1:80,97.939
roundrobin,75,srv-1:80,97.471
roundrobin,75,srv-1:80,96.738
roundrobin,75,srv-1:80,95.831
roundrobin,75,srv-1:80,94.407
roundrobin,75,srv-1:80,96.648
roundrobin,75,srv-1:80,98.087
roundrobin,75,srv-1:80,96.370
roundrobin,75,srv-1:80,97.997
roundrobin,75,srv-1:80,98.796
roundrobin,75,srv-1:80,96.020
roundrobin,75,srv-1:80,93.975
roundrobin,75,srv-1:80,96.811
roundrobin,75,srv-1:80,97.860
roundrobin,75,srv-1:80,97.975
roundrobin,75,srv-1:80,99.239
roundrobin,75,srv-1:80,99.921
roundrobin,75,srv-1:80,101.022
roundrobin,75,srv-1:80,98.983
roundrobin,75,srv-1:80,97.188
roundrobin,75,srv-1:80,97.279
roundrobin,75,srv-1:80,98.390
roundrobin,75,srv-1:80,96.344
roundrobin,75,srv-1:80,96.142
roundrobin,75,srv-1:80,95.087
roundrobin,75,srv-1:80,94.265
roundrobin,75,srv-1:80,96.371
roundrobin,75,srv-1:80,96.921
roundrobin,75,srv-1:80,97.236
roundrobin,75,srv-1:80,98.507
roundrobin,75,srv-1:80,97.619
roundrobin,75,srv-1:80,95.856
roundrobin,75,srv-1:80,95.259
roundrobin,75,srv-1:80,95.743
roundrobin,75,srv-1:80,97.252
roundrobin,75,srv-1:80,95.369
roundrobin,75,srv-1:80,96.905
roundrobin,75,srv-1:80,98.090
roundrobin,75,srv-1:80,96.207
roundrobin,75,srv-1:80,96.037
roundrobin,75,srv-1:80,95.273
roundrobin,75,srv-1:80,94.597
roundrobin,75,srv-1:80,98.694
roundrobin,75,srv-1:80,97.769
roundrobin,75,srv-1:80,97.709
roundrobin,75,srv-1:80,99.301
roundrobin,75,srv-1:80,96.461
roundrobin,75,srv-1:80,95.415
roundrobin,75,srv-1:80,94.538
roundrobin,75,srv-1:80,94.913
roundrobin,75,srv-1:80,94.923
roundrobin,75,srv-1:80,94.090
roundrobin,75,srv-1:80,90.502
roundrobin,75,srv-1:80,91.238
roundrobin,75,srv-1:80,96.393
roundrobin,75,srv-1:80,100.038
roundrobin,75,srv-1:80,100.859
roundrobin,75,srv-1:80,99.286
roundrobin,75,srv-2:80,85.087
roundrobin,75,srv-2:80,97.716
roundrobin,75,srv-2:80,95.763
roundrobin,75,srv-2:80,96.754
roundrobin,75,srv-2:80,99.181
roundrobin,75,srv-2:80,97.937
roundrobin,75,srv-2:80,94.510
roundrobin,75,srv-2:80,94.755
roundrobin,75,srv-2:80,97.603
roundrobin,75,srv-2:80,97.429
roundrobin,75,srv-2:80,97.833
roundrobin,75,srv-2:80,97.671
roundrobin,75,srv-2:80,99.352
roundrobin,75,srv-2:80,100.081
roundrobin,75,srv-2:80,98.872
roundrobin,75,srv-2:80,97.008
roundrobin,75,srv-2:80,94.233
roundrobin,75,srv-2:80,95.391
roundrobin,75,srv-2:80,94.970
roundrobin,75,srv-2:80,94.998
roundrobin,75,srv-2:80,98.238
roundrobin,75,srv-2:80,102.802
roundrobin,75,srv-2:80,101.945
roundrobin,75,srv-2:80,98.965
roundrobin,75,srv-2:80,98.472
roundrobin,75,srv-2:80,100.114
roundrobin,75,srv-2:80,99.536
roundrobin,75,srv-2:80,97.499
roundrobin,75,srv-2:80,96.059
roundrobin,75,srv-2:80,96.879
roundrobin,75,srv-2:80,96.954
roundrobin,75,srv-2:80,95.504
roundrobin,75,srv-2:80,97.376
roundrobin,75,srv-2:80,99.428
roundrobin,75,srv-2:80,98.850
roundrobin,75,srv-2:80,95.063
roundrobin,75,srv-2:80,97.745
roundrobin,75,srv-2:80,100.920
roundrobin,75,srv-2:80,98.575
roundrobin,75,srv-2:80,96.510
roundrobin,75,srv-2:80,95.257
roundrobin,75,srv-2:80,95.128
roundrobin,75,srv-2:80,94.590
roundrobin,75,srv-2:80,93.945
roundrobin,75,srv-2:80,95.634
roundrobin,75,srv-2:80,98.142
roundrobin,75,srv-2:80,98.133
roundrobin,75,srv-2:80,95.340
roundrobin,75,srv-2:80,93.229
roundrobin,75,srv-2:80,94.324
roundrobin,75,srv-2:80,95.386
roundrobin,75,srv-2:80,96.838
roundrobin,75,srv-2:80,95.648
roundrobin,75,srv-2:80,94.693
roundrobin,75,srv-2:80,98.421
roundrobin,75,srv-2:80,97.791
roundrobin,75,srv-2:80,94.854
roundrobin,75,srv-2:80,95.863
roundrobin,75,srv-2:80,95.123
roundrobin,75,srv-3:80,98.838
roundrobin,75,srv-3:80,96.909
roundrobin,75,srv-3:80,97.964
roundrobin,75,srv-3:80,96.462
roundrobin,75,srv-3:80,94.555
roundrobin,75,srv-3:80,96.660
roundrobin,75,srv-3:80,95.365
roundrobin,75,srv-3:80,93.791
roundrobin,75,srv-3:80,96.041
roundrobin,75,srv-3:80,98.427
roundrobin,75,srv-3:80,100.169
roundrobin,75,srv-3:80,97.913
roundrobin,75,srv-3:80,96.495
roundrobin,75,srv-3:80,97.170
roundrobin,75,srv-3:80,98.246
roundrobin,75,srv-3:80,101.796
roundrobin,75,srv-3:80,103.135
roundrobin,75,srv-3:80,98.830
roundrobin,75,srv-3:80,99.040
roundrobin,75,srv-3:80,100.182
roundrobin,75,srv-3:80,96.773
roundrobin,75,srv-3:80,93.671
roundrobin,75,srv-3:80,91.356
roundrobin,75,srv-3:80,95.887
roundrobin,75,srv-3:80,97.254
roundrobin,75,srv-3:80,94.729
roundrobin,75,srv-3:80,95.797
roundrobin,75,srv-3:80,95.985
roundrobin,75,srv-3:80,97.314
roundrobin,75,srv-3:80,97.933
roundrobin,75,srv-3:80,99.221
roundrobin,75,srv-3:80,102.100
roundrobin,75,srv-3:80,100.118
roundrobin,75,srv-3:80,94.873
roundrobin,75,srv-3:80,94.241
roundrobin,75,srv-3:80,98.140
roundrobin,75,srv-3:80,97.390
roundrobin,75,srv-3:80,94.987
roundrobin,75,srv-3:80,97.836
roundrobin,75,srv-3:80,102.302
roundrobin,75,srv-3:80,100.251
roundrobin,75,srv-3:80,97.408
roundrobin,75,srv-3:80,98.524
roundrobin,75,srv-3:80,94.843
roundrobin,75,srv-3:80,96.453
roundrobin,75,srv-3:80,98.126
roundrobin,75,srv-3:80,98.256
roundrobin,75,srv-3:80,102.648
roundrobin,75,srv-3:80,100.548
roundrobin,75,srv-3:80,98.239
roundrobin,75,srv-3:80,99.744
roundrobin,75,srv-3:80,98.370
roundrobin,75,srv-3:80,93.367
roundrobin,75,srv-3:80,92.662
roundrobin,75,srv-3:80,97.931
roundrobin,75,srv-3:80,99.863
roundrobin,75,srv-3:80,96.005
roundrobin,75,srv-3:80,96.028
roundrobin,75,srv-3:80,93.915
roundrobin,75,srv-4:80,85.572
roundrobin,75,srv-4:80,98.954
roundrobin,75,srv-4:80,97.258
roundrobin,75,srv-4:80,94.198
roundrobin,75,srv-4:80,96.857
roundrobin,75,srv-4:80,99.353
roundrobin,75,srv-4:80,98.353
roundrobin,75,srv-4:80,97.082
roundrobin,75,srv-4:80,100.181
roundrobin,75,srv-4:80,97.633
roundrobin,75,srv-4:80,93.271
roundrobin,75,srv-4:80,94.801
roundrobin,75,srv-4:80,95.601
roundrobin,75,srv-4:80,97.361
roundrobin,75,srv-4:80,97.553
roundrobin,75,srv-4:80,97.755
roundrobin,75,srv-4:80,95.802
roundrobin,75,srv-4:80,96.045
roundrobin,75,srv-4:80,97.047
roundrobin,75,srv-4:80,97.201
roundrobin,75,srv-4:80,96.014
roundrobin,75,srv-4:80,94.344
roundrobin,75,srv-4:80,96.071
roundrobin,75,srv-4:80,98.039
roundrobin,75,srv-4:80,98.206
roundrobin,75,srv-4:80,94.637
roundrobin,75,srv-4:80,94.553
roundrobin,75,srv-4:80,96.617
roundrobin,75,srv-4:80,95.696
roundrobin,75,srv-4:80,95.571
roundrobin,75,srv-4:80,97.657
roundrobin,75,srv-4:80,97.811
roundrobin,75,srv-4:80,97.656
roundrobin,75,srv-4:80,98.039
roundrobin,75,srv-4:80,99.016
roundrobin,75,srv-4:80,101.073
roundrobin,75,srv-4:80,98.185
roundrobin,75,srv-4:80,95.896
roundrobin,75,srv-4:80,97.511
roundrobin,75,srv-4:80,97.139
roundrobin,75,srv-4:80,95.342
roundrobin,75,srv-4:80,96.106
roundrobin,75,srv-4:80,98.078
roundrobin,75,srv-4:80,97.543
roundrobin,75,srv-4:80,97.364
roundrobin,75,srv-4:80,95.012
roundrobin,75,srv-4:80,93.988
roundrobin,75,srv-4:80,96.257
roundrobin,75,srv-4:80,96.491
roundrobin,75,srv-4:80,97.336
roundrobin,75,srv-4:80,97.972
roundrobin,75,srv-4:80,96.155
roundrobin,75,srv-4:80,98.410
roundrobin,75,srv-4:80,98.797
roundrobin,75,srv-4:80,96.381
roundrobin,75,srv-4:80,97.855
roundrobin,75,srv-4:80,96.415
roundrobin,75,srv-4:80,97.713
roundrobin,75,srv-4:80,97.675
roundrobin,75,srv-5:80,88.715
roundrobin,75,srv-5:80,101.095
roundrobin,75,srv-5:80,98.086
roundrobin,75,srv-5:80,95.754
roundrobin,75,srv-5:80,98.031
roundrobin,75,srv-5:80,101.319
roundrobin,75,srv-5:80,98.783
roundrobin,75,srv-5:80,94.827
roundrobin,75,srv-5:80,95.626
roundrobin,75,srv-5:80,97.906
roundrobin,75,srv-5:80,103.728
roundrobin,75,srv-5:80,103.283
roundrobin,75,srv-5:80,101.726
roundrobin,75,srv-5:80,102.381
roundrobin,75,srv-5:80,101.936
roundrobin,75,srv-5:80,100.689
roundrobin,75,srv-5:80,98.753
roundrobin,75,srv-5:80,97.616
roundrobin,75,srv-5:80,99.464
roundrobin,75,srv-5:80,101.488
roundrobin,75,srv-5:80,100.930
roundrobin,75,srv-5:80,98.846
roundrobin,75,srv-5:80,99.647
roundrobin,75,srv-5:80,103.483
roundrobin,75,srv-5:80,102.788
roundrobin,75,srv-5:80,100.421
roundrobin,75,srv-5:80,99.097
roundrobin,75,srv-5:80,96.997
roundrobin,75,srv-5:80,99.576
roundrobin,75,srv-5:80,100.602
roundrobin,75,srv-5:80,101.480
roundrobin,75,srv-5:80,101.385
roundrobin,75,srv-5:80,99.324
roundrobin,75,srv-5:80,101.966
roundrobin,75,srv-5:80,100.614
roundrobin,75,srv-5:80,99.810
roundrobin,75,srv-5:80,99.975
roundrobin,75,srv-5:80,98.449
roundrobin,75,srv-5:80,97.816
roundrobin,75,srv-5:80,99.920
roundrobin,75,srv-5:80,100.959
roundrobin,75,srv-5:80,103.854
roundrobin,75,srv-5:80,103.147
roundrobin,75,srv-5:80,101.133
roundrobin,75,srv-5:80,99.729
roundrobin,75,srv-5:80,99.029
roundrobin,75,srv-5:80,101.560
roundrobin,75,srv-5:80,100.800
roundrobin,75,srv-5:80,97.669
roundrobin,75,srv-5:80,99.693
roundrobin,75,srv-5:80,98.925
roundrobin,75,srv-5:80,98.116
roundrobin,75,srv-5:80,97.086
roundrobin,75,srv-5:80,97.338
roundrobin,75,srv-5:80,99.679
roundrobin,75,srv-5:80,97.025
roundrobin,75,srv-5:80,96.506
roundrobin,75,srv-5:80,98.687
roundrobin,75,srv-5:80,95.445
roundrobin,75,srv-6:80,100.581
roundrobin,75,srv-6:80,99.467
roundrobin,75,srv-6:80,98.234
roundrobin,75,srv-6:80,100.722
roundrobin,75,srv-6:80,104.097
roundrobin,75,srv-6:80,103.032
roundrobin,75,srv-6:80,100.228
roundrobin,75,srv-6:80,98.831
roundrobin,75,srv-6:80,98.799
roundrobin,75,srv-6:80,97.060
roundrobin,75,srv-6:80,94.978
roundrobin,75,srv-6:80,99.692
roundrobin,75,srv-6:80,100.812
roundrobin,75,srv-6:80,98.465
roundrobin,75,srv-6:80,100.544
roundrobin,75,srv-6:80,98.724
roundrobin,75,srv-6:80,97.103
roundrobin,75,srv-6:80,98.688
roundrobin,75,srv-6:80,95.671
roundrobin,75,srv-6:80,95.819
roundrobin,75,srv-6:80,99.559
roundrobin,75,srv-6:80,99.960
roundrobin,75,srv-6:80,97.972
roundrobin,75,srv-6:80,100.123
roundrobin,75,srv-6:80,102.125
roundrobin,75,srv-6:80,101.672
roundrobin,75,srv-6:80,99.243
roundrobin,75,srv-6:80,102.787
roundrobin,75,srv-6:80,104.501
roundrobin,75,srv-6:80,98.994
roundrobin,75,srv-6:80,99.017
roundrobin,75,srv-6:80,100.082
roundrobin,75,srv-6:80,103.151
roundrobin,75,srv-6:80,102.336
roundrobin,75,srv-6:80,96.982
roundrobin,75,srv-6:80,95.212
roundrobin,75,srv-6:80,96.068
roundrobin,75,srv-6:80,99.301
roundrobin,75,srv-6:80,102.891
roundrobin,75,srv-6:80,104.426
roundrobin,75,srv-6:80,103.907
roundrobin,75,srv-6:80,98.333
roundrobin,75,srv-6:80,97.558
roundrobin,75,srv-6:80,99.801
roundrobin,75,srv-6:80,101.535
roundrobin,75,srv-6:80,99.841
roundrobin,75,srv-6:80,97.618
roundrobin,75,srv-6:80,96.757
roundrobin,75,srv-6:80,97.923
roundrobin,75,srv-6:80,101.073
roundrobin,75,srv-6:80,101.310
roundrobin,75,srv-6:80,101.242
roundrobin,75,srv-6:80,100.928
roundrobin,75,srv-6:80,100.762
roundrobin,75,srv-6:80,100.758
roundrobin,75,srv-6:80,100.387
roundrobin,75,srv-6:80,100.174
roundrobin,75,srv-6:80,99.336
roundrobin,75,srv-6:80,76.630
roundrobin,75,srv-7:80,87.969
roundrobin,75,srv-7:80,103.021
roundrobin,75,srv-7:80,103.538
roundrobin,75,srv-7:80,100.120
roundrobin,75,srv-7:80,100.895
roundrobin,75,srv-7:80,106.216
roundrobin,75,srv-7:80,107.081
roundrobin,75,srv-7:80,103.785
roundrobin,75,srv-7:80,102.417
roundrobin,75,srv-7:80,106.531
roundrobin,75,srv-7:80,106.192
roundrobin,75,srv-7:80,102.858
roundrobin,75,srv-7:80,103.719
roundrobin,75,srv-7:80,105.390
roundrobin,75,srv-7:80,104.014
roundrobin,75,srv-7:80,102.365
roundrobin,75,srv-7:80,102.853
roundrobin,75,srv-7:80,102.574
roundrobin,75,srv-7:80,103.837
roundrobin,75,srv-7:80,102.244
roundrobin,75,srv-7:80,99.326
roundrobin,75,srv-7:80,99.175
roundrobin,75,srv-7:80,101.437
roundrobin,75,srv-7:80,105.054
roundrobin,75,srv-7:80,107.077
roundrobin,75,srv-7:80,102.704
roundrobin,75,srv-7:80,102.954
roundrobin,75,srv-7:80,105.500
roundrobin,75,srv-7:80,101.329
roundrobin,75,srv-7:80,101.164
roundrobin,75,srv-7:80,104.843
roundrobin,75,srv-7:80,104.609
roundrobin,75,srv-7:80,103.795
roundrobin,75,srv-7:80,101.424
roundrobin,75,srv-7:80,101.980
roundrobin,75,srv-7:80,103.663
roundrobin,75,srv-7:80,101.809
roundrobin,75,srv-7:80,102.417
roundrobin,75,srv-7:80,102.938
roundrobin,75,srv-7:80,104.611
roundrobin,75,srv-7:80,104.960
roundrobin,75,srv-7:80,100.924
roundrobin,75,srv-7:80,103.688
roundrobin,75,srv-7:80,106.122
roundrobin,75,srv-7:80,106.376
roundrobin,75,srv-7:80,104.340
roundrobin,75,srv-7:80,102.551
roundrobin,75,srv-7:80,102.437
roundrobin,75,srv-7:80,104.497
roundrobin,75,srv-7:80,104.881
roundrobin,75,srv-7:80,100.573
roundrobin,75,srv-7:80,100.645
roundrobin,75,srv-7:80,104.302
roundrobin,75,srv-7:80,104.565
roundrobin,75,srv-7:80,100.521
roundrobin,75,srv-7:80,100.184
roundrobin,75,srv-7:80,101.966
roundrobin,75,srv-7:80,105.947
roundrobin,75,srv-7:80,105.617
roundrobin,75,srv-8:80,97.846
roundrobin,75,srv-8:80,104.491
roundrobin,75,srv-8:80,103.650
roundrobin,75,srv-8:80,98.801
roundrobin,75,srv-8:80,100.942
roundrobin,75,srv-8:80,104.752
roundrobin,75,srv-8:80,103.769
roundrobin,75,srv-8:80,101.134
roundrobin,75,srv-8:80,103.593
roundrobin,75,srv-8:80,104.046
roundrobin,75,srv-8:80,102.545
roundrobin,75,srv-8:80,103.391
roundrobin,75,srv-8:80,102.199
roundrobin,75,srv-8:80,102.832
roundrobin,75,srv-8:80,104.928
roundrobin,75,srv-8:80,104.417
roundrobin,75,srv-8:80,102.374
roundrobin,75,srv-8:80,100.399
roundrobin,75,srv-8:80,104.265
roundrobin,75,srv-8:80,101.987
roundrobin,75,srv-8:80,102.344
roundrobin,75,srv-8:80,103.129
roundrobin,75,srv-8:80,103.377
roundrobin,75,srv-8:80,104.674
roundrobin,75,srv-8:80,101.808
roundrobin,75,srv-8:80,103.140
roundrobin,75,srv-8:80,106.477
roundrobin,75,srv-8:80,104.416
roundrobin,75,srv-8:80,101.816
roundrobin,75,srv-8:80,100.060
roundrobin,75,srv-8:80,101.555
roundrobin,75,srv-8:80,102.882
roundrobin,75,srv-8:80,100.855
roundrobin,75,srv-8:80,100.823
roundrobin,75,srv-8:80,102.393
roundrobin,75,srv-8:80,104.875
roundrobin,75,srv-8:80,103.595
roundrobin,75,srv-8:80,103.532
roundrobin,75,srv-8:80,104.374
roundrobin,75,srv-8:80,104.993
roundrobin,75,srv-8:80,106.131
roundrobin,75,srv-8:80,104.525
roundrobin,75,srv-8:80,104.757
roundrobin,75,srv-8:80,104.998
roundrobin,75,srv-8:80,101.134
roundrobin,75,srv-8:80,99.513
roundrobin,75,srv-8:80,103.076
roundrobin,75,srv-8:80,105.346
roundrobin,75,srv-8:80,102.877
roundrobin,75,srv-8:80,100.780
roundrobin,75,srv-8:80,103.579
roundrobin,75,srv-8:80,106.128
roundrobin,75,srv-8:80,104.968
roundrobin,75,srv-8:80,103.639
roundrobin,75,srv-8:80,103.895
roundrobin,75,srv-8:80,103.085
roundrobin,75,srv-8:80,100.536
roundrobin,75,srv-8:80,105.710
roundrobin,75,srv-8:80,105.946
roundrobin,75,srv-9:80,95.475
roundrobin,75,srv-9:80,103.288
roundrobin,75,srv-9:80,103.995
roundrobin,75,srv-9:80,106.986
roundrobin,75,srv-9:80,107.177
roundrobin,75,srv-9:80,106.691
roundrobin,75,srv-9:80,105.832
roundrobin,75,srv-9:80,105.362
roundrobin,75,srv-9:80,100.660
roundrobin,75,srv-9:80,98.666
roundrobin,75,srv-9:80,101.675
roundrobin,75,srv-9:80,103.224
roundrobin,75,srv-9:80,108.953
roundrobin,75,srv-9:80,109.501
roundrobin,75,srv-9:80,105.371
roundrobin,75,srv-9:80,103.994
roundrobin,75,srv-9:80,105.994
roundrobin,75,srv-9:80,106.553
roundrobin,75,srv-9:80,102.114
roundrobin,75,srv-9:80,102.996
roundrobin,75,srv-9:80,107.456
roundrobin,75,srv-9:80,104.866
roundrobin,75,srv-9:80,103.422
roundrobin,75,srv-9:80,105.113
roundrobin,75,srv-9:80,104.117
roundrobin,75,srv-9:80,104.432
roundrobin,75,srv-9:80,105.093
roundrobin,75,srv-9:80,107.449
roundrobin,75,srv-9:80,108.188
roundrobin,75,srv-9:80,106.583
roundrobin,75,srv-9:80,103.398
roundrobin,75,srv-9:80,103.094
roundrobin,75,srv-9:80,106.513
roundrobin,75,srv-9:80,106.138
roundrobin,75,srv-9:80,105.917
roundrobin,75,srv-9:80,104.749
roundrobin,75,srv-9:80,101.899
roundrobin,75,srv-9:80,104.436
roundrobin,75,srv-9:80,107.695
roundrobin,75,srv-9:80,107.034
roundrobin,75,srv-9:80,105.682
roundrobin,75,srv-9:80,108.753
roundrobin,75,srv-9:80,110.679
roundrobin,75,srv-9:80,107.855
roundrobin,75,srv-9:80,106.236
roundrobin,75,srv-9:80,106.660
roundrobin,75,srv-9:80,105.792
roundrobin,75,srv-9:80,103.422
roundrobin,75,srv-9:80,104.325
roundrobin,75,srv-9:80,106.078
roundrobin,75,srv-9:80,104.939
roundrobin,75,srv-9:80,103.592
roundrobin,75,srv-9:80,104.972
roundrobin,75,srv-9:80,106.747
roundrobin,75,srv-9:80,105.041
roundrobin,75,srv-9:80,102.914
roundrobin,75,srv-9:80,103.779
roundrobin,75,srv-9:80,105.071
roundrobin,75,srv-9:80,107.424
roundrobin,83,srv-10:80,100.835
roundrobin,83,srv-10:80,117.089
roundrobin,83,srv-10:80,117.501
roundrobin,83,srv-10:80,115.188
roundrobin,83,srv-10:80,114.666
roundrobin,83,srv-10:80,115.642
roundrobin,83,srv-10:80,116.046
roundrobin,83,srv-10:80,118.568
roundrobin,83,srv-10:80,116.672
roundrobin,83,srv-10:80,112.920
roundrobin,83,srv-10:80,115.844
roundrobin,83,srv-10:80,115.497
roundrobin,83,srv-10:80,111.919
roundrobin,83,srv-10:80,109.903
roundrobin,83,srv-10:80,110.766
roundrobin,83,srv-10:80,114.479
roundrobin,83,srv-10:80,115.457
roundrobin,83,srv-10:80,115.168
roundrobin,83,srv-10:80,115.384
roundrobin,83,srv-10:80,115.937
roundrobin,83,srv-10:80,115.249
roundrobin,83,srv-10:80,117.170
roundrobin,83,srv-10:80,115.475
roundrobin,83,srv-10:80,114.987
roundrobin,83,srv-10:80,115.436
roundrobin,83,srv-10:80,112.101
roundrobin,83,srv-10:80,114.008
roundrobin,83,srv-10:80,114.266
roundrobin,83,srv-10:80,112.618
roundrobin,83,srv-10:80,112.031
roundrobin,83,srv-10:80,112.797
roundrobin,83,srv-10:80,112.887
roundrobin,83,srv-10:80,112.477
roundrobin,83,srv-10:80,112.713
roundrobin,83,srv-10:80,113.434
roundrobin,83,srv-10:80,114.278
roundrobin,83,srv-10:80,115.234
roundrobin,83,srv-10:80,119.706
roundrobin,83,srv-10:80,118.002
roundrobin,83,srv-10:80,115.162
roundrobin,83,srv-10:80,116.647
roundrobin,83,srv-10:80,116.361
roundrobin,83,srv-10:80,116.666
roundrobin,83,srv-10:80,117.200
roundrobin,83,srv-10:80,116.408
roundrobin,83,srv-10:80,114.950
roundrobin,83,srv-10:80,115.240
roundrobin,83,srv-10:80,115.986
roundrobin,83,srv-10:80,117.534
roundrobin,83,srv-10:80,115.158
roundrobin,83,srv-10:80,113.953
roundrobin,83,srv-10:80,117.086
roundrobin,83,srv-10:80,117.453
roundrobin,83,srv-10:80,116.609
roundrobin,83,srv-10:80,116.746
roundrobin,83,srv-10:80,113.284
roundrobin,83,srv-10:80,115.479
roundrobin,83,srv-10:80,115.695
roundrobin,83,srv-10:80,113.825
roundrobin,83,srv-10:80,72.840
roundrobin,83,srv-1:80,98.581
roundrobin,83,srv-1:80,104.739
roundrobin,83,srv-1:80,106.717
roundrobin,83,srv-1:80,107.308
roundrobin,83,srv-1:80,103.975
roundrobin,83,srv-1:80,105.125
roundrobin,83,srv-1:80,107.368
roundrobin,83,srv-1:80,106.150
roundrobin,83,srv-1:80,106.094
roundrobin,83,srv-1:80,109.282
roundrobin,83,srv-1:80,111.264
roundrobin,83,srv-1:80,110.476
roundrobin,83,srv-1:80,108.845
roundrobin,83,srv-1:80,110.402
roundrobin,83,srv-1:80,106.863
roundrobin,83,srv-1:80,106.421
roundrobin,83,srv-1:80,107.728
roundrobin,83,srv-1:80,104.710
roundrobin,83,srv-1:80,109.398
roundrobin,83,srv-1:80,111.401
roundrobin,83,srv-1:80,105.491
roundrobin,83,srv-1:80,104.452
roundrobin,83,srv-1:80,108.213
roundrobin,83,srv-1:80,107.375
roundrobin,83,srv-1:80,104.939
roundrobin,83,srv-1:80,105.646
roundrobin,83,srv-1:80,106.123
roundrobin,83,srv-1:80,106.221
roundrobin,83,srv-1:80,107.905
roundrobin,83,srv-1:80,107.389
roundrobin,83,srv-1:80,104.762
roundrobin,83,srv-1:80,106.894
roundrobin,83,srv-1:80,109.612
roundrobin,83,srv-1:80,109.057
roundrobin,83,srv-1:80,110.874
roundrobin,83,srv-1:80,110.398
roundrobin,83,srv-1:80,105.705
roundrobin,83,srv-1:80,103.445
roundrobin,83,srv-1:80,105.891
roundrobin,83,srv-1:80,105.869
roundrobin,83,srv-1:80,104.183
roundrobin,83,srv-1:80,105.901
roundrobin,83,srv-1:80,108.123
roundrobin,83,srv-1:80,106.153
roundrobin,83,srv-1:80,105.578
roundrobin,83,srv-1:80,104.934
roundrobin,83,srv-1:80,103.736
roundrobin,83,srv-1:80,106.959
roundrobin,83,srv-1:80,109.545
roundrobin,83,srv-1:80,107.570
roundrobin,83,srv-1:80,106.824
roundrobin,83,srv-1:80,108.236
roundrobin,83,srv-1:80,108.392
roundrobin,83,srv-1:80,109.706
roundrobin,83,srv-1:80,107.321
roundrobin,83,srv-1:80,105.690
roundrobin,83,srv-1:80,105.242
roundrobin,83,srv-1:80,105.769
roundrobin,83,srv-1:80,111.082
roundrobin,83,srv-1:80,64.826
roundrobin,83,srv-2:80,102.023
roundrobin,83,srv-2:80,112.423
roundrobin,83,srv-2:80,109.414
roundrobin,83,srv-2:80,111.058
roundrobin,83,srv-2:80,114.126
roundrobin,83,srv-2:80,109.174
roundrobin,83,srv-2:80,107.515
roundrobin,83,srv-2:80,110.715
roundrobin,83,srv-2:80,111.435
roundrobin,83,srv-2:80,109.537
roundrobin,83,srv-2:80,107.685
roundrobin,83,srv-2:80,105.720
roundrobin,83,srv-2:80,106.289
roundrobin,83,srv-2:80,107.578
roundrobin,83,srv-2:80,107.403
roundrobin,83,srv-2:80,109.228
roundrobin,83,srv-2:80,108.762
roundrobin,83,srv-2:80,108.010
roundrobin,83,srv-2:80,107.889
roundrobin,83,srv-2:80,106.786
roundrobin,83,srv-2:80,107.267
roundrobin,83,srv-2:80,108.602
roundrobin,83,srv-2:80,106.313
roundrobin,83,srv-2:80,104.283
roundrobin,83,srv-2:80,106.047
roundrobin,83,srv-2:80,106.690
roundrobin,83,srv-2:80,105.334
roundrobin,83,srv-2:80,106.783
roundrobin,83,srv-2:80,107.742
roundrobin,83,srv-2:80,105.312
roundrobin,83,srv-2:80,103.328
roundrobin,83,srv-2:80,103.742
roundrobin,83,srv-2:80,104.406
roundrobin,83,srv-2:80,106.264
roundrobin,83,srv-2:80,106.143
roundrobin,83,srv-2:80,104.800
roundrobin,83,srv-2:80,106.628
roundrobin,83,srv-2:80,108.918
roundrobin,83,srv-2:80,108.312
roundrobin,83,srv-2:80,106.411
roundrobin,83,srv-2:80,105.082
roundrobin,83,srv-2:80,105.319
roundrobin,83,srv-2:80,107.077
roundrobin,83,srv-2:80,110.939
roundrobin,83,srv-2:80,109.767
roundrobin,83,srv-2:80,106.847
roundrobin,83,srv-2:80,106.126
roundrobin,83,srv-2:80,104.195
roundrobin,83,srv-2:80,107.077
roundrobin,83,srv-2:80,107.419
roundrobin,83,srv-2:80,104.920
roundrobin,83,srv-2:80,107.603
roundrobin,83,srv-2:80,112.217
roundrobin,83,srv-2:80,110.810
roundrobin,83,srv-2:80,107.873
roundrobin,83,srv-2:80,109.220
roundrobin,83,srv-2:80,109.195
roundrobin,83,srv-2:80,106.336
roundrobin,83,srv-2:80,105.140
roundrobin,83,srv-2:80,60.555
roundrobin,83,srv-3:80,109.783
roundrobin,83,srv-3:80,107.783
roundrobin,83,srv-3:80,106.856
roundrobin,83,srv-3:80,106.602
roundrobin,83,srv-3:80,105.734
roundrobin,83,srv-3:80,106.710
roundrobin,83,srv-3:80,108.563
roundrobin,83,srv-3:80,110.084
roundrobin,83,srv-3:80,109.021
roundrobin,83,srv-3:80,106.448
roundrobin,83,srv-3:80,106.297
roundrobin,83,srv-3:80,109.627
roundrobin,83,srv-3:80,108.368
roundrobin,83,srv-3:80,104.637
roundrobin,83,srv-3:80,104.663
roundrobin,83,srv-3:80,106.807
roundrobin,83,srv-3:80,108.092
roundrobin,83,srv-3:80,106.808
roundrobin,83,srv-3:80,107.403
roundrobin,83,srv-3:80,107.279
roundrobin,83,srv-3:80,106.774
roundrobin,83,srv-3:80,108.109
roundrobin,83,srv-3:80,110.419
roundrobin,83,srv-3:80,109.481
roundrobin,83,srv-3:80,106.024
roundrobin,83,srv-3:80,103.513
roundrobin,83,srv-3:80,107.923
roundrobin,83,srv-3:80,111.986
roundrobin,83,srv-3:80,108.102
roundrobin,83,srv-3:80,108.734
roundrobin,83,srv-3:80,110.844
roundrobin,83,srv-3:80,109.354
roundrobin,83,srv-3:80,109.975
roundrobin,83,srv-3:80,107.659
roundrobin,83,srv-3:80,106.432
roundrobin,83,srv-3:80,107.895
roundrobin,83,srv-3:80,108.781
roundrobin,83,srv-3:80,110.984
roundrobin,83,srv-3:80,111.312
roundrobin,83,srv-3:80,108.997
roundrobin,83,srv-3:80,107.613
roundrobin,83,srv-3:80,107.802
roundrobin,83,srv-3:80,109.092
roundrobin,83,srv-3:80,112.009
roundrobin,83,srv-3:80,111.956
roundrobin,83,srv-3:80,106.108
roundrobin,83,srv-3:80,106.150
roundrobin,83,srv-3:80,109.688
roundrobin,83,srv-3:80,107.917
roundrobin,83,srv-3:80,106.711
roundrobin,83,srv-3:80,105.179
roundrobin,83,srv-3:80,105.206
roundrobin,83,srv-3:80,106.470
roundrobin,83,srv-3:80,107.524
roundrobin,83,srv-3:80,109.039
roundrobin,83,srv-3:80,111.177
roundrobin,83,srv-3:80,109.938
roundrobin,83,srv-3:80,105.913
roundrobin,83,srv-3:80,90.824
roundrobin,83,srv-3:80,38.800
roundrobin,83,srv-4:80,108.537
roundrobin,83,srv-4:80,109.040
roundrobin,83,srv-4:80,107.666
roundrobin,83,srv-4:80,108.226
roundrobin,83,srv-4:80,106.935
roundrobin,83,srv-4:80,105.068
roundrobin,83,srv-4:80,107.509
roundrobin,83,srv-4:80,110.034
roundrobin,83,srv-4:80,107.996
roundrobin,83,srv-4:80,105.626
roundrobin,83,srv-4:80,106.597
roundrobin,83,srv-4:80,105.459
roundrobin,83,srv-4:80,103.114
roundrobin,83,srv-4:80,106.386
roundrobin,83,srv-4:80,106.544
roundrobin,83,srv-4:80,107.212
roundrobin,83,srv-4:80,110.385
roundrobin,83,srv-4:80,111.743
roundrobin,83,srv-4:80,112.864
roundrobin,83,srv-4:80,109.568
roundrobin,83,srv-4:80,108.883
roundrobin,83,srv-4:80,110.868
roundrobin,83,srv-4:80,108.895
roundrobin,83,srv-4:80,106.366
roundrobin,83,srv-4:80,106.944
roundrobin,83,srv-4:80,106.212
roundrobin,83,srv-4:80,106.180
roundrobin,83,srv-4:80,108.157
roundrobin,83,srv-4:80,109.645
roundrobin,83,srv-4:80,111.132
roundrobin,83,srv-4:80,112.722
roundrobin,83,srv-4:80,110.082
roundrobin,83,srv-4:80,107.491
roundrobin,83,srv-4:80,108.845
roundrobin,83,srv-4:80,108.615
roundrobin,83,srv-4:80,106.270
roundrobin,83,srv-4:80,105.620
roundrobin,83,srv-4:80,106.766
roundrobin,83,srv-4:80,106.863
roundrobin,83,srv-4:80,107.608
roundrobin,83,srv-4:80,109.305
roundrobin,83,srv-4:80,108.680
roundrobin,83,srv-4:80,108.633
roundrobin,83,srv-4:80,108.021
roundrobin,83,srv-4:80,108.001
roundrobin,83,srv-4:80,109.310
roundrobin,83,srv-4:80,109.722
roundrobin,83,srv-4:80,109.323
roundrobin,83,srv-4:80,106.658
roundrobin,83,srv-4:80,107.197
roundrobin,83,srv-4:80,107.147
roundrobin,83,srv-4:80,106.153
roundrobin,83,srv-4:80,107.925
roundrobin,83,srv-4:80,106.440
roundrobin,83,srv-4:80,106.269
roundrobin,83,srv-4:80,108.908
roundrobin,83,srv-4:80,108.104
roundrobin,83,srv-4:80,106.380
roundrobin,83,srv-4:80,106.427
roundrobin,83,srv-4:80,56.368
roundrobin,83,srv-5:80,102.903
roundrobin,83,srv-5:80,106.815
roundrobin,83,srv-5:80,111.349
roundrobin,83,srv-5:80,111.592
roundrobin,83,srv-5:80,113.261
roundrobin,83,srv-5:80,114.110
roundrobin,83,srv-5:80,109.936
roundrobin,83,srv-5:80,109.027
roundrobin,83,srv-5:80,111.515
roundrobin,83,srv-5:80,109.917
roundrobin,83,srv-5:80,108.957
roundrobin,83,srv-5:80,111.137
roundrobin,83,srv-5:80,110.619
roundrobin,83,srv-5:80,108.847
roundrobin,83,srv-5:80,109.151
roundrobin,83,srv-5:80,109.923
roundrobin,83,srv-5:80,113.595
roundrobin,83,srv-5:80,113.788
roundrobin,83,srv-5:80,112.181
roundrobin,83,srv-5:80,110.367
roundrobin,83,srv-5:80,110.752
roundrobin,83,srv-5:80,112.587
roundrobin,83,srv-5:80,113.182
roundrobin,83,srv-5:80,110.609
roundrobin,83,srv-5:80,110.349
roundrobin,83,srv-5:80,109.811
roundrobin,83,srv-5:80,109.343
roundrobin,83,srv-5:80,110.137
roundrobin,83,srv-5:80,110.063
roundrobin,83,srv-5:80,107.383
roundrobin,83,srv-5:80,109.218
roundrobin,83,srv-5:80,110.239
roundrobin,83,srv-5:80,106.285
roundrobin,83,srv-5:80,107.184
roundrobin,83,srv-5:80,110.311
roundrobin,83,srv-5:80,112.619
roundrobin,83,srv-5:80,112.425
roundrobin,83,srv-5:80,111.820
roundrobin,83,srv-5:80,110.861
roundrobin,83,srv-5:80,110.630
roundrobin,83,srv-5:80,110.022
roundrobin,83,srv-5:80,106.624
roundrobin,83,srv-5:80,105.422
roundrobin,83,srv-5:80,109.784
roundrobin,83,srv-5:80,113.411
roundrobin,83,srv-5:80,112.377
roundrobin,83,srv-5:80,107.416
roundrobin,83,srv-5:80,109.751
roundrobin,83,srv-5:80,112.931
roundrobin,83,srv-5:80,111.279
roundrobin,83,srv-5:80,112.071
roundrobin,83,srv-5:80,113.168
roundrobin,83,srv-5:80,110.244
roundrobin,83,srv-5:80,109.311
roundrobin,83,srv-5:80,111.143
roundrobin,83,srv-5:80,111.877
roundrobin,83,srv-5:80,107.715
roundrobin,83,srv-5:80,108.771
roundrobin,83,srv-5:80,109.979
roundrobin,83,srv-5:80,58.058
roundrobin,83,srv-6:80,86.974
roundrobin,83,srv-6:80,107.434
roundrobin,83,srv-6:80,108.292
roundrobin,83,srv-6:80,110.016
roundrobin,83,srv-6:80,110.640
roundrobin,83,srv-6:80,111.550
roundrobin,83,srv-6:80,109.298
roundrobin,83,srv-6:80,110.269
roundrobin,83,srv-6:80,113.127
roundrobin,83,srv-6:80,110.016
roundrobin,83,srv-6:80,111.471
roundrobin,83,srv-6:80,114.892
roundrobin,83,srv-6:80,113.950
roundrobin,83,srv-6:80,111.416
roundrobin,83,srv-6:80,109.595
roundrobin,83,srv-6:80,107.031
roundrobin,83,srv-6:80,106.674
roundrobin,83,srv-6:80,107.828
roundrobin,83,srv-6:80,110.288
roundrobin,83,srv-6:80,109.912
roundrobin,83,srv-6:80,109.016
roundrobin,83,srv-6:80,113.719
roundrobin,83,srv-6:80,117.569
roundrobin,83,srv-6:80,115.464
roundrobin,83,srv-6:80,114.579
roundrobin,83,srv-6:80,112.113
roundrobin,83,srv-6:80,111.934
roundrobin,83,srv-6:80,113.145
roundrobin,83,srv-6:80,111.891
roundrobin,83,srv-6:80,113.565
roundrobin,83,srv-6:80,112.293
roundrobin,83,srv-6:80,109.250
roundrobin,83,srv-6:80,107.659
roundrobin,83,srv-6:80,107.071
roundrobin,83,srv-6:80,110.649
roundrobin,83,srv-6:80,111.380
roundrobin,83,srv-6:80,111.763
roundrobin,83,srv-6:80,112.284
roundrobin,83,srv-6:80,110.680
roundrobin,83,srv-6:80,111.750
roundrobin,83,srv-6:80,113.768
roundrobin,83,srv-6:80,109.244
roundrobin,83,srv-6:80,108.864
roundrobin,83,srv-6:80,114.753
roundrobin,83,srv-6:80,112.332
roundrobin,83,srv-6:80,109.071
roundrobin,83,srv-6:80,111.487
roundrobin,83,srv-6:80,112.674
roundrobin,83,srv-6:80,111.584
roundrobin,83,srv-6:80,110.354
roundrobin,83,srv-6:80,109.835
roundrobin,83,srv-6:80,110.565
roundrobin,83,srv-6:80,111.538
roundrobin,83,srv-6:80,111.318
roundrobin,83,srv-6:80,108.993
roundrobin,83,srv-6:80,110.813
roundrobin,83,srv-6:80,108.868
roundrobin,83,srv-6:80,106.442
roundrobin,83,srv-6:80,107.098
roundrobin,83,srv-6:80,75.781
roundrobin,83,srv-7:80,103.035
roundrobin,83,srv-7:80,112.842
roundrobin,83,srv-7:80,113.839
roundrobin,83,srv-7:80,113.031
roundrobin,83,srv-7:80,114.533
roundrobin,83,srv-7:80,117.137
roundrobin,83,srv-7:80,112.193
roundrobin,83,srv-7:80,108.688
roundrobin,83,srv-7:80,112.502
roundrobin,83,srv-7:80,116.132
roundrobin,83,srv-7:80,118.007
roundrobin,83,srv-7:80,116.925
roundrobin,83,srv-7:80,118.066
roundrobin,83,srv-7:80,117.404
roundrobin,83,srv-7:80,113.505
roundrobin,83,srv-7:80,114.973
roundrobin,83,srv-7:80,114.980
roundrobin,83,srv-7:80,112.495
roundrobin,83,srv-7:80,109.901
roundrobin,83,srv-7:80,111.356
roundrobin,83,srv-7:80,117.577
roundrobin,83,srv-7:80,114.038
roundrobin,83,srv-7:80,113.647
roundrobin,83,srv-7:80,115.573
roundrobin,83,srv-7:80,114.766
roundrobin,83,srv-7:80,113.374
roundrobin,83,srv-7:80,113.175
roundrobin,83,srv-7:80,111.601
roundrobin,83,srv-7:80,109.211
roundrobin,83,srv-7:80,109.738
roundrobin,83,srv-7:80,113.083
roundrobin,83,srv-7:80,114.420
roundrobin,83,srv-7:80,115.720
roundrobin,83,srv-7:80,114.891
roundrobin,83,srv-7:80,112.276
roundrobin,83,srv-7:80,112.340
roundrobin,83,srv-7:80,113.060
roundrobin,83,srv-7:80,112.884
roundrobin,83,srv-7:80,111.644
roundrobin,83,srv-7:80,114.156
roundrobin,83,srv-7:80,112.881
roundrobin,83,srv-7:80,108.451
roundrobin,83,srv-7:80,112.318
roundrobin,83,srv-7:80,112.453
roundrobin,83,srv-7:80,114.713
roundrobin,83,srv-7:80,115.094
roundrobin,83,srv-7:80,113.372
roundrobin,83,srv-7:80,116.049
roundrobin,83,srv-7:80,114.252
roundrobin,83,srv-7:80,113.456
roundrobin,83,srv-7:80,112.642
roundrobin,83,srv-7:80,113.257
roundrobin,83,srv-7:80,118.340
roundrobin,83,srv-7:80,117.553
roundrobin,83,srv-7:80,113.005
roundrobin,83,srv-7:80,112.246
roundrobin,83,srv-7:80,114.563
roundrobin,83,srv-7:80,117.610
roundrobin,83,srv-7:80,115.603
roundrobin,83,srv-7:80,66.133
roundrobin,83,srv-8:80,111.904
roundrobin,83,srv-8:80,114.261
roundrobin,83,srv-8:80,114.550
roundrobin,83,srv-8:80,119.072
roundrobin,83,srv-8:80,123.233
roundrobin,83,srv-8:80,120.557
roundrobin,83,srv-8:80,113.557
roundrobin,83,srv-8:80,111.504
roundrobin,83,srv-8:80,113.048
roundrobin,83,srv-8:80,111.146
roundrobin,83,srv-8:80,113.823
roundrobin,83,srv-8:80,114.974
roundrobin,83,srv-8:80,113.753
roundrobin,83,srv-8:80,115.354
roundrobin,83,srv-8:80,112.860
roundrobin,83,srv-8:80,112.112
roundrobin,83,srv-8:80,110.413
roundrobin,83,srv-8:80,108.394
roundrobin,83,srv-8:80,112.137
roundrobin,83,srv-8:80,113.645
roundrobin,83,srv-8:80,109.840
roundrobin,83,srv-8:80,109.923
roundrobin,83,srv-8:80,113.551
roundrobin,83,srv-8:80,114.023
roundrobin,83,srv-8:80,111.137
roundrobin,83,srv-8:80,112.977
roundrobin,83,srv-8:80,113.854
roundrobin,83,srv-8:80,112.460
roundrobin,83,srv-8:80,115.856
roundrobin,83,srv-8:80,114.022
roundrobin,83,srv-8:80,114.847
roundrobin,83,srv-8:80,115.596
roundrobin,83,srv-8:80,113.981
roundrobin,83,srv-8:80,112.223
roundrobin,83,srv-8:80,110.928
roundrobin,83,srv-8:80,110.692
roundrobin,83,srv-8:80,114.237
roundrobin,83,srv-8:80,114.892
roundrobin,83,srv-8:80,115.464
roundrobin,83,srv-8:80,115.233
roundrobin,83,srv-8:80,112.653
roundrobin,83,srv-8:80,113.656
roundrobin,83,srv-8:80,112.413
roundrobin,83,srv-8:80,109.468
roundrobin,83,srv-8:80,107.860
roundrobin,83,srv-8:80,108.913
roundrobin,83,srv-8:80,117.317
roundrobin,83,srv-8:80,118.437
roundrobin,83,srv-8:80,115.585
roundrobin,83,srv-8:80,116.989
roundrobin,83,srv-8:80,115.901
roundrobin,83,srv-8:80,112.569
roundrobin,83,srv-8:80,111.147
roundrobin,83,srv-8:80,113.693
roundrobin,83,srv-8:80,114.290
roundrobin,83,srv-8:80,111.149
roundrobin,83,srv-8:80,110.154
roundrobin,83,srv-8:80,112.790
roundrobin,83,srv-8:80,109.736
roundrobin,83,srv-8:80,54.415
roundrobin,83,srv-9:80,117.092
roundrobin,83,srv-9:80,117.012
roundrobin,83,srv-9:80,115.929
roundrobin,83,srv-9:80,114.663
roundrobin,83,srv-9:80,112.384
roundrobin,83,srv-9:80,116.778
roundrobin,83,srv-9:80,116.284
roundrobin,83,srv-9:80,113.489
roundrobin,83,srv-9:80,114.353
roundrobin,83,srv-9:80,114.439
roundrobin,83,srv-9:80,115.176
roundrobin,83,srv-9:80,117.473
roundrobin,83,srv-9:80,118.727
roundrobin,83,srv-9:80,118.548
roundrobin,83,srv-9:80,118.362
roundrobin,83,srv-9:80,117.616
roundrobin,83,srv-9:80,116.128
roundrobin,83,srv-9:80,119.031
roundrobin,83,srv-9:80,119.586
roundrobin,83,srv-9:80,117.152
roundrobin,83,srv-9:80,117.563
roundrobin,83,srv-9:80,116.662
roundrobin,83,srv-9:80,115.544
roundrobin,83,srv-9:80,117.402
roundrobin,83,srv-9:80,119.551
roundrobin,83,srv-9:80,117.882
roundrobin,83,srv-9:80,117.984
roundrobin,83,srv-9:80,116.999
roundrobin,83,srv-9:80,114.468
roundrobin,83,srv-9:80,117.181
roundrobin,83,srv-9:80,117.225
roundrobin,83,srv-9:80,115.493
roundrobin,83,srv-9:80,116.641
roundrobin,83,srv-9:80,119.601
roundrobin,83,srv-9:80,118.209
roundrobin,83,srv-9:80,113.919
roundrobin,83,srv-9:80,113.365
roundrobin,83,srv-9:80,117.784
roundrobin,83,srv-9:80,116.411
roundrobin,83,srv-9:80,114.272
roundrobin,83,srv-9:80,117.278
roundrobin,83,srv-9:80,116.758
roundrobin,83,srv-9:80,118.254
roundrobin,83,srv-9:80,119.548
roundrobin,83,srv-9:80,118.766
roundrobin,83,srv-9:80,116.325
roundrobin,83,srv-9:80,115.458
roundrobin,83,srv-9:80,118.971
roundrobin,83,srv-9:80,118.528
roundrobin,83,srv-9:80,114.741
roundrobin,83,srv-9:80,114.662
roundrobin,83,srv-9:80,119.438
roundrobin,83,srv-9:80,118.027
roundrobin,83,srv-9:80,116.780
roundrobin,83,srv-9:80,120.888
roundrobin,83,srv-9:80,116.475
roundrobin,83,srv-9:80,114.620
roundrobin,83,srv-9:80,115.253
roundrobin,83,srv-9:80,115.188
roundrobin,83,srv-9:80,58.976
roundrobin,93,srv-10:80,106.291
roundrobin,93,srv-10:80,128.150
roundrobin,93,srv-10:80,130.720
roundrobin,93,srv-10:80,128.289
roundrobin,93,srv-10:80,130.835
roundrobin,93,srv-10:80,128.315
roundrobin,93,srv-10:80,126.598
roundrobin,93,srv-10:80,127.951
roundrobin,93,srv-10:80,129.001
roundrobin,93,srv-10:80,129.104
roundrobin,93,srv-10:80,126.718
roundrobin,93,srv-10:80,131.293
roundrobin,93,srv-10:80,129.604
roundrobin,93,srv-10:80,125.083
roundrobin,93,srv-10:80,124.344
roundrobin,93,srv-10:80,126.687
roundrobin,93,srv-10:80,127.214
roundrobin,93,srv-10:80,128.413
roundrobin,93,srv-10:80,128.487
roundrobin,93,srv-10:80,126.033
roundrobin,93,srv-10:80,131.667
roundrobin,93,srv-10:80,129.171
roundrobin,93,srv-10:80,126.009
roundrobin,93,srv-10:80,128.210
roundrobin,93,srv-10:80,128.050
roundrobin,93,srv-10:80,126.889
roundrobin,93,srv-10:80,132.476
roundrobin,93,srv-10:80,134.760
roundrobin,93,srv-10:80,128.036
roundrobin,93,srv-10:80,128.142
roundrobin,93,srv-10:80,129.035
roundrobin,93,srv-10:80,128.187
roundrobin,93,srv-10:80,129.061
roundrobin,93,srv-10:80,128.741
roundrobin,93,srv-10:80,129.860
roundrobin,93,srv-10:80,131.610
roundrobin,93,srv-10:80,130.582
roundrobin,93,srv-10:80,131.398
roundrobin,93,srv-10:80,130.808
roundrobin,93,srv-10:80,129.694
roundrobin,93,srv-10:80,132.435
roundrobin,93,srv-10:80,132.141
roundrobin,93,srv-10:80,129.103
roundrobin,93,srv-10:80,129.092
roundrobin,93,srv-10:80,130.155
roundrobin,93,srv-10:80,133.987
roundrobin,93,srv-10:80,133.833
roundrobin,93,srv-10:80,129.425
roundrobin,93,srv-10:80,130.081
roundrobin,93,srv-10:80,132.330
roundrobin,93,srv-10:80,131.843
roundrobin,93,srv-10:80,132.088
roundrobin,93,srv-10:80,129.837
roundrobin,93,srv-10:80,129.989
roundrobin,93,srv-10:80,131.690
roundrobin,93,srv-10:80,128.618
roundrobin,93,srv-10:80,131.150
roundrobin,93,srv-10:80,129.583
roundrobin,93,srv-10:80,123.957
roundrobin,93,srv-10:80,84.930
roundrobin,93,srv-1:80,104.804
roundrobin,93,srv-1:80,120.604
roundrobin,93,srv-1:80,120.223
roundrobin,93,srv-1:80,119.248
roundrobin,93,srv-1:80,122.493
roundrobin,93,srv-1:80,123.209
roundrobin,93,srv-1:80,121.763
roundrobin,93,srv-1:80,120.398
roundrobin,93,srv-1:80,120.646
roundrobin,93,srv-1:80,122.952
roundrobin,93,srv-1:80,122.316
roundrobin,93,srv-1:80,122.096
roundrobin,93,srv-1:80,123.240
roundrobin,93,srv-1:80,123.675
roundrobin,93,srv-1:80,123.550
roundrobin,93,srv-1:80,121.427
roundrobin,93,srv-1:80,118.148
roundrobin,93,srv-1:80,120.810
roundrobin,93,srv-1:80,120.184
roundrobin,93,srv-1:80,120.809
roundrobin,93,srv-1:80,123.312
roundrobin,93,srv-1:80,120.359
roundrobin,93,srv-1:80,121.003
roundrobin,93,srv-1:80,121.695
roundrobin,93,srv-1:80,121.115
roundrobin,93,srv-1:80,118.208
roundrobin,93,srv-1:80,117.143
roundrobin,93,srv-1:80,118.797
roundrobin,93,srv-1:80,119.770
roundrobin,93,srv-1:80,119.700
roundrobin,93,srv-1:80,118.835
roundrobin,93,srv-1:80,117.785
roundrobin,93,srv-1:80,120.178
roundrobin,93,srv-1:80,123.161
roundrobin,93,srv-1:80,122.190
roundrobin,93,srv-1:80,119.705
roundrobin,93,srv-1:80,121.012
roundrobin,93,srv-1:80,122.184
roundrobin,93,srv-1:80,120.827
roundrobin,93,srv-1:80,120.280
roundrobin,93,srv-1:80,120.059
roundrobin,93,srv-1:80,119.624
roundrobin,93,srv-1:80,120.642
roundrobin,93,srv-1:80,120.435
roundrobin,93,srv-1:80,119.345
roundrobin,93,srv-1:80,122.399
roundrobin,93,srv-1:80,122.459
roundrobin,93,srv-1:80,121.665
roundrobin,93,srv-1:80,122.740
roundrobin,93,srv-1:80,121.537
roundrobin,93,srv-1:80,121.229
roundrobin,93,srv-1:80,124.010
roundrobin,93,srv-1:80,121.667
roundrobin,93,srv-1:80,121.196
roundrobin,93,srv-1:80,127.953
roundrobin,93,srv-1:80,123.214
roundrobin,93,srv-1:80,117.006
roundrobin,93,srv-1:80,121.575
roundrobin,93,srv-1:80,122.035
roundrobin,93,srv-1:80,74.903
roundrobin,93,srv-2:80,106.318
roundrobin,93,srv-2:80,119.095
roundrobin,93,srv-2:80,118.741
roundrobin,93,srv-2:80,122.439
roundrobin,93,srv-2:80,123.841
roundrobin,93,srv-2:80,124.166
roundrobin,93,srv-2:80,124.179
roundrobin,93,srv-2:80,123.511
roundrobin,93,srv-2:80,121.290
roundrobin,93,srv-2:80,120.240
roundrobin,93,srv-2:80,120.308
roundrobin,93,srv-2:80,120.862
roundrobin,93,srv-2:80,118.578
roundrobin,93,srv-2:80,119.953
roundrobin,93,srv-2:80,123.414
roundrobin,93,srv-2:80,120.760
roundrobin,93,srv-2:80,120.799
roundrobin,93,srv-2:80,119.196
roundrobin,93,srv-2:80,120.739
roundrobin,93,srv-2:80,124.212
roundrobin,93,srv-2:80,121.857
roundrobin,93,srv-2:80,120.621
roundrobin,93,srv-2:80,120.300
roundrobin,93,srv-2:80,120.559
roundrobin,93,srv-2:80,119.604
roundrobin,93,srv-2:80,116.102
roundrobin,93,srv-2:80,116.895
roundrobin,93,srv-2:80,121.777
roundrobin,93,srv-2:80,123.497
roundrobin,93,srv-2:80,125.121
roundrobin,93,srv-2:80,123.634
roundrobin,93,srv-2:80,119.597
roundrobin,93,srv-2:80,120.862
roundrobin,93,srv-2:80,121.610
roundrobin,93,srv-2:80,120.363
roundrobin,93,srv-2:80,119.282
roundrobin,93,srv-2:80,117.464
roundrobin,93,srv-2:80,117.090
roundrobin,93,srv-2:80,121.207
roundrobin,93,srv-2:80,122.508
roundrobin,93,srv-2:80,122.639
roundrobin,93,srv-2:80,120.539
roundrobin,93,srv-2:80,118.229
roundrobin,93,srv-2:80,123.186
roundrobin,93,srv-2:80,123.058
roundrobin,93,srv-2:80,118.553
roundrobin,93,srv-2:80,120.547
roundrobin,93,srv-2:80,123.047
roundrobin,93,srv-2:80,122.055
roundrobin,93,srv-2:80,121.456
roundrobin,93,srv-2:80,120.560
roundrobin,93,srv-2:80,121.341
roundrobin,93,srv-2:80,122.676
roundrobin,93,srv-2:80,122.105
roundrobin,93,srv-2:80,119.346
roundrobin,93,srv-2:80,121.318
roundrobin,93,srv-2:80,124.010
roundrobin,93,srv-2:80,124.215
roundrobin,93,srv-2:80,123.190
roundrobin,93,srv-2:80,75.579
roundrobin,93,srv-3:80,124.261
roundrobin,93,srv-3:80,117.838
roundrobin,93,srv-3:80,118.564
roundrobin,93,srv-3:80,124.127
roundrobin,93,srv-3:80,122.195
roundrobin,93,srv-3:80,121.235
roundrobin,93,srv-3:80,122.496
roundrobin,93,srv-3:80,121.778
roundrobin,93,srv-3:80,123.798
roundrobin,93,srv-3:80,119.515
roundrobin,93,srv-3:80,118.753
roundrobin,93,srv-3:80,120.820
roundrobin,93,srv-3:80,122.130
roundrobin,93,srv-3:80,124.624
roundrobin,93,srv-3:80,124.643
roundrobin,93,srv-3:80,121.125
roundrobin,93,srv-3:80,123.211
roundrobin,93,srv-3:80,126.478
roundrobin,93,srv-3:80,122.086
roundrobin,93,srv-3:80,121.294
roundrobin,93,srv-3:80,122.973
roundrobin,93,srv-3:80,122.401
roundrobin,93,srv-3:80,126.796
roundrobin,93,srv-3:80,127.161
roundrobin,93,srv-3:80,121.460
roundrobin,93,srv-3:80,119.718
roundrobin,93,srv-3:80,118.792
roundrobin,93,srv-3:80,120.955
roundrobin,93,srv-3:80,123.031
roundrobin,93,srv-3:80,122.063
roundrobin,93,srv-3:80,119.980
roundrobin,93,srv-3:80,121.094
roundrobin,93,srv-3:80,125.295
roundrobin,93,srv-3:80,122.698
roundrobin,93,srv-3:80,120.187
roundrobin,93,srv-3:80,120.979
roundrobin,93,srv-3:80,121.057
roundrobin,93,srv-3:80,123.324
roundrobin,93,srv-3:80,123.826
roundrobin,93,srv-3:80,125.471
roundrobin,93,srv-3:80,121.663
roundrobin,93,srv-3:80,117.105
roundrobin,93,srv-3:80,120.901
roundrobin,93,srv-3:80,121.744
roundrobin,93,srv-3:80,123.781
roundrobin,93,srv-3:80,124.813
roundrobin,93,srv-3:80,120.730
roundrobin,93,srv-3:80,121.131
roundrobin,93,srv-3:80,119.417
roundrobin,93,srv-3:80,119.304
roundrobin,93,srv-3:80,118.665
roundrobin,93,srv-3:80,120.147
roundrobin,93,srv-3:80,123.836
roundrobin,93,srv-3:80,122.626
roundrobin,93,srv-3:80,123.247
roundrobin,93,srv-3:80,122.076
roundrobin,93,srv-3:80,120.994
roundrobin,93,srv-3:80,122.113
roundrobin,93,srv-3:80,112.030
roundrobin,93,srv-3:80,50.729
roundrobin,93,srv-4:80,115.415
roundrobin,93,srv-4:80,120.637
roundrobin,93,srv-4:80,114.919
roundrobin,93,srv-4:80,114.139
roundrobin,93,srv-4:80,115.426
roundrobin,93,srv-4:80,120.808
roundrobin,93,srv-4:80,125.423
roundrobin,93,srv-4:80,124.123
roundrobin,93,srv-4:80,120.911
roundrobin,93,srv-4:80,121.624
roundrobin,93,srv-4:80,121.739
roundrobin,93,srv-4:80,121.825
roundrobin,93,srv-4:80,122.049
roundrobin,93,srv-4:80,123.643
roundrobin,93,srv-4:80,122.001
roundrobin,93,srv-4:80,120.716
roundrobin,93,srv-4:80,122.905
roundrobin,93,srv-4:80,123.679
roundrobin,93,srv-4:80,123.258
roundrobin,93,srv-4:80,122.316
roundrobin,93,srv-4:80,119.092
roundrobin,93,srv-4:80,116.113
roundrobin,93,srv-4:80,119.757
roundrobin,93,srv-4:80,119.716
roundrobin,93,srv-4:80,119.706
roundrobin,93,srv-4:80,121.360
roundrobin,93,srv-4:80,122.789
roundrobin,93,srv-4:80,124.371
roundrobin,93,srv-4:80,122.606
roundrobin,93,srv-4:80,123.399
roundrobin,93,srv-4:80,122.365
roundrobin,93,srv-4:80,120.896
roundrobin,93,srv-4:80,123.632
roundrobin,93,srv-4:80,121.083
roundrobin,93,srv-4:80,119.224
roundrobin,93,srv-4:80,121.615
roundrobin,93,srv-4:80,119.891
roundrobin,93,srv-4:80,119.195
roundrobin,93,srv-4:80,119.557
roundrobin,93,srv-4:80,120.731
roundrobin,93,srv-4:80,123.010
roundrobin,93,srv-4:80,125.149
roundrobin,93,srv-4:80,125.496
roundrobin,93,srv-4:80,123.885
roundrobin,93,srv-4:80,120.840
roundrobin,93,srv-4:80,116.096
roundrobin,93,srv-4:80,119.993
roundrobin,93,srv-4:80,123.652
roundrobin,93,srv-4:80,122.009
roundrobin,93,srv-4:80,120.102
roundrobin,93,srv-4:80,118.353
roundrobin,93,srv-4:80,121.031
roundrobin,93,srv-4:80,122.967
roundrobin,93,srv-4:80,120.131
roundrobin,93,srv-4:80,121.410
roundrobin,93,srv-4:80,122.011
roundrobin,93,srv-4:80,120.998
roundrobin,93,srv-4:80,121.616
roundrobin,93,srv-4:80,121.986
roundrobin,93,srv-4:80,71.317
roundrobin,93,srv-5:80,109.371
roundrobin,93,srv-5:80,124.641
roundrobin,93,srv-5:80,124.391
roundrobin,93,srv-5:80,122.482
roundrobin,93,srv-5:80,123.871
roundrobin,93,srv-5:80,125.958
roundrobin,93,srv-5:80,128.169
roundrobin,93,srv-5:80,130.265
roundrobin,93,srv-5:80,128.417
roundrobin,93,srv-5:80,125.302
roundrobin,93,srv-5:80,121.987
roundrobin,93,srv-5:80,122.524
roundrobin,93,srv-5:80,123.521
roundrobin,93,srv-5:80,122.235
roundrobin,93,srv-5:80,123.982
roundrobin,93,srv-5:80,124.166
roundrobin,93,srv-5:80,125.603
roundrobin,93,srv-5:80,124.900
roundrobin,93,srv-5:80,125.183
roundrobin,93,srv-5:80,126.063
roundrobin,93,srv-5:80,125.351
roundrobin,93,srv-5:80,122.844
roundrobin,93,srv-5:80,121.894
roundrobin,93,srv-5:80,122.815
roundrobin,93,srv-5:80,123.705
roundrobin,93,srv-5:80,119.066
roundrobin,93,srv-5:80,117.694
roundrobin,93,srv-5:80,121.119
roundrobin,93,srv-5:80,123.748
roundrobin,93,srv-5:80,124.915
roundrobin,93,srv-5:80,127.234
roundrobin,93,srv-5:80,125.429
roundrobin,93,srv-5:80,123.622
roundrobin,93,srv-5:80,124.770
roundrobin,93,srv-5:80,125.582
roundrobin,93,srv-5:80,127.314
roundrobin,93,srv-5:80,122.140
roundrobin,93,srv-5:80,118.067
roundrobin,93,srv-5:80,120.019
roundrobin,93,srv-5:80,118.349
roundrobin,93,srv-5:80,121.068
roundrobin,93,srv-5:80,125.385
roundrobin,93,srv-5:80,127.228
roundrobin,93,srv-5:80,128.703
roundrobin,93,srv-5:80,126.998
roundrobin,93,srv-5:80,125.824
roundrobin,93,srv-5:80,124.296
roundrobin,93,srv-5:80,122.451
roundrobin,93,srv-5:80,120.291
roundrobin,93,srv-5:80,122.969
roundrobin,93,srv-5:80,124.376
roundrobin,93,srv-5:80,121.965
roundrobin,93,srv-5:80,121.905
roundrobin,93,srv-5:80,123.432
roundrobin,93,srv-5:80,123.026
roundrobin,93,srv-5:80,125.936
roundrobin,93,srv-5:80,126.246
roundrobin,93,srv-5:80,122.392
roundrobin,93,srv-5:80,123.696
roundrobin,93,srv-5:80,75.886
roundrobin,93,srv-6:80,92.189
roundrobin,93,srv-6:80,123.528
roundrobin,93,srv-6:80,126.261
roundrobin,93,srv-6:80,126.655
roundrobin,93,srv-6:80,123.309
roundrobin,93,srv-6:80,124.109
roundrobin,93,srv-6:80,122.423
roundrobin,93,srv-6:80,120.167
roundrobin,93,srv-6:80,120.691
roundrobin,93,srv-6:80,120.840
roundrobin,93,srv-6:80,123.292
roundrobin,93,srv-6:80,124.021
roundrobin,93,srv-6:80,125.264
roundrobin,93,srv-6:80,124.518
roundrobin,93,srv-6:80,122.158
roundrobin,93,srv-6:80,127.398
roundrobin,93,srv-6:80,130.254
roundrobin,93,srv-6:80,127.463
roundrobin,93,srv-6:80,126.457
roundrobin,93,srv-6:80,123.342
roundrobin,93,srv-6:80,122.568
roundrobin,93,srv-6:80,124.482
roundrobin,93,srv-6:80,127.989
roundrobin,93,srv-6:80,127.738
roundrobin,93,srv-6:80,120.468
roundrobin,93,srv-6:80,118.354
roundrobin,93,srv-6:80,121.638
roundrobin,93,srv-6:80,123.038
roundrobin,93,srv-6:80,126.228
roundrobin,93,srv-6:80,125.994
roundrobin,93,srv-6:80,123.764
roundrobin,93,srv-6:80,119.061
roundrobin,93,srv-6:80,121.600
roundrobin,93,srv-6:80,125.503
roundrobin,93,srv-6:80,123.001
roundrobin,93,srv-6:80,121.654
roundrobin,93,srv-6:80,122.796
roundrobin,93,srv-6:80,125.749
roundrobin,93,srv-6:80,129.697
roundrobin,93,srv-6:80,125.798
roundrobin,93,srv-6:80,122.431
roundrobin,93,srv-6:80,124.894
roundrobin,93,srv-6:80,124.597
roundrobin,93,srv-6:80,123.551
roundrobin,93,srv-6:80,124.086
roundrobin,93,srv-6:80,124.605
roundrobin,93,srv-6:80,124.168
roundrobin,93,srv-6:80,123.819
roundrobin,93,srv-6:80,126.933
roundrobin,93,srv-6:80,126.877
roundrobin,93,srv-6:80,120.987
roundrobin,93,srv-6:80,121.392
roundrobin,93,srv-6:80,125.244
roundrobin,93,srv-6:80,123.198
roundrobin,93,srv-6:80,120.041
roundrobin,93,srv-6:80,120.085
roundrobin,93,srv-6:80,120.705
roundrobin,93,srv-6:80,123.042
roundrobin,93,srv-6:80,128.380
roundrobin,93,srv-6:80,93.936
roundrobin,93,srv-7:80,109.229
roundrobin,93,srv-7:80,128.532
roundrobin,93,srv-7:80,129.639
roundrobin,93,srv-7:80,127.122
roundrobin,93,srv-7:80,125.768
roundrobin,93,srv-7:80,123.588
roundrobin,93,srv-7:80,122.892
roundrobin,93,srv-7:80,128.183
roundrobin,93,srv-7:80,131.251
roundrobin,93,srv-7:80,132.349
roundrobin,93,srv-7:80,126.911
roundrobin,93,srv-7:80,126.300
roundrobin,93,srv-7:80,129.263
roundrobin,93,srv-7:80,127.967
roundrobin,93,srv-7:80,128.657
roundrobin,93,srv-7:80,127.780
roundrobin,93,srv-7:80,126.545
roundrobin,93,srv-7:80,129.807
roundrobin,93,srv-7:80,131.268
roundrobin,93,srv-7:80,129.016
roundrobin,93,srv-7:80,126.149
roundrobin,93,srv-7:80,126.211
roundrobin,93,srv-7:80,129.775
roundrobin,93,srv-7:80,130.774
roundrobin,93,srv-7:80,133.097
roundrobin,93,srv-7:80,129.694
roundrobin,93,srv-7:80,125.997
roundrobin,93,srv-7:80,127.456
roundrobin,93,srv-7:80,131.149
roundrobin,93,srv-7:80,132.745
roundrobin,93,srv-7:80,130.240
roundrobin,93,srv-7:80,129.868
roundrobin,93,srv-7:80,127.202
roundrobin,93,srv-7:80,128.053
roundrobin,93,srv-7:80,131.240
roundrobin,93,srv-7:80,130.646
roundrobin,93,srv-7:80,131.977
roundrobin,93,srv-7:80,130.549
roundrobin,93,srv-7:80,129.952
roundrobin,93,srv-7:80,127.592
roundrobin,93,srv-7:80,128.428
roundrobin,93,srv-7:80,130.424
roundrobin,93,srv-7:80,126.759
roundrobin,93,srv-7:80,126.728
roundrobin,93,srv-7:80,127.839
roundrobin,93,srv-7:80,127.910
roundrobin,93,srv-7:80,128.545
roundrobin,93,srv-7:80,126.664
roundrobin,93,srv-7:80,126.556
roundrobin,93,srv-7:80,127.625
roundrobin,93,srv-7:80,129.533
roundrobin,93,srv-7:80,129.223
roundrobin,93,srv-7:80,129.434
roundrobin,93,srv-7:80,129.924
roundrobin,93,srv-7:80,129.547
roundrobin,93,srv-7:80,127.813
roundrobin,93,srv-7:80,125.926
roundrobin,93,srv-7:80,124.764
roundrobin,93,srv-7:80,125.468
roundrobin,93,srv-7:80,79.949
roundrobin,93,srv-8:80,123.153
roundrobin,93,srv-8:80,125.927
roundrobin,93,srv-8:80,127.539
roundrobin,93,srv-8:80,128.896
roundrobin,93,srv-8:80,128.730
roundrobin,93,srv-8:80,124.392
roundrobin,93,srv-8:80,123.352
roundrobin,93,srv-8:80,125.362
roundrobin,93,srv-8:80,125.357
roundrobin,93,srv-8:80,128.247
roundrobin,93,srv-8:80,125.330
roundrobin,93,srv-8:80,126.245
roundrobin,93,srv-8:80,127.814
roundrobin,93,srv-8:80,128.549
roundrobin,93,srv-8:80,127.992
roundrobin,93,srv-8:80,125.107
roundrobin,93,srv-8:80,129.175
roundrobin,93,srv-8:80,129.628
roundrobin,93,srv-8:80,127.929
roundrobin,93,srv-8:80,126.780
roundrobin,93,srv-8:80,127.994
roundrobin,93,srv-8:80,129.825
roundrobin,93,srv-8:80,134.037
roundrobin,93,srv-8:80,129.956
roundrobin,93,srv-8:80,124.919
roundrobin,93,srv-8:80,127.147
roundrobin,93,srv-8:80,127.149
roundrobin,93,srv-8:80,125.588
roundrobin,93,srv-8:80,124.136
roundrobin,93,srv-8:80,127.081
roundrobin,93,srv-8:80,128.096
roundrobin,93,srv-8:80,128.003
roundrobin,93,srv-8:80,129.969
roundrobin,93,srv-8:80,130.209
roundrobin,93,srv-8:80,128.780
roundrobin,93,srv-8:80,128.565
roundrobin,93,srv-8:80,127.288
roundrobin,93,srv-8:80,125.487
roundrobin,93,srv-8:80,127.879
roundrobin,93,srv-8:80,126.061
roundrobin,93,srv-8:80,126.988
roundrobin,93,srv-8:80,127.629
roundrobin,93,srv-8:80,124.731
roundrobin,93,srv-8:80,125.850
roundrobin,93,srv-8:80,129.204
roundrobin,93,srv-8:80,127.598
roundrobin,93,srv-8:80,126.208
roundrobin,93,srv-8:80,125.785
roundrobin,93,srv-8:80,130.213
roundrobin,93,srv-8:80,128.647
roundrobin,93,srv-8:80,123.666
roundrobin,93,srv-8:80,124.588
roundrobin,93,srv-8:80,124.975
roundrobin,93,srv-8:80,125.487
roundrobin,93,srv-8:80,128.725
roundrobin,93,srv-8:80,129.217
roundrobin,93,srv-8:80,127.908
roundrobin,93,srv-8:80,127.921
roundrobin,93,srv-8:80,125.132
roundrobin,93,srv-8:80,65.062
roundrobin,93,srv-9:80,121.423
roundrobin,93,srv-9:80,128.321
roundrobin,93,srv-9:80,128.088
roundrobin,93,srv-9:80,128.147
roundrobin,93,srv-9:80,132.268
roundrobin,93,srv-9:80,129.774
roundrobin,93,srv-9:80,128.963
roundrobin,93,srv-9:80,129.854
roundrobin,93,srv-9:80,126.667
roundrobin,93,srv-9:80,130.088
roundrobin,93,srv-9:80,129.795
roundrobin,93,srv-9:80,127.830
roundrobin,93,srv-9:80,127.351
roundrobin,93,srv-9:80,126.178
roundrobin,93,srv-9:80,132.013
roundrobin,93,srv-9:80,138.992
roundrobin,93,srv-9:80,133.480
roundrobin,93,srv-9:80,129.562
roundrobin,93,srv-9:80,132.005
roundrobin,93,srv-9:80,130.388
roundrobin,93,srv-9:80,128.824
roundrobin,93,srv-9:80,128.595
roundrobin,93,srv-9:80,130.263
roundrobin,93,srv-9:80,130.458
roundrobin,93,srv-9:80,125.960
roundrobin,93,srv-9:80,124.544
roundrobin,93,srv-9:80,127.082
roundrobin,93,srv-9:80,127.664
roundrobin,93,srv-9:80,128.293
roundrobin,93,srv-9:80,129.713
roundrobin,93,srv-9:80,128.226
roundrobin,93,srv-9:80,126.368
roundrobin,93,srv-9:80,127.671
roundrobin,93,srv-9:80,129.687
roundrobin,93,srv-9:80,129.080
roundrobin,93,srv-9:80,127.823
roundrobin,93,srv-9:80,132.454
roundrobin,93,srv-9:80,130.627
roundrobin,93,srv-9:80,129.221
roundrobin,93,srv-9:80,132.834
roundrobin,93,srv-9:80,130.402
roundrobin,93,srv-9:80,131.256
roundrobin,93,srv-9:80,131.160
roundrobin,93,srv-9:80,129.310
roundrobin,93,srv-9:80,129.946
roundrobin,93,srv-9:80,129.829
roundrobin,93,srv-9:80,129.962
roundrobin,93,srv-9:80,130.705
roundrobin,93,srv-9:80,128.670
roundrobin,93,srv-9:80,128.548
roundrobin,93,srv-9:80,132.077
roundrobin,93,srv-9:80,138.908
roundrobin,93,srv-9:80,133.062
roundrobin,93,srv-9:80,123.698
roundrobin,93,srv-9:80,127.286
roundrobin,93,srv-9:80,127.141
roundrobin,93,srv-9:80,131.459
roundrobin,93,srv-9:80,136.139
roundrobin,93,srv-9:80,132.054
roundrobin,93,srv-9:80,72.773
roundrobin,103,srv-10:80,139.812
roundrobin,103,srv-10:80,138.807
roundrobin,103,srv-10:80,138.630
roundrobin,103,srv-10:80,138.287
roundrobin,103,srv-10:80,143.151
roundrobin,103,srv-10:80,156.978
roundrobin,103,srv-10:80,151.264
roundrobin,103,srv-10:80,138.924
roundrobin,103,srv-10:80,139.148
roundrobin,103,srv-10:80,133.573
roundrobin,103,srv-10:80,140.445
roundrobin,103,srv-10:80,155.569
roundrobin,103,srv-10:80,140.827
roundrobin,103,srv-10:80,133.772
roundrobin,103,srv-10:80,168.153
roundrobin,103,srv-10:80,143.975
roundrobin,103,srv-10:80,121.125
roundrobin,103,srv-10:80,145.087
roundrobin,103,srv-10:80,141.875
roundrobin,103,srv-10:80,139.664
roundrobin,103,srv-10:80,142.427
roundrobin,103,srv-10:80,143.678
roundrobin,103,srv-10:80,144.694
roundrobin,103,srv-10:80,136.827
roundrobin,103,srv-10:80,134.029
roundrobin,103,srv-10:80,141.510
roundrobin,103,srv-10:80,143.449
roundrobin,103,srv-10:80,137.532
roundrobin,103,srv-10:80,135.945
roundrobin,103,srv-10:80,139.825
roundrobin,103,srv-10:80,140.327
roundrobin,103,srv-10:80,140.313
roundrobin,103,srv-10:80,141.853
roundrobin,103,srv-10:80,146.294
roundrobin,103,srv-10:80,146.369
roundrobin,103,srv-10:80,143.135
roundrobin,103,srv-10:80,143.066
roundrobin,103,srv-10:80,142.869
roundrobin,103,srv-10:80,139.868
roundrobin,103,srv-10:80,144.909
roundrobin,103,srv-10:80,142.540
roundrobin,103,srv-10:80,138.946
roundrobin,103,srv-10:80,145.540
roundrobin,103,srv-10:80,143.272
roundrobin,103,srv-10:80,142.126
roundrobin,103,srv-10:80,143.794
roundrobin,103,srv-10:80,141.024
roundrobin,103,srv-10:80,143.930
roundrobin,103,srv-10:80,172.919
roundrobin,103,srv-10:80,147.596
roundrobin,103,srv-10:80,111.422
roundrobin,103,srv-10:80,135.614
roundrobin,103,srv-10:80,145.025
roundrobin,103,srv-10:80,138.232
roundrobin,103,srv-10:80,138.414
roundrobin,103,srv-10:80,141.194
roundrobin,103,srv-10:80,138.296
roundrobin,103,srv-10:80,141.355
roundrobin,103,srv-10:80,127.988
roundrobin,103,srv-10:80,56.411
roundrobin,103,srv-1:80,132.006
roundrobin,103,srv-1:80,131.217
roundrobin,103,srv-1:80,135.908
roundrobin,103,srv-1:80,136.851
roundrobin,103,srv-1:80,137.839
roundrobin,103,srv-1:80,136.485
roundrobin,103,srv-1:80,137.206
roundrobin,103,srv-1:80,136.094
roundrobin,103,srv-1:80,132.173
roundrobin,103,srv-1:80,130.685
roundrobin,103,srv-1:80,132.198
roundrobin,103,srv-1:80,135.428
roundrobin,103,srv-1:80,134.840
roundrobin,103,srv-1:80,130.720
roundrobin,103,srv-1:80,129.201
roundrobin,103,srv-1:80,132.212
roundrobin,103,srv-1:80,134.538
roundrobin,103,srv-1:80,134.366
roundrobin,103,srv-1:80,139.887
roundrobin,103,srv-1:80,138.911
roundrobin,103,srv-1:80,131.780
roundrobin,103,srv-1:80,131.757
roundrobin,103,srv-1:80,134.396
roundrobin,103,srv-1:80,133.125
roundrobin,103,srv-1:80,134.162
roundrobin,103,srv-1:80,136.008
roundrobin,103,srv-1:80,134.621
roundrobin,103,srv-1:80,135.643
roundrobin,103,srv-1:80,136.765
roundrobin,103,srv-1:80,139.536
roundrobin,103,srv-1:80,135.954
roundrobin,103,srv-1:80,133.170
roundrobin,103,srv-1:80,136.296
roundrobin,103,srv-1:80,137.735
roundrobin,103,srv-1:80,134.271
roundrobin,103,srv-1:80,134.308
roundrobin,103,srv-1:80,137.312
roundrobin,103,srv-1:80,134.057
roundrobin,103,srv-1:80,133.912
roundrobin,103,srv-1:80,132.743
roundrobin,103,srv-1:80,128.794
roundrobin,103,srv-1:80,132.660
roundrobin,103,srv-1:80,138.716
roundrobin,103,srv-1:80,137.000
roundrobin,103,srv-1:80,136.496
roundrobin,103,srv-1:80,136.652
roundrobin,103,srv-1:80,135.531
roundrobin,103,srv-1:80,134.690
roundrobin,103,srv-1:80,131.611
roundrobin,103,srv-1:80,132.758
roundrobin,103,srv-1:80,133.226
roundrobin,103,srv-1:80,134.706
roundrobin,103,srv-1:80,134.602
roundrobin,103,srv-1:80,132.897
roundrobin,103,srv-1:80,136.774
roundrobin,103,srv-1:80,135.919
roundrobin,103,srv-1:80,135.851
roundrobin,103,srv-1:80,138.123
roundrobin,103,srv-1:80,111.827
roundrobin,103,srv-1:80,43.048
roundrobin,103,srv-2:80,134.181
roundrobin,103,srv-2:80,133.782
roundrobin,103,srv-2:80,136.851
roundrobin,103,srv-2:80,140.785
roundrobin,103,srv-2:80,139.487
roundrobin,103,srv-2:80,136.451
roundrobin,103,srv-2:80,136.372
roundrobin,103,srv-2:80,135.502
roundrobin,103,srv-2:80,137.908
roundrobin,103,srv-2:80,140.090
roundrobin,103,srv-2:80,132.865
roundrobin,103,srv-2:80,132.298
roundrobin,103,srv-2:80,133.642
roundrobin,103,srv-2:80,131.955
roundrobin,103,srv-2:80,134.058
roundrobin,103,srv-2:80,134.236
roundrobin,103,srv-2:80,133.979
roundrobin,103,srv-2:80,138.231
roundrobin,103,srv-2:80,138.049
roundrobin,103,srv-2:80,136.750
roundrobin,103,srv-2:80,138.161
roundrobin,103,srv-2:80,135.123
roundrobin,103,srv-2:80,133.527
roundrobin,103,srv-2:80,131.360
roundrobin,103,srv-2:80,130.727
roundrobin,103,srv-2:80,135.013
roundrobin,103,srv-2:80,134.333
roundrobin,103,srv-2:80,130.664
roundrobin,103,srv-2:80,130.277
roundrobin,103,srv-2:80,131.168
roundrobin,103,srv-2:80,135.926
roundrobin,103,srv-2:80,137.937
roundrobin,103,srv-2:80,133.713
roundrobin,103,srv-2:80,136.235
roundrobin,103,srv-2:80,136.790
roundrobin,103,srv-2:80,133.714
roundrobin,103,srv-2:80,132.662
roundrobin,103,srv-2:80,132.567
roundrobin,103,srv-2:80,134.961
roundrobin,103,srv-2:80,135.035
roundrobin,103,srv-2:80,135.333
roundrobin,103,srv-2:80,133.770
roundrobin,103,srv-2:80,132.338
roundrobin,103,srv-2:80,130.254
roundrobin,103,srv-2:80,127.476
roundrobin,103,srv-2:80,129.528
roundrobin,103,srv-2:80,131.020
roundrobin,103,srv-2:80,136.620
roundrobin,103,srv-2:80,139.786
roundrobin,103,srv-2:80,134.357
roundrobin,103,srv-2:80,133.229
roundrobin,103,srv-2:80,135.374
roundrobin,103,srv-2:80,134.224
roundrobin,103,srv-2:80,132.702
roundrobin,103,srv-2:80,134.618
roundrobin,103,srv-2:80,135.642
roundrobin,103,srv-2:80,133.704
roundrobin,103,srv-2:80,136.697
roundrobin,103,srv-2:80,114.019
roundrobin,103,srv-2:80,43.882
roundrobin,103,srv-3:80,117.743
roundrobin,103,srv-3:80,133.491
roundrobin,103,srv-3:80,133.893
roundrobin,103,srv-3:80,137.038
roundrobin,103,srv-3:80,136.667
roundrobin,103,srv-3:80,136.825
roundrobin,103,srv-3:80,139.530
roundrobin,103,srv-3:80,130.995
roundrobin,103,srv-3:80,129.315
roundrobin,103,srv-3:80,134.164
roundrobin,103,srv-3:80,134.587
roundrobin,103,srv-3:80,136.939
roundrobin,103,srv-3:80,135.241
roundrobin,103,srv-3:80,134.306
roundrobin,103,srv-3:80,134.434
roundrobin,103,srv-3:80,136.535
roundrobin,103,srv-3:80,135.788
roundrobin,103,srv-3:80,134.029
roundrobin,103,srv-3:80,132.141
roundrobin,103,srv-3:80,129.543
roundrobin,103,srv-3:80,132.390
roundrobin,103,srv-3:80,130.683
roundrobin,103,srv-3:80,131.801
roundrobin,103,srv-3:80,132.534
roundrobin,103,srv-3:80,129.409
roundrobin,103,srv-3:80,133.687
roundrobin,103,srv-3:80,137.197
roundrobin,103,srv-3:80,135.867
roundrobin,103,srv-3:80,134.864
roundrobin,103,srv-3:80,133.189
roundrobin,103,srv-3:80,133.348
roundrobin,103,srv-3:80,137.461
roundrobin,103,srv-3:80,139.174
roundrobin,103,srv-3:80,135.935
roundrobin,103,srv-3:80,133.219
roundrobin,103,srv-3:80,132.548
roundrobin,103,srv-3:80,134.212
roundrobin,103,srv-3:80,131.015
roundrobin,103,srv-3:80,133.224
roundrobin,103,srv-3:80,137.733
roundrobin,103,srv-3:80,133.466
roundrobin,103,srv-3:80,133.140
roundrobin,103,srv-3:80,135.853
roundrobin,103,srv-3:80,136.898
roundrobin,103,srv-3:80,135.722
roundrobin,103,srv-3:80,136.354
roundrobin,103,srv-3:80,135.175
roundrobin,103,srv-3:80,137.249
roundrobin,103,srv-3:80,138.300
roundrobin,103,srv-3:80,134.226
roundrobin,103,srv-3:80,131.624
roundrobin,103,srv-3:80,130.450
roundrobin,103,srv-3:80,133.238
roundrobin,103,srv-3:80,134.394
roundrobin,103,srv-3:80,134.296
roundrobin,103,srv-3:80,135.383
roundrobin,103,srv-3:80,132.033
roundrobin,103,srv-3:80,132.393
roundrobin,103,srv-3:80,134.398
roundrobin,103,srv-3:80,82.023
roundrobin,103,srv-4:80,134.848
roundrobin,103,srv-4:80,129.920
roundrobin,103,srv-4:80,128.449
roundrobin,103,srv-4:80,134.146
roundrobin,103,srv-4:80,137.544
roundrobin,103,srv-4:80,138.154
roundrobin,103,srv-4:80,133.613
roundrobin,103,srv-4:80,131.073
roundrobin,103,srv-4:80,135.769
roundrobin,103,srv-4:80,137.888
roundrobin,103,srv-4:80,135.648
roundrobin,103,srv-4:80,133.451
roundrobin,103,srv-4:80,134.695
roundrobin,103,srv-4:80,137.211
roundrobin,103,srv-4:80,137.834
roundrobin,103,srv-4:80,136.033
roundrobin,103,srv-4:80,132.192
roundrobin,103,srv-4:80,131.645
roundrobin,103,srv-4:80,131.114
roundrobin,103,srv-4:80,130.382
roundrobin,103,srv-4:80,133.104
roundrobin,103,srv-4:80,135.879
roundrobin,103,srv-4:80,137.227
roundrobin,103,srv-4:80,136.116
roundrobin,103,srv-4:80,136.056
roundrobin,103,srv-4:80,136.174
roundrobin,103,srv-4:80,137.010
roundrobin,103,srv-4:80,138.004
roundrobin,103,srv-4:80,136.526
roundrobin,103,srv-4:80,136.557
roundrobin,103,srv-4:80,136.688
roundrobin,103,srv-4:80,134.604
roundrobin,103,srv-4:80,132.919
roundrobin,103,srv-4:80,134.388
roundrobin,103,srv-4:80,134.820
roundrobin,103,srv-4:80,139.448
roundrobin,103,srv-4:80,140.535
roundrobin,103,srv-4:80,135.063
roundrobin,103,srv-4:80,135.052
roundrobin,103,srv-4:80,134.044
roundrobin,103,srv-4:80,131.164
roundrobin,103,srv-4:80,132.695
roundrobin,103,srv-4:80,135.975
roundrobin,103,srv-4:80,133.363
roundrobin,103,srv-4:80,131.804
roundrobin,103,srv-4:80,135.698
roundrobin,103,srv-4:80,136.697
roundrobin,103,srv-4:80,135.080
roundrobin,103,srv-4:80,131.769
roundrobin,103,srv-4:80,130.930
roundrobin,103,srv-4:80,134.533
roundrobin,103,srv-4:80,137.459
roundrobin,103,srv-4:80,138.029
roundrobin,103,srv-4:80,135.299
roundrobin,103,srv-4:80,133.385
roundrobin,103,srv-4:80,134.823
roundrobin,103,srv-4:80,132.786
roundrobin,103,srv-4:80,132.363
roundrobin,103,srv-4:80,109.416
roundrobin,103,srv-4:80,41.709
roundrobin,103,srv-5:80,136.908
roundrobin,103,srv-5:80,134.662
roundrobin,103,srv-5:80,138.520
roundrobin,103,srv-5:80,138.163
roundrobin,103,srv-5:80,133.294
roundrobin,103,srv-5:80,135.427
roundrobin,103,srv-5:80,134.956
roundrobin,103,srv-5:80,135.101
roundrobin,103,srv-5:80,139.099
roundrobin,103,srv-5:80,137.166
roundrobin,103,srv-5:80,131.371
roundrobin,103,srv-5:80,129.032
roundrobin,103,srv-5:80,133.154
roundrobin,103,srv-5:80,135.989
roundrobin,103,srv-5:80,139.184
roundrobin,103,srv-5:80,137.421
roundrobin,103,srv-5:80,132.482
roundrobin,103,srv-5:80,137.533
roundrobin,103,srv-5:80,140.883
roundrobin,103,srv-5:80,138.004
roundrobin,103,srv-5:80,133.261
roundrobin,103,srv-5:80,135.825
roundrobin,103,srv-5:80,141.571
roundrobin,103,srv-5:80,142.176
roundrobin,103,srv-5:80,137.512
roundrobin,103,srv-5:80,135.867
roundrobin,103,srv-5:80,135.446
roundrobin,103,srv-5:80,139.091
roundrobin,103,srv-5:80,140.856
roundrobin,103,srv-5:80,139.141
roundrobin,103,srv-5:80,138.602
roundrobin,103,srv-5:80,137.873
roundrobin,103,srv-5:80,135.693
roundrobin,103,srv-5:80,139.308
roundrobin,103,srv-5:80,143.586
roundrobin,103,srv-5:80,139.393
roundrobin,103,srv-5:80,134.916
roundrobin,103,srv-5:80,135.214
roundrobin,103,srv-5:80,138.373
roundrobin,103,srv-5:80,142.129
roundrobin,103,srv-5:80,142.310
roundrobin,103,srv-5:80,140.534
roundrobin,103,srv-5:80,134.419
roundrobin,103,srv-5:80,136.144
roundrobin,103,srv-5:80,139.734
roundrobin,103,srv-5:80,136.368
roundrobin,103,srv-5:80,132.890
roundrobin,103,srv-5:80,130.974
roundrobin,103,srv-5:80,133.151
roundrobin,103,srv-5:80,134.399
roundrobin,103,srv-5:80,136.198
roundrobin,103,srv-5:80,139.662
roundrobin,103,srv-5:80,141.471
roundrobin,103,srv-5:80,138.070
roundrobin,103,srv-5:80,139.897
roundrobin,103,srv-5:80,139.562
roundrobin,103,srv-5:80,139.013
roundrobin,103,srv-5:80,138.184
roundrobin,103,srv-5:80,112.735
roundrobin,103,srv-5:80,45.038
roundrobin,103,srv-6:80,135.975
roundrobin,103,srv-6:80,135.619
roundrobin,103,srv-6:80,138.653
roundrobin,103,srv-6:80,136.601
roundrobin,103,srv-6:80,136.562
roundrobin,103,srv-6:80,136.013
roundrobin,103,srv-6:80,137.051
roundrobin,103,srv-6:80,140.924
roundrobin,103,srv-6:80,139.534
roundrobin,103,srv-6:80,138.853
roundrobin,103,srv-6:80,139.219
roundrobin,103,srv-6:80,138.886
roundrobin,103,srv-6:80,134.919
roundrobin,103,srv-6:80,132.965
roundrobin,103,srv-6:80,137.338
roundrobin,103,srv-6:80,138.218
roundrobin,103,srv-6:80,136.070
roundrobin,103,srv-6:80,132.987
roundrobin,103,srv-6:80,128.987
roundrobin,103,srv-6:80,130.965
roundrobin,103,srv-6:80,134.550
roundrobin,103,srv-6:80,137.658
roundrobin,103,srv-6:80,140.846
roundrobin,103,srv-6:80,138.461
roundrobin,103,srv-6:80,136.300
roundrobin,103,srv-6:80,137.460
roundrobin,103,srv-6:80,132.234
roundrobin,103,srv-6:80,133.627
roundrobin,103,srv-6:80,139.539
roundrobin,103,srv-6:80,137.573
roundrobin,103,srv-6:80,134.317
roundrobin,103,srv-6:80,133.604
roundrobin,103,srv-6:80,133.353
roundrobin,103,srv-6:80,137.601
roundrobin,103,srv-6:80,137.499
roundrobin,103,srv-6:80,134.604
roundrobin,103,srv-6:80,133.790
roundrobin,103,srv-6:80,135.946
roundrobin,103,srv-6:80,142.178
roundrobin,103,srv-6:80,139.706
roundrobin,103,srv-6:80,135.584
roundrobin,103,srv-6:80,138.766
roundrobin,103,srv-6:80,136.600
roundrobin,103,srv-6:80,136.848
roundrobin,103,srv-6:80,137.394
roundrobin,103,srv-6:80,135.490
roundrobin,103,srv-6:80,137.068
roundrobin,103,srv-6:80,140.402
roundrobin,103,srv-6:80,140.447
roundrobin,103,srv-6:80,140.305
roundrobin,103,srv-6:80,138.907
roundrobin,103,srv-6:80,136.129
roundrobin,103,srv-6:80,134.970
roundrobin,103,srv-6:80,137.683
roundrobin,103,srv-6:80,139.764
roundrobin,103,srv-6:80,137.907
roundrobin,103,srv-6:80,135.336
roundrobin,103,srv-6:80,136.573
roundrobin,103,srv-6:80,132.316
roundrobin,103,srv-6:80,60.996
roundrobin,103,srv-7:80,139.531
roundrobin,103,srv-7:80,138.097
roundrobin,103,srv-7:80,140.474
roundrobin,103,srv-7:80,146.450
roundrobin,103,srv-7:80,141.202
roundrobin,103,srv-7:80,134.331
roundrobin,103,srv-7:80,140.710
roundrobin,103,srv-7:80,140.862
roundrobin,103,srv-7:80,142.130
roundrobin,103,srv-7:80,140.758
roundrobin,103,srv-7:80,138.746
roundrobin,103,srv-7:80,143.673
roundrobin,103,srv-7:80,138.185
roundrobin,103,srv-7:80,136.243
roundrobin,103,srv-7:80,144.240
roundrobin,103,srv-7:80,142.153
roundrobin,103,srv-7:80,141.769
roundrobin,103,srv-7:80,142.684
roundrobin,103,srv-7:80,146.825
roundrobin,103,srv-7:80,149.040
roundrobin,103,srv-7:80,137.322
roundrobin,103,srv-7:80,131.090
roundrobin,103,srv-7:80,137.843
roundrobin,103,srv-7:80,138.961
roundrobin,103,srv-7:80,142.011
roundrobin,103,srv-7:80,144.260
roundrobin,103,srv-7:80,143.397
roundrobin,103,srv-7:80,140.593
roundrobin,103,srv-7:80,139.996
roundrobin,103,srv-7:80,146.992
roundrobin,103,srv-7:80,145.350
roundrobin,103,srv-7:80,138.509
roundrobin,103,srv-7:80,136.918
roundrobin,103,srv-7:80,142.219
roundrobin,103,srv-7:80,145.043
roundrobin,103,srv-7:80,143.845
roundrobin,103,srv-7:80,143.929
roundrobin,103,srv-7:80,139.458
roundrobin,103,srv-7:80,135.252
roundrobin,103,srv-7:80,140.308
roundrobin,103,srv-7:80,139.707
roundrobin,103,srv-7:80,137.472
roundrobin,103,srv-7:80,139.508
roundrobin,103,srv-7:80,141.532
roundrobin,103,srv-7:80,141.821
roundrobin,103,srv-7:80,143.492
roundrobin,103,srv-7:80,141.703
roundrobin,103,srv-7:80,143.304
roundrobin,103,srv-7:80,148.303
roundrobin,103,srv-7:80,140.520
roundrobin,103,srv-7:80,137.161
roundrobin,103,srv-7:80,141.124
roundrobin,103,srv-7:80,142.458
roundrobin,103,srv-7:80,140.187
roundrobin,103,srv-7:80,136.591
roundrobin,103,srv-7:80,137.873
roundrobin,103,srv-7:80,139.260
roundrobin,103,srv-7:80,142.202
roundrobin,103,srv-7:80,119.301
roundrobin,103,srv-7:80,46.007
roundrobin,103,srv-8:80,108.064
roundrobin,103,srv-8:80,143.969
roundrobin,103,srv-8:80,143.765
roundrobin,103,srv-8:80,136.475
roundrobin,103,srv-8:80,133.988
roundrobin,103,srv-8:80,139.657
roundrobin,103,srv-8:80,139.586
roundrobin,103,srv-8:80,139.934
roundrobin,103,srv-8:80,142.643
roundrobin,103,srv-8:80,137.498
roundrobin,103,srv-8:80,135.289
roundrobin,103,srv-8:80,143.532
roundrobin,103,srv-8:80,143.644
roundrobin,103,srv-8:80,139.019
roundrobin,103,srv-8:80,139.112
roundrobin,103,srv-8:80,140.574
roundrobin,103,srv-8:80,142.632
roundrobin,103,srv-8:80,143.188
roundrobin,103,srv-8:80,140.833
roundrobin,103,srv-8:80,137.455
roundrobin,103,srv-8:80,139.939
roundrobin,103,srv-8:80,138.754
roundrobin,103,srv-8:80,137.355
roundrobin,103,srv-8:80,140.498
roundrobin,103,srv-8:80,139.419
roundrobin,103,srv-8:80,135.872
roundrobin,103,srv-8:80,136.557
roundrobin,103,srv-8:80,138.065
roundrobin,103,srv-8:80,138.439
roundrobin,103,srv-8:80,140.725
roundrobin,103,srv-8:80,140.593
roundrobin,103,srv-8:80,138.162
roundrobin,103,srv-8:80,144.660
roundrobin,103,srv-8:80,141.665
roundrobin,103,srv-8:80,140.013
roundrobin,103,srv-8:80,144.734
roundrobin,103,srv-8:80,141.448
roundrobin,103,srv-8:80,138.253
roundrobin,103,srv-8:80,135.728
roundrobin,103,srv-8:80,134.472
roundrobin,103,srv-8:80,139.146
roundrobin,103,srv-8:80,147.310
roundrobin,103,srv-8:80,142.353
roundrobin,103,srv-8:80,133.580
roundrobin,103,srv-8:80,136.804
roundrobin,103,srv-8:80,140.368
roundrobin,103,srv-8:80,144.149
roundrobin,103,srv-8:80,144.339
roundrobin,103,srv-8:80,143.542
roundrobin,103,srv-8:80,142.583
roundrobin,103,srv-8:80,138.583
roundrobin,103,srv-8:80,136.131
roundrobin,103,srv-8:80,137.470
roundrobin,103,srv-8:80,143.723
roundrobin,103,srv-8:80,141.017
roundrobin,103,srv-8:80,136.032
roundrobin,103,srv-8:80,135.992
roundrobin,103,srv-8:80,138.906
roundrobin,103,srv-8:80,147.832
roundrobin,103,srv-8:80,104.341
roundrobin,103,srv-9:80,101.132
roundrobin,103,srv-9:80,164.270
roundrobin,103,srv-9:80,145.252
roundrobin,103,srv-9:80,112.656
roundrobin,103,srv-9:80,130.603
roundrobin,103,srv-9:80,142.951
roundrobin,103,srv-9:80,146.343
roundrobin,103,srv-9:80,140.315
roundrobin,103,srv-9:80,164.887
roundrobin,103,srv-9:80,137.575
roundrobin,103,srv-9:80,115.234
roundrobin,103,srv-9:80,144.221
roundrobin,103,srv-9:80,146.458
roundrobin,103,srv-9:80,142.743
roundrobin,103,srv-9:80,135.829
roundrobin,103,srv-9:80,145.314
roundrobin,103,srv-9:80,150.728
roundrobin,103,srv-9:80,140.949
roundrobin,103,srv-9:80,138.881
roundrobin,103,srv-9:80,154.402
roundrobin,103,srv-9:80,150.445
roundrobin,103,srv-9:80,158.161
roundrobin,103,srv-9:80,147.034
roundrobin,103,srv-9:80,114.770
roundrobin,103,srv-9:80,144.540
roundrobin,103,srv-9:80,145.067
roundrobin,103,srv-9:80,130.555
roundrobin,103,srv-9:80,144.853
roundrobin,103,srv-9:80,143.445
roundrobin,103,srv-9:80,143.491
roundrobin,103,srv-9:80,141.491
roundrobin,103,srv-9:80,139.407
roundrobin,103,srv-9:80,140.737
roundrobin,103,srv-9:80,142.753
roundrobin,103,srv-9:80,142.180
roundrobin,103,srv-9:80,162.450
roundrobin,103,srv-9:80,145.253
roundrobin,103,srv-9:80,124.197
roundrobin,103,srv-9:80,147.067
roundrobin,103,srv-9:80,159.678
roundrobin,103,srv-9:80,135.502
roundrobin,103,srv-9:80,121.629
roundrobin,103,srv-9:80,158.353
roundrobin,103,srv-9:80,147.874
roundrobin,103,srv-9:80,133.421
roundrobin,103,srv-9:80,144.151
roundrobin,103,srv-9:80,141.219
roundrobin,103,srv-9:80,172.490
roundrobin,103,srv-9:80,140.233
roundrobin,103,srv-9:80,111.454
roundrobin,103,srv-9:80,140.576
roundrobin,103,srv-9:80,142.453
roundrobin,103,srv-9:80,144.163
roundrobin,103,srv-9:80,145.621
roundrobin,103,srv-9:80,144.494
roundrobin,103,srv-9:80,139.824
roundrobin,103,srv-9:80,142.118
roundrobin,103,srv-9:80,142.912
roundrobin,103,srv-9:80,139.799
roundrobin,103,srv-9:80,109.002
roundrobin,114,srv-10:80,105.329
roundrobin,114,srv-10:80,147.056
roundrobin,114,srv-10:80,153.020
roundrobin,114,srv-10:80,166.590
roundrobin,114,srv-10:80,153.407
roundrobin,114,srv-10:80,145.271
roundrobin,114,srv-10:80,152.272
roundrobin,114,srv-10:80,146.845
roundrobin,114,srv-10:80,150.558
roundrobin,114,srv-10:80,156.876
roundrobin,114,srv-10:80,172.297
roundrobin,114,srv-10:80,147.218
roundrobin,114,srv-10:80,55.926
roundrobin,114,srv-10:80,178.535
roundrobin,114,srv-10:80,114.625
roundrobin,114,srv-10:80,123.542
roundrobin,114,srv-10:80,137.997
roundrobin,114,srv-10:80,144.272
roundrobin,114,srv-10:80,144.338
roundrobin,114,srv-10:80,145.710
roundrobin,114,srv-10:80,150.737
roundrobin,114,srv-10:80,150.447
roundrobin,114,srv-10:80,146.488
roundrobin,114,srv-10:80,151.397
roundrobin,114,srv-10:80,173.581
roundrobin,114,srv-10:80,154.832
roundrobin,114,srv-10:80,127.470
roundrobin,114,srv-10:80,143.141
roundrobin,114,srv-10:80,147.633
roundrobin,114,srv-10:80,163.587
roundrobin,114,srv-10:80,151.639
roundrobin,114,srv-10:80,174.907
roundrobin,114,srv-10:80,151.966
roundrobin,114,srv-10:80,114.311
roundrobin,114,srv-10:80,159.012
roundrobin,114,srv-10:80,186.098
roundrobin,114,srv-10:80,140.868
roundrobin,114,srv-10:80,109.176
roundrobin,114,srv-10:80,148.408
roundrobin,114,srv-10:80,153.330
roundrobin,114,srv-10:80,176.382
roundrobin,114,srv-10:80,150.649
roundrobin,114,srv-10:80,121.924
roundrobin,114,srv-10:80,143.697
roundrobin,114,srv-10:80,145.128
roundrobin,114,srv-10:80,150.932
roundrobin,114,srv-10:80,155.829
roundrobin,114,srv-10:80,167.413
roundrobin,114,srv-10:80,160.342
roundrobin,114,srv-10:80,132.764
roundrobin,114,srv-10:80,139.579
roundrobin,114,srv-10:80,150.644
roundrobin,114,srv-10:80,163.665
roundrobin,114,srv-10:80,144.031
roundrobin,114,srv-10:80,134.787
roundrobin,114,srv-10:80,166.820
roundrobin,114,srv-10:80,148.110
roundrobin,114,srv-10:80,134.699
roundrobin,114,srv-10:80,156.940
roundrobin,114,srv-10:80,132.086
roundrobin,114,srv-1:80,114.399
roundrobin,114,srv-1:80,143.646
roundrobin,114,srv-1:80,147.083
roundrobin,114,srv-1:80,150.712
roundrobin,114,srv-1:80,151.980
roundrobin,114,srv-1:80,148.057
roundrobin,114,srv-1:80,146.045
roundrobin,114,srv-1:80,147.955
roundrobin,114,srv-1:80,149.023
roundrobin,114,srv-1:80,148.658
roundrobin,114,srv-1:80,146.084
roundrobin,114,srv-1:80,145.564
roundrobin,114,srv-1:80,147.978
roundrobin,114,srv-1:80,151.485
roundrobin,114,srv-1:80,150.771
roundrobin,114,srv-1:80,151.256
roundrobin,114,srv-1:80,150.051
roundrobin,114,srv-1:80,149.402
roundrobin,114,srv-1:80,154.301
roundrobin,114,srv-1:80,154.830
roundrobin,114,srv-1:80,151.083
roundrobin,114,srv-1:80,148.304
roundrobin,114,srv-1:80,149.148
roundrobin,114,srv-1:80,150.510
roundrobin,114,srv-1:80,150.495
roundrobin,114,srv-1:80,150.845
roundrobin,114,srv-1:80,149.676
roundrobin,114,srv-1:80,146.407
roundrobin,114,srv-1:80,149.107
roundrobin,114,srv-1:80,153.142
roundrobin,114,srv-1:80,150.930
roundrobin,114,srv-1:80,150.966
roundrobin,114,srv-1:80,150.551
roundrobin,114,srv-1:80,148.915
roundrobin,114,srv-1:80,149.253
roundrobin,114,srv-1:80,146.163
roundrobin,114,srv-1:80,144.139
roundrobin,114,srv-1:80,148.137
roundrobin,114,srv-1:80,152.261
roundrobin,114,srv-1:80,149.712
roundrobin,114,srv-1:80,147.869
roundrobin,114,srv-1:80,146.658
roundrobin,114,srv-1:80,147.809
roundrobin,114,srv-1:80,148.656
roundrobin,114,srv-1:80,145.666
roundrobin,114,srv-1:80,149.684
roundrobin,114,srv-1:80,148.918
roundrobin,114,srv-1:80,146.392
roundrobin,114,srv-1:80,149.219
roundrobin,114,srv-1:80,149.651
roundrobin,114,srv-1:80,148.222
roundrobin,114,srv-1:80,150.129
roundrobin,114,srv-1:80,150.325
roundrobin,114,srv-1:80,148.130
roundrobin,114,srv-1:80,148.019
roundrobin,114,srv-1:80,148.209
roundrobin,114,srv-1:80,148.305
roundrobin,114,srv-1:80,147.769
roundrobin,114,srv-1:80,148.663
roundrobin,114,srv-1:80,106.086
roundrobin,114,srv-2:80,118.042
roundrobin,114,srv-2:80,151.047
roundrobin,114,srv-2:80,152.083
roundrobin,114,srv-2:80,152.566
roundrobin,114,srv-2:80,148.974
roundrobin,114,srv-2:80,148.844
roundrobin,114,srv-2:80,151.843
roundrobin,114,srv-2:80,150.933
roundrobin,114,srv-2:80,151.823
roundrobin,114,srv-2:80,153.693
roundrobin,114,srv-2:80,154.237
roundrobin,114,srv-2:80,150.259
roundrobin,114,srv-2:80,147.326
roundrobin,114,srv-2:80,151.529
roundrobin,114,srv-2:80,151.030
roundrobin,114,srv-2:80,151.314
roundrobin,114,srv-2:80,151.897
roundrobin,114,srv-2:80,150.655
roundrobin,114,srv-2:80,153.703
roundrobin,114,srv-2:80,153.100
roundrobin,114,srv-2:80,150.325
roundrobin,114,srv-2:80,152.454
roundrobin,114,srv-2:80,154.616
roundrobin,114,srv-2:80,153.213
roundrobin,114,srv-2:80,148.667
roundrobin,114,srv-2:80,146.012
roundrobin,114,srv-2:80,147.762
roundrobin,114,srv-2:80,148.907
roundrobin,114,srv-2:80,143.773
roundrobin,114,srv-2:80,141.045
roundrobin,114,srv-2:80,145.882
roundrobin,114,srv-2:80,149.646
roundrobin,114,srv-2:80,152.657
roundrobin,114,srv-2:80,155.016
roundrobin,114,srv-2:80,150.164
roundrobin,114,srv-2:80,150.378
roundrobin,114,srv-2:80,152.446
roundrobin,114,srv-2:80,145.504
roundrobin,114,srv-2:80,142.517
roundrobin,114,srv-2:80,148.285
roundrobin,114,srv-2:80,151.461
roundrobin,114,srv-2:80,152.323
roundrobin,114,srv-2:80,153.935
roundrobin,114,srv-2:80,154.003
roundrobin,114,srv-2:80,151.180
roundrobin,114,srv-2:80,150.346
roundrobin,114,srv-2:80,152.320
roundrobin,114,srv-2:80,147.832
roundrobin,114,srv-2:80,150.320
roundrobin,114,srv-2:80,153.291
roundrobin,114,srv-2:80,145.401
roundrobin,114,srv-2:80,144.886
roundrobin,114,srv-2:80,149.353
roundrobin,114,srv-2:80,149.504
roundrobin,114,srv-2:80,151.482
roundrobin,114,srv-2:80,151.288
roundrobin,114,srv-2:80,151.485
roundrobin,114,srv-2:80,152.766
roundrobin,114,srv-2:80,150.493
roundrobin,114,srv-2:80,107.276
roundrobin,114,srv-3:80,149.980
roundrobin,114,srv-3:80,155.111
roundrobin,114,srv-3:80,151.343
roundrobin,114,srv-3:80,147.435
roundrobin,114,srv-3:80,150.263
roundrobin,114,srv-3:80,151.538
roundrobin,114,srv-3:80,149.213
roundrobin,114,srv-3:80,151.462
roundrobin,114,srv-3:80,152.045
roundrobin,114,srv-3:80,151.015
roundrobin,114,srv-3:80,148.258
roundrobin,114,srv-3:80,146.699
roundrobin,114,srv-3:80,147.335
roundrobin,114,srv-3:80,153.835
roundrobin,114,srv-3:80,155.024
roundrobin,114,srv-3:80,153.897
roundrobin,114,srv-3:80,153.521
roundrobin,114,srv-3:80,151.832
roundrobin,114,srv-3:80,151.977
roundrobin,114,srv-3:80,152.117
roundrobin,114,srv-3:80,150.933
roundrobin,114,srv-3:80,148.943
roundrobin,114,srv-3:80,146.706
roundrobin,114,srv-3:80,151.102
roundrobin,114,srv-3:80,153.942
roundrobin,114,srv-3:80,150.521
roundrobin,114,srv-3:80,152.505
roundrobin,114,srv-3:80,152.332
roundrobin,114,srv-3:80,149.925
roundrobin,114,srv-3:80,151.089
roundrobin,114,srv-3:80,149.319
roundrobin,114,srv-3:80,150.629
roundrobin,114,srv-3:80,151.204
roundrobin,114,srv-3:80,150.265
roundrobin,114,srv-3:80,150.989
roundrobin,114,srv-3:80,148.893
roundrobin,114,srv-3:80,151.867
roundrobin,114,srv-3:80,150.281
roundrobin,114,srv-3:80,148.777
roundrobin,114,srv-3:80,153.081
roundrobin,114,srv-3:80,149.712
roundrobin,114,srv-3:80,146.651
roundrobin,114,srv-3:80,149.994
roundrobin,114,srv-3:80,150.919
roundrobin,114,srv-3:80,151.596
roundrobin,114,srv-3:80,149.400
roundrobin,114,srv-3:80,147.653
roundrobin,114,srv-3:80,148.255
roundrobin,114,srv-3:80,149.235
roundrobin,114,srv-3:80,152.637
roundrobin,114,srv-3:80,153.630
roundrobin,114,srv-3:80,150.517
roundrobin,114,srv-3:80,146.923
roundrobin,114,srv-3:80,146.704
roundrobin,114,srv-3:80,152.211
roundrobin,114,srv-3:80,156.420
roundrobin,114,srv-3:80,149.387
roundrobin,114,srv-3:80,144.362
roundrobin,114,srv-3:80,145.398
roundrobin,114,srv-3:80,75.121
roundrobin,114,srv-4:80,122.522
roundrobin,114,srv-4:80,153.709
roundrobin,114,srv-4:80,152.436
roundrobin,114,srv-4:80,151.059
roundrobin,114,srv-4:80,150.095
roundrobin,114,srv-4:80,147.210
roundrobin,114,srv-4:80,150.560
roundrobin,114,srv-4:80,151.096
roundrobin,114,srv-4:80,149.855
roundrobin,114,srv-4:80,152.507
roundrobin,114,srv-4:80,149.791
roundrobin,114,srv-4:80,150.823
roundrobin,114,srv-4:80,152.949
roundrobin,114,srv-4:80,147.804
roundrobin,114,srv-4:80,145.975
roundrobin,114,srv-4:80,149.627
roundrobin,114,srv-4:80,149.974
roundrobin,114,srv-4:80,149.408
roundrobin,114,srv-4:80,149.769
roundrobin,114,srv-4:80,145.634
roundrobin,114,srv-4:80,145.730
roundrobin,114,srv-4:80,147.874
roundrobin,114,srv-4:80,146.679
roundrobin,114,srv-4:80,151.267
roundrobin,114,srv-4:80,155.913
roundrobin,114,srv-4:80,153.725
roundrobin,114,srv-4:80,152.546
roundrobin,114,srv-4:80,149.838
roundrobin,114,srv-4:80,147.945
roundrobin,114,srv-4:80,147.682
roundrobin,114,srv-4:80,149.027
roundrobin,114,srv-4:80,151.314
roundrobin,114,srv-4:80,149.049
roundrobin,114,srv-4:80,148.630
roundrobin,114,srv-4:80,155.555
roundrobin,114,srv-4:80,156.775
roundrobin,114,srv-4:80,150.745
roundrobin,114,srv-4:80,146.159
roundrobin,114,srv-4:80,145.437
roundrobin,114,srv-4:80,148.506
roundrobin,114,srv-4:80,145.211
roundrobin,114,srv-4:80,145.114
roundrobin,114,srv-4:80,148.709
roundrobin,114,srv-4:80,150.601
roundrobin,114,srv-4:80,148.301
roundrobin,114,srv-4:80,146.645
roundrobin,114,srv-4:80,146.713
roundrobin,114,srv-4:80,149.543
roundrobin,114,srv-4:80,151.370
roundrobin,114,srv-4:80,149.435
roundrobin,114,srv-4:80,153.854
roundrobin,114,srv-4:80,155.679
roundrobin,114,srv-4:80,152.881
roundrobin,114,srv-4:80,150.025
roundrobin,114,srv-4:80,149.091
roundrobin,114,srv-4:80,149.829
roundrobin,114,srv-4:80,150.617
roundrobin,114,srv-4:80,153.887
roundrobin,114,srv-4:80,151.561
roundrobin,114,srv-4:80,100.157
roundrobin,114,srv-5:80,121.932
roundrobin,114,srv-5:80,161.505
roundrobin,114,srv-5:80,153.279
roundrobin,114,srv-5:80,145.273
roundrobin,114,srv-5:80,151.828
roundrobin,114,srv-5:80,148.235
roundrobin,114,srv-5:80,150.801
roundrobin,114,srv-5:80,154.614
roundrobin,114,srv-5:80,153.534
roundrobin,114,srv-5:80,155.476
roundrobin,114,srv-5:80,153.554
roundrobin,114,srv-5:80,152.654
roundrobin,114,srv-5:80,150.346
roundrobin,114,srv-5:80,148.369
roundrobin,114,srv-5:80,149.909
roundrobin,114,srv-5:80,148.875
roundrobin,114,srv-5:80,150.264
roundrobin,114,srv-5:80,153.645
roundrobin,114,srv-5:80,153.151
roundrobin,114,srv-5:80,153.125
roundrobin,114,srv-5:80,154.005
roundrobin,114,srv-5:80,153.749
roundrobin,114,srv-5:80,151.606
roundrobin,114,srv-5:80,154.227
roundrobin,114,srv-5:80,151.117
roundrobin,114,srv-5:80,151.450
roundrobin,114,srv-5:80,149.796
roundrobin,114,srv-5:80,151.118
roundrobin,114,srv-5:80,156.472
roundrobin,114,srv-5:80,152.931
roundrobin,114,srv-5:80,150.215
roundrobin,114,srv-5:80,153.462
roundrobin,114,srv-5:80,152.345
roundrobin,114,srv-5:80,155.510
roundrobin,114,srv-5:80,151.305
roundrobin,114,srv-5:80,145.978
roundrobin,114,srv-5:80,148.619
roundrobin,114,srv-5:80,149.043
roundrobin,114,srv-5:80,150.302
roundrobin,114,srv-5:80,149.439
roundrobin,114,srv-5:80,149.475
roundrobin,114,srv-5:80,152.129
roundrobin,114,srv-5:80,151.896
roundrobin,114,srv-5:80,149.370
roundrobin,114,srv-5:80,150.144
roundrobin,114,srv-5:80,150.854
roundrobin,114,srv-5:80,152.112
roundrobin,114,srv-5:80,151.721
roundrobin,114,srv-5:80,153.988
roundrobin,114,srv-5:80,154.985
roundrobin,114,srv-5:80,154.641
roundrobin,114,srv-5:80,153.240
roundrobin,114,srv-5:80,152.791
roundrobin,114,srv-5:80,151.260
roundrobin,114,srv-5:80,148.470
roundrobin,114,srv-5:80,151.858
roundrobin,114,srv-5:80,154.068
roundrobin,114,srv-5:80,153.719
roundrobin,114,srv-5:80,153.865
roundrobin,114,srv-5:80,103.392
roundrobin,114,srv-6:80,146.019
roundrobin,114,srv-6:80,149.096
roundrobin,114,srv-6:80,151.173
roundrobin,114,srv-6:80,155.317
roundrobin,114,srv-6:80,151.818
roundrobin,114,srv-6:80,152.027
roundrobin,114,srv-6:80,154.150
roundrobin,114,srv-6:80,149.350
roundrobin,114,srv-6:80,146.551
roundrobin,114,srv-6:80,143.429
roundrobin,114,srv-6:80,146.412
roundrobin,114,srv-6:80,155.640
roundrobin,114,srv-6:80,154.509
roundrobin,114,srv-6:80,151.556
roundrobin,114,srv-6:80,152.211
roundrobin,114,srv-6:80,150.585
roundrobin,114,srv-6:80,152.458
roundrobin,114,srv-6:80,151.173
roundrobin,114,srv-6:80,151.609
roundrobin,114,srv-6:80,153.713
roundrobin,114,srv-6:80,152.926
roundrobin,114,srv-6:80,153.255
roundrobin,114,srv-6:80,151.336
roundrobin,114,srv-6:80,147.673
roundrobin,114,srv-6:80,151.374
roundrobin,114,srv-6:80,152.309
roundrobin,114,srv-6:80,150.958
roundrobin,114,srv-6:80,151.582
roundrobin,114,srv-6:80,150.994
roundrobin,114,srv-6:80,153.216
roundrobin,114,srv-6:80,155.573
roundrobin,114,srv-6:80,157.508
roundrobin,114,srv-6:80,150.882
roundrobin,114,srv-6:80,148.738
roundrobin,114,srv-6:80,149.384
roundrobin,114,srv-6:80,146.260
roundrobin,114,srv-6:80,154.371
roundrobin,114,srv-6:80,154.346
roundrobin,114,srv-6:80,154.212
roundrobin,114,srv-6:80,151.255
roundrobin,114,srv-6:80,149.917
roundrobin,114,srv-6:80,152.849
roundrobin,114,srv-6:80,153.834
roundrobin,114,srv-6:80,152.382
roundrobin,114,srv-6:80,151.087
roundrobin,114,srv-6:80,149.643
roundrobin,114,srv-6:80,151.012
roundrobin,114,srv-6:80,152.682
roundrobin,114,srv-6:80,149.270
roundrobin,114,srv-6:80,149.201
roundrobin,114,srv-6:80,151.144
roundrobin,114,srv-6:80,147.659
roundrobin,114,srv-6:80,147.779
roundrobin,114,srv-6:80,153.191
roundrobin,114,srv-6:80,153.109
roundrobin,114,srv-6:80,150.193
roundrobin,114,srv-6:80,152.356
roundrobin,114,srv-6:80,154.673
roundrobin,114,srv-6:80,130.804
roundrobin,114,srv-6:80,55.269
roundrobin,114,srv-7:80,114.513
roundrobin,114,srv-7:80,144.803
roundrobin,114,srv-7:80,156.951
roundrobin,114,srv-7:80,161.759
roundrobin,114,srv-7:80,154.590
roundrobin,114,srv-7:80,154.492
roundrobin,114,srv-7:80,159.036
roundrobin,114,srv-7:80,195.840
roundrobin,114,srv-7:80,155.740
roundrobin,114,srv-7:80,118.275
roundrobin,114,srv-7:80,152.062
roundrobin,114,srv-7:80,150.558
roundrobin,114,srv-7:80,158.668
roundrobin,114,srv-7:80,155.155
roundrobin,114,srv-7:80,153.303
roundrobin,114,srv-7:80,154.407
roundrobin,114,srv-7:80,151.761
roundrobin,114,srv-7:80,163.958
roundrobin,114,srv-7:80,153.764
roundrobin,114,srv-7:80,148.165
roundrobin,114,srv-7:80,159.794
roundrobin,114,srv-7:80,154.554
roundrobin,114,srv-7:80,154.183
roundrobin,114,srv-7:80,155.724
roundrobin,114,srv-7:80,157.218
roundrobin,114,srv-7:80,159.228
roundrobin,114,srv-7:80,153.009
roundrobin,114,srv-7:80,154.138
roundrobin,114,srv-7:80,158.299
roundrobin,114,srv-7:80,153.382
roundrobin,114,srv-7:80,143.595
roundrobin,114,srv-7:80,157.729
roundrobin,114,srv-7:80,156.213
roundrobin,114,srv-7:80,157.417
roundrobin,114,srv-7:80,154.464
roundrobin,114,srv-7:80,151.295
roundrobin,114,srv-7:80,167.688
roundrobin,114,srv-7:80,156.792
roundrobin,114,srv-7:80,155.807
roundrobin,114,srv-7:80,156.435
roundrobin,114,srv-7:80,166.057
roundrobin,114,srv-7:80,158.178
roundrobin,114,srv-7:80,134.027
roundrobin,114,srv-7:80,158.572
roundrobin,114,srv-7:80,160.665
roundrobin,114,srv-7:80,156.659
roundrobin,114,srv-7:80,156.317
roundrobin,114,srv-7:80,154.438
roundrobin,114,srv-7:80,169.868
roundrobin,114,srv-7:80,156.264
roundrobin,114,srv-7:80,138.276
roundrobin,114,srv-7:80,157.993
roundrobin,114,srv-7:80,162.431
roundrobin,114,srv-7:80,156.540
roundrobin,114,srv-7:80,163.700
roundrobin,114,srv-7:80,150.965
roundrobin,114,srv-7:80,154.078
roundrobin,114,srv-7:80,153.702
roundrobin,114,srv-7:80,143.113
roundrobin,114,srv-7:80,115.337
roundrobin,114,srv-8:80,135.679
roundrobin,114,srv-8:80,148.664
roundrobin,114,srv-8:80,153.318
roundrobin,114,srv-8:80,168.907
roundrobin,114,srv-8:80,154.075
roundrobin,114,srv-8:80,141.373
roundrobin,114,srv-8:80,152.290
roundrobin,114,srv-8:80,156.465
roundrobin,114,srv-8:80,155.078
roundrobin,114,srv-8:80,153.104
roundrobin,114,srv-8:80,154.476
roundrobin,114,srv-8:80,153.769
roundrobin,114,srv-8:80,157.146
roundrobin,114,srv-8:80,157.232
roundrobin,114,srv-8:80,157.425
roundrobin,114,srv-8:80,155.526
roundrobin,114,srv-8:80,153.181
roundrobin,114,srv-8:80,155.990
roundrobin,114,srv-8:80,161.028
roundrobin,114,srv-8:80,158.468
roundrobin,114,srv-8:80,151.588
roundrobin,114,srv-8:80,159.225
roundrobin,114,srv-8:80,154.876
roundrobin,114,srv-8:80,152.111
roundrobin,114,srv-8:80,152.605
roundrobin,114,srv-8:80,159.343
roundrobin,114,srv-8:80,143.992
roundrobin,114,srv-8:80,153.238
roundrobin,114,srv-8:80,174.303
roundrobin,114,srv-8:80,153.568
roundrobin,114,srv-8:80,141.689
roundrobin,114,srv-8:80,149.886
roundrobin,114,srv-8:80,153.744
roundrobin,114,srv-8:80,153.979
roundrobin,114,srv-8:80,150.755
roundrobin,114,srv-8:80,155.740
roundrobin,114,srv-8:80,155.052
roundrobin,114,srv-8:80,154.327
roundrobin,114,srv-8:80,157.287
roundrobin,114,srv-8:80,149.876
roundrobin,114,srv-8:80,147.186
roundrobin,114,srv-8:80,147.905
roundrobin,114,srv-8:80,149.354
roundrobin,114,srv-8:80,158.271
roundrobin,114,srv-8:80,155.623
roundrobin,114,srv-8:80,152.304
roundrobin,114,srv-8:80,160.838
roundrobin,114,srv-8:80,157.442
roundrobin,114,srv-8:80,151.539
roundrobin,114,srv-8:80,158.038
roundrobin,114,srv-8:80,165.228
roundrobin,114,srv-8:80,153.388
roundrobin,114,srv-8:80,154.538
roundrobin,114,srv-8:80,146.613
roundrobin,114,srv-8:80,159.999
roundrobin,114,srv-8:80,160.776
roundrobin,114,srv-8:80,149.362
roundrobin,114,srv-8:80,171.569
roundrobin,114,srv-8:80,156.495
roundrobin,114,srv-8:80,86.271
roundrobin,114,srv-9:80,117.909
roundrobin,114,srv-9:80,144.874
roundrobin,114,srv-9:80,148.609
roundrobin,114,srv-9:80,165.640
roundrobin,114,srv-9:80,170.457
roundrobin,114,srv-9:80,130.558
roundrobin,114,srv-9:80,120.838
roundrobin,114,srv-9:80,147.967
roundrobin,114,srv-9:80,152.496
roundrobin,114,srv-9:80,153.425
roundrobin,114,srv-9:80,155.767
roundrobin,114,srv-9:80,156.628
roundrobin,114,srv-9:80,156.993
roundrobin,114,srv-9:80,148.089
roundrobin,114,srv-9:80,144.153
roundrobin,114,srv-9:80,148.908
roundrobin,114,srv-9:80,166.425
roundrobin,114,srv-9:80,146.910
roundrobin,114,srv-9:80,129.795
roundrobin,114,srv-9:80,148.486
roundrobin,114,srv-9:80,196.625
roundrobin,114,srv-9:80,142.140
roundrobin,114,srv-9:80,118.490
roundrobin,114,srv-9:80,150.613
roundrobin,114,srv-9:80,148.851
roundrobin,114,srv-9:80,157.877
roundrobin,114,srv-9:80,133.227
roundrobin,114,srv-9:80,149.237
roundrobin,114,srv-9:80,151.258
roundrobin,114,srv-9:80,146.344
roundrobin,114,srv-9:80,167.457
roundrobin,114,srv-9:80,146.344
roundrobin,114,srv-9:80,159.077
roundrobin,114,srv-9:80,144.187
roundrobin,114,srv-9:80,111.625
roundrobin,114,srv-9:80,155.155
roundrobin,114,srv-9:80,153.322
roundrobin,114,srv-9:80,159.722
roundrobin,114,srv-9:80,149.779
roundrobin,114,srv-9:80,135.551
roundrobin,114,srv-9:80,146.476
roundrobin,114,srv-9:80,148.889
roundrobin,114,srv-9:80,147.298
roundrobin,114,srv-9:80,176.814
roundrobin,114,srv-9:80,152.307
roundrobin,114,srv-9:80,127.063
roundrobin,114,srv-9:80,151.655
roundrobin,114,srv-9:80,167.482
roundrobin,114,srv-9:80,166.350
roundrobin,114,srv-9:80,129.363
roundrobin,114,srv-9:80,130.740
roundrobin,114,srv-9:80,145.710
roundrobin,114,srv-9:80,144.888
roundrobin,114,srv-9:80,146.671
roundrobin,114,srv-9:80,145.920
roundrobin,114,srv-9:80,83.522
roundrobin,114,srv-9:80,150.309
roundrobin,114,srv-9:80,115.205
roundrobin,114,srv-9:80,148.740
roundrobin,114,srv-9:80,109.991
roundrobin,127,srv-10:80,147.077
roundrobin,127,srv-10:80,217.022
roundrobin,127,srv-10:80,152.908
roundrobin,127,srv-10:80,96.761
roundrobin,127,srv-10:80,154.928
roundrobin,127,srv-10:80,142.964
roundrobin,127,srv-10:80,151.510
roundrobin,127,srv-10:80,152.065
roundrobin,127,srv-10:80,152.914
roundrobin,127,srv-10:80,152.849
roundrobin,127,srv-10:80,155.538
roundrobin,127,srv-10:80,154.370
roundrobin,127,srv-10:80,149.071
roundrobin,127,srv-10:80,221.733
roundrobin,127,srv-10:80,165.215
roundrobin,127,srv-10:80,97.889
roundrobin,127,srv-10:80,159.334
roundrobin,127,srv-10:80,162.753
roundrobin,127,srv-10:80,147.760
roundrobin,127,srv-10:80,139.474
roundrobin,127,srv-10:80,193.673
roundrobin,127,srv-10:80,167.615
roundrobin,127,srv-10:80,54.415
roundrobin,127,srv-10:80,139.117
roundrobin,127,srv-10:80,150.524
roundrobin,127,srv-10:80,136.467
roundrobin,127,srv-10:80,144.102
roundrobin,127,srv-10:80,148.973
roundrobin,127,srv-10:80,157.680
roundrobin,127,srv-10:80,151.908
roundrobin,127,srv-10:80,183.846
roundrobin,127,srv-10:80,152.152
roundrobin,127,srv-10:80,128.659
roundrobin,127,srv-10:80,154.401
roundrobin,127,srv-10:80,153.367
roundrobin,127,srv-10:80,153.137
roundrobin,127,srv-10:80,147.647
roundrobin,127,srv-10:80,148.209
roundrobin,127,srv-10:80,170.729
roundrobin,127,srv-10:80,153.498
roundrobin,127,srv-10:80,133.398
roundrobin,127,srv-10:80,167.214
roundrobin,127,srv-10:80,160.997
roundrobin,127,srv-10:80,140.559
roundrobin,127,srv-10:80,160.113
roundrobin,127,srv-10:80,125.103
roundrobin,127,srv-10:80,82.455
roundrobin,127,srv-10:80,92.510
roundrobin,127,srv-10:80,55.527
roundrobin,127,srv-10:80,120.619
roundrobin,127,srv-10:80,156.941
roundrobin,127,srv-10:80,159.740
roundrobin,127,srv-10:80,100.406
roundrobin,127,srv-10:80,21.207
roundrobin,127,srv-1:80,164.393
roundrobin,127,srv-1:80,163.656
roundrobin,127,srv-1:80,167.092
roundrobin,127,srv-1:80,169.708
roundrobin,127,srv-1:80,166.166
roundrobin,127,srv-1:80,165.802
roundrobin,127,srv-1:80,169.951
roundrobin,127,srv-1:80,165.487
roundrobin,127,srv-1:80,163.607
roundrobin,127,srv-1:80,167.521
roundrobin,127,srv-1:80,168.474
roundrobin,127,srv-1:80,165.705
roundrobin,127,srv-1:80,169.240
roundrobin,127,srv-1:80,166.641
roundrobin,127,srv-1:80,163.955
roundrobin,127,srv-1:80,167.134
roundrobin,127,srv-1:80,164.712
roundrobin,127,srv-1:80,164.747
roundrobin,127,srv-1:80,164.585
roundrobin,127,srv-1:80,163.754
roundrobin,127,srv-1:80,167.426
roundrobin,127,srv-1:80,167.897
roundrobin,127,srv-1:80,167.074
roundrobin,127,srv-1:80,167.495
roundrobin,127,srv-1:80,166.112
roundrobin,127,srv-1:80,169.738
roundrobin,127,srv-1:80,169.573
roundrobin,127,srv-1:80,166.486
roundrobin,127,srv-1:80,168.732
roundrobin,127,srv-1:80,166.165
roundrobin,127,srv-1:80,163.818
roundrobin,127,srv-1:80,165.652
roundrobin,127,srv-1:80,165.693
roundrobin,127,srv-1:80,166.884
roundrobin,127,srv-1:80,171.951
roundrobin,127,srv-1:80,167.253
roundrobin,127,srv-1:80,160.733
roundrobin,127,srv-1:80,166.102
roundrobin,127,srv-1:80,164.168
roundrobin,127,srv-1:80,164.341
roundrobin,127,srv-1:80,165.514
roundrobin,127,srv-1:80,162.763
roundrobin,127,srv-1:80,165.329
roundrobin,127,srv-1:80,168.634
roundrobin,127,srv-1:80,166.188
roundrobin,127,srv-1:80,161.282
roundrobin,127,srv-1:80,163.800
roundrobin,127,srv-1:80,165.172
roundrobin,127,srv-1:80,165.321
roundrobin,127,srv-1:80,164.557
roundrobin,127,srv-1:80,165.621
roundrobin,127,srv-1:80,169.926
roundrobin,127,srv-1:80,167.127
roundrobin,127,srv-1:80,162.128
roundrobin,127,srv-1:80,163.721
roundrobin,127,srv-1:80,165.091
roundrobin,127,srv-1:80,167.750
roundrobin,127,srv-1:80,168.992
roundrobin,127,srv-1:80,146.723
roundrobin,127,srv-1:80,63.744
roundrobin,127,srv-1:80,0.033
roundrobin,127,srv-2:80,173.318
roundrobin,127,srv-2:80,167.634
roundrobin,127,srv-2:80,168.116
roundrobin,127,srv-2:80,171.746
roundrobin,127,srv-2:80,171.270
roundrobin,127,srv-2:80,170.468
roundrobin,127,srv-2:80,173.024
roundrobin,127,srv-2:80,170.298
roundrobin,127,srv-2:80,170.543
roundrobin,127,srv-2:80,170.166
roundrobin,127,srv-2:80,166.094
roundrobin,127,srv-2:80,170.079
roundrobin,127,srv-2:80,164.670
roundrobin,127,srv-2:80,161.034
roundrobin,127,srv-2:80,164.449
roundrobin,127,srv-2:80,167.414
roundrobin,127,srv-2:80,170.755
roundrobin,127,srv-2:80,171.223
roundrobin,127,srv-2:80,169.006
roundrobin,127,srv-2:80,165.396
roundrobin,127,srv-2:80,163.650
roundrobin,127,srv-2:80,167.051
roundrobin,127,srv-2:80,167.726
roundrobin,127,srv-2:80,167.591
roundrobin,127,srv-2:80,167.630
roundrobin,127,srv-2:80,169.237
roundrobin,127,srv-2:80,172.080
roundrobin,127,srv-2:80,171.341
roundrobin,127,srv-2:80,169.305
roundrobin,127,srv-2:80,162.636
roundrobin,127,srv-2:80,164.268
roundrobin,127,srv-2:80,169.012
roundrobin,127,srv-2:80,169.800
roundrobin,127,srv-2:80,171.459
roundrobin,127,srv-2:80,169.641
roundrobin,127,srv-2:80,170.925
roundrobin,127,srv-2:80,169.479
roundrobin,127,srv-2:80,165.138
roundrobin,127,srv-2:80,166.464
roundrobin,127,srv-2:80,167.007
roundrobin,127,srv-2:80,167.921
roundrobin,127,srv-2:80,169.342
roundrobin,127,srv-2:80,168.481
roundrobin,127,srv-2:80,171.436
roundrobin,127,srv-2:80,170.612
roundrobin,127,srv-2:80,168.668
roundrobin,127,srv-2:80,164.678
roundrobin,127,srv-2:80,160.953
roundrobin,127,srv-2:80,166.452
roundrobin,127,srv-2:80,170.201
roundrobin,127,srv-2:80,168.857
roundrobin,127,srv-2:80,170.028
roundrobin,127,srv-2:80,169.530
roundrobin,127,srv-2:80,168.676
roundrobin,127,srv-2:80,168.215
roundrobin,127,srv-2:80,162.783
roundrobin,127,srv-2:80,167.959
roundrobin,127,srv-2:80,171.194
roundrobin,127,srv-2:80,149.067
roundrobin,127,srv-2:80,65.458
roundrobin,127,srv-2:80,0.048
roundrobin,127,srv-3:80,138.458
roundrobin,127,srv-3:80,165.962
roundrobin,127,srv-3:80,168.206
roundrobin,127,srv-3:80,167.461
roundrobin,127,srv-3:80,166.751
roundrobin,127,srv-3:80,162.654
roundrobin,127,srv-3:80,162.025
roundrobin,127,srv-3:80,166.993
roundrobin,127,srv-3:80,166.158
roundrobin,127,srv-3:80,165.852
roundrobin,127,srv-3:80,165.839
roundrobin,127,srv-3:80,165.835
roundrobin,127,srv-3:80,165.707
roundrobin,127,srv-3:80,167.968
roundrobin,127,srv-3:80,165.940
roundrobin,127,srv-3:80,164.768
roundrobin,127,srv-3:80,167.412
roundrobin,127,srv-3:80,169.308
roundrobin,127,srv-3:80,169.707
roundrobin,127,srv-3:80,166.553
roundrobin,127,srv-3:80,166.999
roundrobin,127,srv-3:80,168.333
roundrobin,127,srv-3:80,167.840
roundrobin,127,srv-3:80,168.248
roundrobin,127,srv-3:80,167.603
roundrobin,127,srv-3:80,167.995
roundrobin,127,srv-3:80,169.527
roundrobin,127,srv-3:80,167.850
roundrobin,127,srv-3:80,161.932
roundrobin,127,srv-3:80,163.923
roundrobin,127,srv-3:80,167.068
roundrobin,127,srv-3:80,165.149
roundrobin,127,srv-3:80,163.071
roundrobin,127,srv-3:80,165.589
roundrobin,127,srv-3:80,169.675
roundrobin,127,srv-3:80,164.366
roundrobin,127,srv-3:80,164.850
roundrobin,127,srv-3:80,168.195
roundrobin,127,srv-3:80,172.432
roundrobin,127,srv-3:80,173.121
roundrobin,127,srv-3:80,165.794
roundrobin,127,srv-3:80,166.687
roundrobin,127,srv-3:80,166.075
roundrobin,127,srv-3:80,167.174
roundrobin,127,srv-3:80,166.835
roundrobin,127,srv-3:80,159.952
roundrobin,127,srv-3:80,163.963
roundrobin,127,srv-3:80,164.941
roundrobin,127,srv-3:80,165.526
roundrobin,127,srv-3:80,169.293
roundrobin,127,srv-3:80,167.009
roundrobin,127,srv-3:80,167.470
roundrobin,127,srv-3:80,169.339
roundrobin,127,srv-3:80,167.642
roundrobin,127,srv-3:80,166.942
roundrobin,127,srv-3:80,164.632
roundrobin,127,srv-3:80,164.512
roundrobin,127,srv-3:80,168.930
roundrobin,127,srv-3:80,168.516
roundrobin,127,srv-3:80,114.754
roundrobin,127,srv-3:80,30.965
roundrobin,127,srv-4:80,164.954
roundrobin,127,srv-4:80,167.334
roundrobin,127,srv-4:80,169.498
roundrobin,127,srv-4:80,169.376
roundrobin,127,srv-4:80,168.654
roundrobin,127,srv-4:80,166.919
roundrobin,127,srv-4:80,169.183
roundrobin,127,srv-4:80,168.814
roundrobin,127,srv-4:80,165.825
roundrobin,127,srv-4:80,164.878
roundrobin,127,srv-4:80,162.660
roundrobin,127,srv-4:80,165.250
roundrobin,127,srv-4:80,165.679
roundrobin,127,srv-4:80,163.565
roundrobin,127,srv-4:80,170.102
roundrobin,127,srv-4:80,169.777
roundrobin,127,srv-4:80,167.100
roundrobin,127,srv-4:80,169.272
roundrobin,127,srv-4:80,171.126
roundrobin,127,srv-4:80,172.234
roundrobin,127,srv-4:80,169.276
roundrobin,127,srv-4:80,166.349
roundrobin,127,srv-4:80,165.391
roundrobin,127,srv-4:80,167.493
roundrobin,127,srv-4:80,168.384
roundrobin,127,srv-4:80,168.609
roundrobin,127,srv-4:80,168.866
roundrobin,127,srv-4:80,168.705
roundrobin,127,srv-4:80,168.371
roundrobin,127,srv-4:80,171.952
roundrobin,127,srv-4:80,172.808
roundrobin,127,srv-4:80,167.751
roundrobin,127,srv-4:80,168.161
roundrobin,127,srv-4:80,169.485
roundrobin,127,srv-4:80,169.390
roundrobin,127,srv-4:80,170.655
roundrobin,127,srv-4:80,166.850
roundrobin,127,srv-4:80,163.153
roundrobin,127,srv-4:80,169.413
roundrobin,127,srv-4:80,170.231
roundrobin,127,srv-4:80,165.524
roundrobin,127,srv-4:80,166.032
roundrobin,127,srv-4:80,165.285
roundrobin,127,srv-4:80,166.015
roundrobin,127,srv-4:80,169.811
roundrobin,127,srv-4:80,172.482
roundrobin,127,srv-4:80,172.937
roundrobin,127,srv-4:80,171.482
roundrobin,127,srv-4:80,171.314
roundrobin,127,srv-4:80,167.741
roundrobin,127,srv-4:80,164.954
roundrobin,127,srv-4:80,166.781
roundrobin,127,srv-4:80,169.373
roundrobin,127,srv-4:80,168.796
roundrobin,127,srv-4:80,170.163
roundrobin,127,srv-4:80,173.189
roundrobin,127,srv-4:80,167.871
roundrobin,127,srv-4:80,166.624
roundrobin,127,srv-4:80,140.720
roundrobin,127,srv-4:80,55.833
roundrobin,127,srv-4:80,0.039
roundrobin,127,srv-5:80,174.027
roundrobin,127,srv-5:80,157.030
roundrobin,127,srv-5:80,167.237
roundrobin,127,srv-5:80,169.618
roundrobin,127,srv-5:80,173.078
roundrobin,127,srv-5:80,169.772
roundrobin,127,srv-5:80,169.106
roundrobin,127,srv-5:80,172.772
roundrobin,127,srv-5:80,169.727
roundrobin,127,srv-5:80,167.742
roundrobin,127,srv-5:80,168.583
roundrobin,127,srv-5:80,170.389
roundrobin,127,srv-5:80,167.915
roundrobin,127,srv-5:80,169.107
roundrobin,127,srv-5:80,169.990
roundrobin,127,srv-5:80,166.562
roundrobin,127,srv-5:80,165.552
roundrobin,127,srv-5:80,170.778
roundrobin,127,srv-5:80,168.054
roundrobin,127,srv-5:80,168.227
roundrobin,127,srv-5:80,172.034
roundrobin,127,srv-5:80,169.586
roundrobin,127,srv-5:80,169.945
roundrobin,127,srv-5:80,166.539
roundrobin,127,srv-5:80,158.446
roundrobin,127,srv-5:80,164.691
roundrobin,127,srv-5:80,158.940
roundrobin,127,srv-5:80,167.746
roundrobin,127,srv-5:80,178.990
roundrobin,127,srv-5:80,168.939
roundrobin,127,srv-5:80,170.826
roundrobin,127,srv-5:80,167.196
roundrobin,127,srv-5:80,159.828
roundrobin,127,srv-5:80,165.853
roundrobin,127,srv-5:80,166.770
roundrobin,127,srv-5:80,169.061
roundrobin,127,srv-5:80,190.784
roundrobin,127,srv-5:80,171.786
roundrobin,127,srv-5:80,150.606
roundrobin,127,srv-5:80,169.875
roundrobin,127,srv-5:80,170.857
roundrobin,127,srv-5:80,169.322
roundrobin,127,srv-5:80,164.258
roundrobin,127,srv-5:80,161.883
roundrobin,127,srv-5:80,178.094
roundrobin,127,srv-5:80,172.319
roundrobin,127,srv-5:80,160.444
roundrobin,127,srv-5:80,170.773
roundrobin,127,srv-5:80,172.413
roundrobin,127,srv-5:80,171.437
roundrobin,127,srv-5:80,169.173
roundrobin,127,srv-5:80,167.639
roundrobin,127,srv-5:80,169.922
roundrobin,127,srv-5:80,168.052
roundrobin,127,srv-5:80,167.138
roundrobin,127,srv-5:80,168.204
roundrobin,127,srv-5:80,167.365
roundrobin,127,srv-5:80,158.781
roundrobin,127,srv-5:80,145.175
roundrobin,127,srv-5:80,67.235
roundrobin,127,srv-5:80,0.049
roundrobin,127,srv-6:80,166.214
roundrobin,127,srv-6:80,163.632
roundrobin,127,srv-6:80,173.504
roundrobin,127,srv-6:80,171.237
roundrobin,127,srv-6:80,172.195
roundrobin,127,srv-6:80,165.316
roundrobin,127,srv-6:80,165.174
roundrobin,127,srv-6:80,171.584
roundrobin,127,srv-6:80,173.916
roundrobin,127,srv-6:80,172.845
roundrobin,127,srv-6:80,167.580
roundrobin,127,srv-6:80,167.695
roundrobin,127,srv-6:80,170.355
roundrobin,127,srv-6:80,169.022
roundrobin,127,srv-6:80,165.867
roundrobin,127,srv-6:80,170.330
roundrobin,127,srv-6:80,171.875
roundrobin,127,srv-6:80,172.119
roundrobin,127,srv-6:80,172.369
roundrobin,127,srv-6:80,172.264
roundrobin,127,srv-6:80,170.898
roundrobin,127,srv-6:80,168.898
roundrobin,127,srv-6:80,166.729
roundrobin,127,srv-6:80,168.375
roundrobin,127,srv-6:80,167.200
roundrobin,127,srv-6:80,168.673
roundrobin,127,srv-6:80,170.299
roundrobin,127,srv-6:80,169.108
roundrobin,127,srv-6:80,166.293
roundrobin,127,srv-6:80,171.482
roundrobin,127,srv-6:80,172.141
roundrobin,127,srv-6:80,167.365
roundrobin,127,srv-6:80,163.128
roundrobin,127,srv-6:80,166.631
roundrobin,127,srv-6:80,159.998
roundrobin,127,srv-6:80,168.173
roundrobin,127,srv-6:80,169.773
roundrobin,127,srv-6:80,167.216
roundrobin,127,srv-6:80,182.106
roundrobin,127,srv-6:80,169.870
roundrobin,127,srv-6:80,158.000
roundrobin,127,srv-6:80,170.576
roundrobin,127,srv-6:80,169.760
roundrobin,127,srv-6:80,166.175
roundrobin,127,srv-6:80,165.067
roundrobin,127,srv-6:80,165.591
roundrobin,127,srv-6:80,173.758
roundrobin,127,srv-6:80,170.107
roundrobin,127,srv-6:80,163.723
roundrobin,127,srv-6:80,166.247
roundrobin,127,srv-6:80,168.594
roundrobin,127,srv-6:80,165.151
roundrobin,127,srv-6:80,168.733
roundrobin,127,srv-6:80,170.929
roundrobin,127,srv-6:80,169.077
roundrobin,127,srv-6:80,170.830
roundrobin,127,srv-6:80,170.991
roundrobin,127,srv-6:80,171.189
roundrobin,127,srv-6:80,170.833
roundrobin,127,srv-6:80,86.032
roundrobin,127,srv-6:80,3.312
roundrobin,127,srv-7:80,173.051
roundrobin,127,srv-7:80,174.684
roundrobin,127,srv-7:80,175.381
roundrobin,127,srv-7:80,166.780
roundrobin,127,srv-7:80,173.546
roundrobin,127,srv-7:80,178.218
roundrobin,127,srv-7:80,169.945
roundrobin,127,srv-7:80,174.141
roundrobin,127,srv-7:80,176.602
roundrobin,127,srv-7:80,176.067
roundrobin,127,srv-7:80,169.313
roundrobin,127,srv-7:80,198.676
roundrobin,127,srv-7:80,170.591
roundrobin,127,srv-7:80,138.452
roundrobin,127,srv-7:80,170.937
roundrobin,127,srv-7:80,175.584
roundrobin,127,srv-7:80,171.750
roundrobin,127,srv-7:80,171.736
roundrobin,127,srv-7:80,171.554
roundrobin,127,srv-7:80,171.864
roundrobin,127,srv-7:80,175.217
roundrobin,127,srv-7:80,174.784
roundrobin,127,srv-7:80,165.546
roundrobin,127,srv-7:80,167.471
roundrobin,127,srv-7:80,160.702
roundrobin,127,srv-7:80,172.813
roundrobin,127,srv-7:80,167.297
roundrobin,127,srv-7:80,175.518
roundrobin,127,srv-7:80,171.606
roundrobin,127,srv-7:80,177.844
roundrobin,127,srv-7:80,183.982
roundrobin,127,srv-7:80,168.506
roundrobin,127,srv-7:80,160.753
roundrobin,127,srv-7:80,169.254
roundrobin,127,srv-7:80,172.769
roundrobin,127,srv-7:80,171.210
roundrobin,127,srv-7:80,169.942
roundrobin,127,srv-7:80,172.280
roundrobin,127,srv-7:80,174.083
roundrobin,127,srv-7:80,169.929
roundrobin,127,srv-7:80,186.599
roundrobin,127,srv-7:80,176.730
roundrobin,127,srv-7:80,160.405
roundrobin,127,srv-7:80,173.985
roundrobin,127,srv-7:80,173.293
roundrobin,127,srv-7:80,169.813
roundrobin,127,srv-7:80,171.727
roundrobin,127,srv-7:80,171.739
roundrobin,127,srv-7:80,177.893
roundrobin,127,srv-7:80,168.083
roundrobin,127,srv-7:80,166.443
roundrobin,127,srv-7:80,167.351
roundrobin,127,srv-7:80,174.546
roundrobin,127,srv-7:80,166.641
roundrobin,127,srv-7:80,174.093
roundrobin,127,srv-7:80,173.918
roundrobin,127,srv-7:80,200.304
roundrobin,127,srv-7:80,174.643
roundrobin,127,srv-7:80,136.937
roundrobin,127,srv-7:80,85.254
roundrobin,127,srv-7:80,0.051
roundrobin,127,srv-8:80,172.321
roundrobin,127,srv-8:80,170.739
roundrobin,127,srv-8:80,171.840
roundrobin,127,srv-8:80,208.673
roundrobin,127,srv-8:80,174.502
roundrobin,127,srv-8:80,137.573
roundrobin,127,srv-8:80,173.964
roundrobin,127,srv-8:80,169.689
roundrobin,127,srv-8:80,177.790
roundrobin,127,srv-8:80,190.366
roundrobin,127,srv-8:80,173.041
roundrobin,127,srv-8:80,161.272
roundrobin,127,srv-8:80,169.901
roundrobin,127,srv-8:80,184.110
roundrobin,127,srv-8:80,177.700
roundrobin,127,srv-8:80,180.414
roundrobin,127,srv-8:80,170.431
roundrobin,127,srv-8:80,153.682
roundrobin,127,srv-8:80,176.350
roundrobin,127,srv-8:80,182.935
roundrobin,127,srv-8:80,165.752
roundrobin,127,srv-8:80,169.120
roundrobin,127,srv-8:80,169.879
roundrobin,127,srv-8:80,172.921
roundrobin,127,srv-8:80,163.716
roundrobin,127,srv-8:80,174.306
roundrobin,127,srv-8:80,192.298
roundrobin,127,srv-8:80,168.570
roundrobin,127,srv-8:80,163.073
roundrobin,127,srv-8:80,169.413
roundrobin,127,srv-8:80,178.079
roundrobin,127,srv-8:80,175.188
roundrobin,127,srv-8:80,153.196
roundrobin,127,srv-8:80,172.671
roundrobin,127,srv-8:80,170.192
roundrobin,127,srv-8:80,172.510
roundrobin,127,srv-8:80,174.371
roundrobin,127,srv-8:80,176.944
roundrobin,127,srv-8:80,180.104
roundrobin,127,srv-8:80,175.207
roundrobin,127,srv-8:80,172.583
roundrobin,127,srv-8:80,172.835
roundrobin,127,srv-8:80,174.067
roundrobin,127,srv-8:80,175.489
roundrobin,127,srv-8:80,174.051
roundrobin,127,srv-8:80,166.968
roundrobin,127,srv-8:80,176.844
roundrobin,127,srv-8:80,163.452
roundrobin,127,srv-8:80,171.321
roundrobin,127,srv-8:80,168.062
roundrobin,127,srv-8:80,176.226
roundrobin,127,srv-8:80,170.684
roundrobin,127,srv-8:80,169.760
roundrobin,127,srv-8:80,204.412
roundrobin,127,srv-8:80,177.412
roundrobin,127,srv-8:80,146.652
roundrobin,127,srv-8:80,179.471
roundrobin,127,srv-8:80,175.307
roundrobin,127,srv-8:80,130.962
roundrobin,127,srv-8:80,61.685
roundrobin,127,srv-8:80,0.073
roundrobin,127,srv-9:80,140.763
roundrobin,127,srv-9:80,111.734
roundrobin,127,srv-9:80,155.071
roundrobin,127,srv-9:80,168.467
roundrobin,127,srv-9:80,155.502
roundrobin,127,srv-9:80,140.712
roundrobin,127,srv-9:80,203.468
roundrobin,127,srv-9:80,150.691
roundrobin,127,srv-9:80,99.650
roundrobin,127,srv-9:80,180.285
roundrobin,127,srv-9:80,159.083
roundrobin,127,srv-9:80,133.020
roundrobin,127,srv-9:80,157.565
roundrobin,127,srv-9:80,155.062
roundrobin,127,srv-9:80,213.183
roundrobin,127,srv-9:80,148.414
roundrobin,127,srv-9:80,87.806
roundrobin,127,srv-9:80,162.275
roundrobin,127,srv-9:80,155.489
roundrobin,127,srv-9:80,193.126
roundrobin,127,srv-9:80,168.119
roundrobin,127,srv-9:80,168.420
roundrobin,127,srv-9:80,131.238
roundrobin,127,srv-9:80,87.975
roundrobin,127,srv-9:80,154.183
roundrobin,127,srv-9:80,147.505
roundrobin,127,srv-9:80,164.442
roundrobin,127,srv-9:80,192.210
roundrobin,127,srv-9:80,193.502
roundrobin,127,srv-9:80,169.250
roundrobin,127,srv-9:80,142.629
roundrobin,127,srv-9:80,101.728
roundrobin,127,srv-9:80,55.001
roundrobin,127,srv-9:80,125.005
roundrobin,127,srv-9:80,156.009
roundrobin,127,srv-9:80,156.406
roundrobin,127,srv-9:80,183.196
roundrobin,127,srv-9:80,209.449
roundrobin,127,srv-9:80,119.824
roundrobin,127,srv-9:80,97.503
roundrobin,127,srv-9:80,160.549
roundrobin,127,srv-9:80,171.199
roundrobin,127,srv-9:80,146.956
roundrobin,127,srv-9:80,179.623
roundrobin,127,srv-9:80,154.452
roundrobin,127,srv-9:80,129.985
roundrobin,127,srv-9:80,150.496
roundrobin,127,srv-9:80,126.965
roundrobin,127,srv-9:80,116.903
roundrobin,127,srv-9:80,219.592
roundrobin,127,srv-9:80,14.580
roundrobin,127,srv-9:80,109.482
roundrobin,127,srv-9:80,155.082
roundrobin,127,srv-9:80,91.884
roundrobin,127,srv-9:80,69.324
roundrobin,127,srv-9:80,62.846
roundrobin,127,srv-9:80,0.074
roundrobin,141,srv-10:80,151.835
roundrobin,141,srv-10:80,136.268
roundrobin,141,srv-10:80,151.324
roundrobin,141,srv-10:80,154.948
roundrobin,141,srv-10:80,157.126
roundrobin,141,srv-10:80,161.175
roundrobin,141,srv-10:80,158.082
roundrobin,141,srv-10:80,117.230
roundrobin,141,srv-10:80,178.968
roundrobin,141,srv-10:80,147.219
roundrobin,141,srv-10:80,175.139
roundrobin,141,srv-10:80,85.742
roundrobin,141,srv-10:80,140.232
roundrobin,141,srv-10:80,193.330
roundrobin,141,srv-10:80,147.508
roundrobin,141,srv-10:80,135.096
roundrobin,141,srv-10:80,160.779
roundrobin,141,srv-10:80,158.592
roundrobin,141,srv-10:80,180.870
roundrobin,141,srv-10:80,150.184
roundrobin,141,srv-10:80,127.586
roundrobin,141,srv-10:80,153.844
roundrobin,141,srv-10:80,149.545
roundrobin,141,srv-10:80,155.795
roundrobin,141,srv-10:80,178.455
roundrobin,141,srv-10:80,155.392
roundrobin,141,srv-10:80,138.113
roundrobin,141,srv-10:80,160.183
roundrobin,141,srv-10:80,158.016
roundrobin,141,srv-10:80,156.211
roundrobin,141,srv-10:80,224.931
roundrobin,141,srv-10:80,154.746
roundrobin,141,srv-10:80,116.599
roundrobin,141,srv-10:80,150.810
roundrobin,141,srv-10:80,168.174
roundrobin,141,srv-10:80,157.093
roundrobin,141,srv-10:80,104.377
roundrobin,141,srv-10:80,187.371
roundrobin,141,srv-10:80,157.210
roundrobin,141,srv-10:80,148.464
roundrobin,141,srv-10:80,152.119
roundrobin,141,srv-10:80,120.358
roundrobin,141,srv-10:80,152.465
roundrobin,141,srv-10:80,215.859
roundrobin,141,srv-10:80,192.652
roundrobin,141,srv-10:80,107.031
roundrobin,141,srv-10:80,159.231
roundrobin,141,srv-10:80,155.789
roundrobin,141,srv-10:80,126.478
roundrobin,141,srv-10:80,152.280
roundrobin,141,srv-10:80,151.372
roundrobin,141,srv-10:80,154.597
roundrobin,141,srv-10:80,154.057
roundrobin,141,srv-10:80,151.397
roundrobin,141,srv-10:80,154.148
roundrobin,141,srv-10:80,151.772
roundrobin,141,srv-10:80,179.279
roundrobin,141,srv-10:80,162.314
roundrobin,141,srv-10:80,128.349
roundrobin,141,srv-10:80,95.629
roundrobin,141,srv-10:80,23.240
roundrobin,141,srv-1:80,189.100
roundrobin,141,srv-1:80,185.466
roundrobin,141,srv-1:80,184.084
roundrobin,141,srv-1:80,185.765
roundrobin,141,srv-1:80,185.415
roundrobin,141,srv-1:80,187.860
roundrobin,141,srv-1:80,185.697
roundrobin,141,srv-1:80,186.798
roundrobin,141,srv-1:80,187.450
roundrobin,141,srv-1:80,185.527
roundrobin,141,srv-1:80,191.717
roundrobin,141,srv-1:80,190.610
roundrobin,141,srv-1:80,184.409
roundrobin,141,srv-1:80,188.122
roundrobin,141,srv-1:80,189.046
roundrobin,141,srv-1:80,185.857
roundrobin,141,srv-1:80,188.741
roundrobin,141,srv-1:80,189.698
roundrobin,141,srv-1:80,186.794
roundrobin,141,srv-1:80,188.464
roundrobin,141,srv-1:80,189.812
roundrobin,141,srv-1:80,191.056
roundrobin,141,srv-1:80,190.630
roundrobin,141,srv-1:80,188.672
roundrobin,141,srv-1:80,189.883
roundrobin,141,srv-1:80,188.097
roundrobin,141,srv-1:80,187.799
roundrobin,141,srv-1:80,191.627
roundrobin,141,srv-1:80,189.453
roundrobin,141,srv-1:80,179.716
roundrobin,141,srv-1:80,177.411
roundrobin,141,srv-1:80,180.950
roundrobin,141,srv-1:80,181.290
roundrobin,141,srv-1:80,182.907
roundrobin,141,srv-1:80,185.540
roundrobin,141,srv-1:80,186.844
roundrobin,141,srv-1:80,189.052
roundrobin,141,srv-1:80,189.318
roundrobin,141,srv-1:80,187.327
roundrobin,141,srv-1:80,186.057
roundrobin,141,srv-1:80,190.644
roundrobin,141,srv-1:80,194.629
roundrobin,141,srv-1:80,191.736
roundrobin,141,srv-1:80,188.812
roundrobin,141,srv-1:80,185.949
roundrobin,141,srv-1:80,188.135
roundrobin,141,srv-1:80,190.426
roundrobin,141,srv-1:80,189.015
roundrobin,141,srv-1:80,188.331
roundrobin,141,srv-1:80,189.514
roundrobin,141,srv-1:80,186.289
roundrobin,141,srv-1:80,184.053
roundrobin,141,srv-1:80,184.548
roundrobin,141,srv-1:80,186.739
roundrobin,141,srv-1:80,189.958
roundrobin,141,srv-1:80,185.672
roundrobin,141,srv-1:80,185.132
roundrobin,141,srv-1:80,188.707
roundrobin,141,srv-1:80,154.996
roundrobin,141,srv-1:80,60.250
roundrobin,141,srv-1:80,0.037
roundrobin,141,srv-2:80,191.941
roundrobin,141,srv-2:80,188.344
roundrobin,141,srv-2:80,183.832
roundrobin,141,srv-2:80,180.768
roundrobin,141,srv-2:80,183.875
roundrobin,141,srv-2:80,190.383
roundrobin,141,srv-2:80,190.215
roundrobin,141,srv-2:80,188.577
roundrobin,141,srv-2:80,186.622
roundrobin,141,srv-2:80,183.575
roundrobin,141,srv-2:80,184.019
roundrobin,141,srv-2:80,186.842
roundrobin,141,srv-2:80,188.370
roundrobin,141,srv-2:80,186.964
roundrobin,141,srv-2:80,186.323
roundrobin,141,srv-2:80,184.585
roundrobin,141,srv-2:80,185.370
roundrobin,141,srv-2:80,184.082
roundrobin,141,srv-2:80,186.870
roundrobin,141,srv-2:80,186.529
roundrobin,141,srv-2:80,186.355
roundrobin,141,srv-2:80,190.610
roundrobin,141,srv-2:80,187.082
roundrobin,141,srv-2:80,185.028
roundrobin,141,srv-2:80,189.349
roundrobin,141,srv-2:80,193.770
roundrobin,141,srv-2:80,191.154
roundrobin,141,srv-2:80,188.976
roundrobin,141,srv-2:80,185.969
roundrobin,141,srv-2:80,188.298
roundrobin,141,srv-2:80,191.202
roundrobin,141,srv-2:80,187.302
roundrobin,141,srv-2:80,186.310
roundrobin,141,srv-2:80,187.572
roundrobin,141,srv-2:80,182.428
roundrobin,141,srv-2:80,183.963
roundrobin,141,srv-2:80,187.301
roundrobin,141,srv-2:80,184.559
roundrobin,141,srv-2:80,188.380
roundrobin,141,srv-2:80,193.134
roundrobin,141,srv-2:80,189.388
roundrobin,141,srv-2:80,185.720
roundrobin,141,srv-2:80,183.746
roundrobin,141,srv-2:80,182.939
roundrobin,141,srv-2:80,185.593
roundrobin,141,srv-2:80,186.202
roundrobin,141,srv-2:80,185.113
roundrobin,141,srv-2:80,182.265
roundrobin,141,srv-2:80,182.814
roundrobin,141,srv-2:80,185.803
roundrobin,141,srv-2:80,188.942
roundrobin,141,srv-2:80,188.883
roundrobin,141,srv-2:80,187.036
roundrobin,141,srv-2:80,189.334
roundrobin,141,srv-2:80,190.341
roundrobin,141,srv-2:80,184.985
roundrobin,141,srv-2:80,182.273
roundrobin,141,srv-2:80,184.642
roundrobin,141,srv-2:80,152.082
roundrobin,141,srv-2:80,58.802
roundrobin,141,srv-2:80,0.032
roundrobin,141,srv-3:80,165.519
roundrobin,141,srv-3:80,184.707
roundrobin,141,srv-3:80,185.037
roundrobin,141,srv-3:80,186.608
roundrobin,141,srv-3:80,186.119
roundrobin,141,srv-3:80,187.831
roundrobin,141,srv-3:80,188.906
roundrobin,141,srv-3:80,189.463
roundrobin,141,srv-3:80,191.867
roundrobin,141,srv-3:80,191.456
roundrobin,141,srv-3:80,184.861
roundrobin,141,srv-3:80,184.589
roundrobin,141,srv-3:80,188.906
roundrobin,141,srv-3:80,187.474
roundrobin,141,srv-3:80,186.110
roundrobin,141,srv-3:80,185.010
roundrobin,141,srv-3:80,185.086
roundrobin,141,srv-3:80,185.656
roundrobin,141,srv-3:80,186.135
roundrobin,141,srv-3:80,188.222
roundrobin,141,srv-3:80,188.551
roundrobin,141,srv-3:80,185.523
roundrobin,141,srv-3:80,187.705
roundrobin,141,srv-3:80,189.762
roundrobin,141,srv-3:80,190.977
roundrobin,141,srv-3:80,188.052
roundrobin,141,srv-3:80,181.928
roundrobin,141,srv-3:80,185.386
roundrobin,141,srv-3:80,188.444
roundrobin,141,srv-3:80,185.950
roundrobin,141,srv-3:80,184.351
roundrobin,141,srv-3:80,186.954
roundrobin,141,srv-3:80,184.974
roundrobin,141,srv-3:80,187.194
roundrobin,141,srv-3:80,192.146
roundrobin,141,srv-3:80,187.814
roundrobin,141,srv-3:80,185.244
roundrobin,141,srv-3:80,186.681
roundrobin,141,srv-3:80,190.301
roundrobin,141,srv-3:80,191.279
roundrobin,141,srv-3:80,188.798
roundrobin,141,srv-3:80,185.629
roundrobin,141,srv-3:80,184.641
roundrobin,141,srv-3:80,185.042
roundrobin,141,srv-3:80,186.289
roundrobin,141,srv-3:80,185.569
roundrobin,141,srv-3:80,184.396
roundrobin,141,srv-3:80,184.257
roundrobin,141,srv-3:80,184.698
roundrobin,141,srv-3:80,188.902
roundrobin,141,srv-3:80,189.283
roundrobin,141,srv-3:80,187.220
roundrobin,141,srv-3:80,189.640
roundrobin,141,srv-3:80,189.029
roundrobin,141,srv-3:80,188.067
roundrobin,141,srv-3:80,186.456
roundrobin,141,srv-3:80,183.364
roundrobin,141,srv-3:80,186.870
roundrobin,141,srv-3:80,190.870
roundrobin,141,srv-3:80,119.166
roundrobin,141,srv-3:80,22.718
roundrobin,141,srv-4:80,191.282
roundrobin,141,srv-4:80,188.872
roundrobin,141,srv-4:80,186.577
roundrobin,141,srv-4:80,188.255
roundrobin,141,srv-4:80,189.638
roundrobin,141,srv-4:80,189.340
roundrobin,141,srv-4:80,186.878
roundrobin,141,srv-4:80,188.803
roundrobin,141,srv-4:80,187.171
roundrobin,141,srv-4:80,184.241
roundrobin,141,srv-4:80,184.184
roundrobin,141,srv-4:80,184.374
roundrobin,141,srv-4:80,184.549
roundrobin,141,srv-4:80,183.633
roundrobin,141,srv-4:80,184.467
roundrobin,141,srv-4:80,184.563
roundrobin,141,srv-4:80,186.501
roundrobin,141,srv-4:80,189.876
roundrobin,141,srv-4:80,187.056
roundrobin,141,srv-4:80,187.114
roundrobin,141,srv-4:80,189.618
roundrobin,141,srv-4:80,187.715
roundrobin,141,srv-4:80,183.753
roundrobin,141,srv-4:80,180.233
roundrobin,141,srv-4:80,179.424
roundrobin,141,srv-4:80,183.384
roundrobin,141,srv-4:80,188.184
roundrobin,141,srv-4:80,185.740
roundrobin,141,srv-4:80,186.146
roundrobin,141,srv-4:80,188.671
roundrobin,141,srv-4:80,184.236
roundrobin,141,srv-4:80,186.200
roundrobin,141,srv-4:80,192.083
roundrobin,141,srv-4:80,187.886
roundrobin,141,srv-4:80,180.988
roundrobin,141,srv-4:80,187.539
roundrobin,141,srv-4:80,191.203
roundrobin,141,srv-4:80,187.389
roundrobin,141,srv-4:80,187.058
roundrobin,141,srv-4:80,189.969
roundrobin,141,srv-4:80,191.329
roundrobin,141,srv-4:80,189.370
roundrobin,141,srv-4:80,189.726
roundrobin,141,srv-4:80,189.811
roundrobin,141,srv-4:80,184.890
roundrobin,141,srv-4:80,184.303
roundrobin,141,srv-4:80,187.145
roundrobin,141,srv-4:80,187.312
roundrobin,141,srv-4:80,191.763
roundrobin,141,srv-4:80,193.589
roundrobin,141,srv-4:80,190.569
roundrobin,141,srv-4:80,188.116
roundrobin,141,srv-4:80,186.461
roundrobin,141,srv-4:80,184.993
roundrobin,141,srv-4:80,181.213
roundrobin,141,srv-4:80,185.691
roundrobin,141,srv-4:80,190.916
roundrobin,141,srv-4:80,183.287
roundrobin,141,srv-4:80,143.180
roundrobin,141,srv-4:80,53.753
roundrobin,141,srv-4:80,0.034
roundrobin,141,srv-5:80,181.742
roundrobin,141,srv-5:80,196.646
roundrobin,141,srv-5:80,187.111
roundrobin,141,srv-5:80,175.054
roundrobin,141,srv-5:80,181.157
roundrobin,141,srv-5:80,179.056
roundrobin,141,srv-5:80,188.330
roundrobin,141,srv-5:80,190.769
roundrobin,141,srv-5:80,188.463
roundrobin,141,srv-5:80,189.664
roundrobin,141,srv-5:80,186.195
roundrobin,141,srv-5:80,188.547
roundrobin,141,srv-5:80,189.425
roundrobin,141,srv-5:80,191.099
roundrobin,141,srv-5:80,182.555
roundrobin,141,srv-5:80,182.330
roundrobin,141,srv-5:80,188.658
roundrobin,141,srv-5:80,185.854
roundrobin,141,srv-5:80,183.850
roundrobin,141,srv-5:80,185.513
roundrobin,141,srv-5:80,185.938
roundrobin,141,srv-5:80,185.621
roundrobin,141,srv-5:80,189.126
roundrobin,141,srv-5:80,190.748
roundrobin,141,srv-5:80,183.681
roundrobin,141,srv-5:80,184.268
roundrobin,141,srv-5:80,177.463
roundrobin,141,srv-5:80,189.388
roundrobin,141,srv-5:80,183.658
roundrobin,141,srv-5:80,186.926
roundrobin,141,srv-5:80,187.981
roundrobin,141,srv-5:80,182.670
roundrobin,141,srv-5:80,186.013
roundrobin,141,srv-5:80,188.274
roundrobin,141,srv-5:80,191.605
roundrobin,141,srv-5:80,190.686
roundrobin,141,srv-5:80,188.441
roundrobin,141,srv-5:80,187.360
roundrobin,141,srv-5:80,226.605
roundrobin,141,srv-5:80,188.802
roundrobin,141,srv-5:80,150.631
roundrobin,141,srv-5:80,184.712
roundrobin,141,srv-5:80,191.632
roundrobin,141,srv-5:80,188.398
roundrobin,141,srv-5:80,186.233
roundrobin,141,srv-5:80,184.008
roundrobin,141,srv-5:80,185.179
roundrobin,141,srv-5:80,189.729
roundrobin,141,srv-5:80,191.668
roundrobin,141,srv-5:80,189.967
roundrobin,141,srv-5:80,187.962
roundrobin,141,srv-5:80,189.638
roundrobin,141,srv-5:80,187.698
roundrobin,141,srv-5:80,178.769
roundrobin,141,srv-5:80,194.491
roundrobin,141,srv-5:80,185.561
roundrobin,141,srv-5:80,187.409
roundrobin,141,srv-5:80,192.736
roundrobin,141,srv-5:80,155.165
roundrobin,141,srv-5:80,69.080
roundrobin,141,srv-5:80,0.053
roundrobin,141,srv-6:80,186.116
roundrobin,141,srv-6:80,177.601
roundrobin,141,srv-6:80,185.600
roundrobin,141,srv-6:80,211.603
roundrobin,141,srv-6:80,188.861
roundrobin,141,srv-6:80,167.480
roundrobin,141,srv-6:80,186.093
roundrobin,141,srv-6:80,207.574
roundrobin,141,srv-6:80,183.821
roundrobin,141,srv-6:80,163.396
roundrobin,141,srv-6:80,185.568
roundrobin,141,srv-6:80,188.931
roundrobin,141,srv-6:80,189.979
roundrobin,141,srv-6:80,192.643
roundrobin,141,srv-6:80,183.388
roundrobin,141,srv-6:80,191.706
roundrobin,141,srv-6:80,191.484
roundrobin,141,srv-6:80,187.070
roundrobin,141,srv-6:80,190.895
roundrobin,141,srv-6:80,190.910
roundrobin,141,srv-6:80,193.497
roundrobin,141,srv-6:80,191.531
roundrobin,141,srv-6:80,188.624
roundrobin,141,srv-6:80,191.549
roundrobin,141,srv-6:80,180.861
roundrobin,141,srv-6:80,186.195
roundrobin,141,srv-6:80,181.953
roundrobin,141,srv-6:80,185.087
roundrobin,141,srv-6:80,184.126
roundrobin,141,srv-6:80,186.030
roundrobin,141,srv-6:80,188.735
roundrobin,141,srv-6:80,188.278
roundrobin,141,srv-6:80,206.551
roundrobin,141,srv-6:80,186.771
roundrobin,141,srv-6:80,167.800
roundrobin,141,srv-6:80,183.562
roundrobin,141,srv-6:80,185.704
roundrobin,141,srv-6:80,183.681
roundrobin,141,srv-6:80,195.721
roundrobin,141,srv-6:80,193.667
roundrobin,141,srv-6:80,184.244
roundrobin,141,srv-6:80,185.303
roundrobin,141,srv-6:80,188.323
roundrobin,141,srv-6:80,187.132
roundrobin,141,srv-6:80,187.471
roundrobin,141,srv-6:80,185.559
roundrobin,141,srv-6:80,188.362
roundrobin,141,srv-6:80,186.759
roundrobin,141,srv-6:80,183.011
roundrobin,141,srv-6:80,184.270
roundrobin,141,srv-6:80,188.797
roundrobin,141,srv-6:80,187.996
roundrobin,141,srv-6:80,193.863
roundrobin,141,srv-6:80,181.112
roundrobin,141,srv-6:80,183.383
roundrobin,141,srv-6:80,182.396
roundrobin,141,srv-6:80,182.836
roundrobin,141,srv-6:80,185.165
roundrobin,141,srv-6:80,177.968
roundrobin,141,srv-6:80,95.941
roundrobin,141,srv-6:80,0.043
roundrobin,141,srv-7:80,194.261
roundrobin,141,srv-7:80,196.163
roundrobin,141,srv-7:80,190.443
roundrobin,141,srv-7:80,190.574
roundrobin,141,srv-7:80,191.608
roundrobin,141,srv-7:80,192.558
roundrobin,141,srv-7:80,191.131
roundrobin,141,srv-7:80,220.396
roundrobin,141,srv-7:80,187.782
roundrobin,141,srv-7:80,163.699
roundrobin,141,srv-7:80,183.894
roundrobin,141,srv-7:80,194.172
roundrobin,141,srv-7:80,182.132
roundrobin,141,srv-7:80,193.183
roundrobin,141,srv-7:80,202.376
roundrobin,141,srv-7:80,190.232
roundrobin,141,srv-7:80,172.818
roundrobin,141,srv-7:80,195.721
roundrobin,141,srv-7:80,194.788
roundrobin,141,srv-7:80,184.689
roundrobin,141,srv-7:80,180.338
roundrobin,141,srv-7:80,187.435
roundrobin,141,srv-7:80,223.206
roundrobin,141,srv-7:80,191.830
roundrobin,141,srv-7:80,182.612
roundrobin,141,srv-7:80,191.361
roundrobin,141,srv-7:80,212.699
roundrobin,141,srv-7:80,191.681
roundrobin,141,srv-7:80,150.352
roundrobin,141,srv-7:80,189.116
roundrobin,141,srv-7:80,221.259
roundrobin,141,srv-7:80,191.355
roundrobin,141,srv-7:80,182.975
roundrobin,141,srv-7:80,188.464
roundrobin,141,srv-7:80,179.319
roundrobin,141,srv-7:80,183.504
roundrobin,141,srv-7:80,178.448
roundrobin,141,srv-7:80,182.938
roundrobin,141,srv-7:80,192.061
roundrobin,141,srv-7:80,212.455
roundrobin,141,srv-7:80,206.413
roundrobin,141,srv-7:80,177.937
roundrobin,141,srv-7:80,178.092
roundrobin,141,srv-7:80,171.283
roundrobin,141,srv-7:80,188.683
roundrobin,141,srv-7:80,189.059
roundrobin,141,srv-7:80,189.438
roundrobin,141,srv-7:80,242.044
roundrobin,141,srv-7:80,190.135
roundrobin,141,srv-7:80,140.674
roundrobin,141,srv-7:80,192.407
roundrobin,141,srv-7:80,190.811
roundrobin,141,srv-7:80,193.304
roundrobin,141,srv-7:80,195.480
roundrobin,141,srv-7:80,190.158
roundrobin,141,srv-7:80,187.396
roundrobin,141,srv-7:80,191.981
roundrobin,141,srv-7:80,193.104
roundrobin,141,srv-7:80,154.140
roundrobin,141,srv-7:80,77.351
roundrobin,141,srv-7:80,0.053
roundrobin,141,srv-8:80,127.853
roundrobin,141,srv-8:80,187.540
roundrobin,141,srv-8:80,211.498
roundrobin,141,srv-8:80,192.990
roundrobin,141,srv-8:80,176.060
roundrobin,141,srv-8:80,189.391
roundrobin,141,srv-8:80,187.613
roundrobin,141,srv-8:80,187.661
roundrobin,141,srv-8:80,191.063
roundrobin,141,srv-8:80,186.002
roundrobin,141,srv-8:80,187.985
roundrobin,141,srv-8:80,190.128
roundrobin,141,srv-8:80,186.914
roundrobin,141,srv-8:80,173.538
roundrobin,141,srv-8:80,194.339
roundrobin,141,srv-8:80,185.213
roundrobin,141,srv-8:80,185.712
roundrobin,141,srv-8:80,182.248
roundrobin,141,srv-8:80,192.332
roundrobin,141,srv-8:80,187.306
roundrobin,141,srv-8:80,186.124
roundrobin,141,srv-8:80,186.721
roundrobin,141,srv-8:80,198.057
roundrobin,141,srv-8:80,193.017
roundrobin,141,srv-8:80,183.722
roundrobin,141,srv-8:80,197.158
roundrobin,141,srv-8:80,190.556
roundrobin,141,srv-8:80,233.615
roundrobin,141,srv-8:80,186.761
roundrobin,141,srv-8:80,135.020
roundrobin,141,srv-8:80,188.746
roundrobin,141,srv-8:80,192.325
roundrobin,141,srv-8:80,188.538
roundrobin,141,srv-8:80,188.985
roundrobin,141,srv-8:80,193.817
roundrobin,141,srv-8:80,213.405
roundrobin,141,srv-8:80,178.735
roundrobin,141,srv-8:80,166.388
roundrobin,141,srv-8:80,182.585
roundrobin,141,srv-8:80,186.411
roundrobin,141,srv-8:80,181.457
roundrobin,141,srv-8:80,189.150
roundrobin,141,srv-8:80,174.981
roundrobin,141,srv-8:80,190.329
roundrobin,141,srv-8:80,183.807
roundrobin,141,srv-8:80,185.186
roundrobin,141,srv-8:80,190.140
roundrobin,141,srv-8:80,190.347
roundrobin,141,srv-8:80,191.658
roundrobin,141,srv-8:80,189.069
roundrobin,141,srv-8:80,231.812
roundrobin,141,srv-8:80,191.458
roundrobin,141,srv-8:80,145.142
roundrobin,141,srv-8:80,189.580
roundrobin,141,srv-8:80,192.911
roundrobin,141,srv-8:80,190.738
roundrobin,141,srv-8:80,193.678
roundrobin,141,srv-8:80,187.489
roundrobin,141,srv-8:80,186.738
roundrobin,141,srv-8:80,133.858
roundrobin,141,srv-8:80,55.021
roundrobin,141,srv-9:80,123.601
roundrobin,141,srv-9:80,142.709
roundrobin,141,srv-9:80,144.740
roundrobin,141,srv-9:80,80.906
roundrobin,141,srv-9:80,81.273
roundrobin,141,srv-9:80,122.269
roundrobin,141,srv-9:80,156.858
roundrobin,141,srv-9:80,167.661
roundrobin,141,srv-9:80,170.522
roundrobin,141,srv-9:80,136.320
roundrobin,141,srv-9:80,144.934
roundrobin,141,srv-9:80,166.300
roundrobin,141,srv-9:80,187.505
roundrobin,141,srv-9:80,162.551
roundrobin,141,srv-9:80,130.845
roundrobin,141,srv-9:80,196.176
roundrobin,141,srv-9:80,193.339
roundrobin,141,srv-9:80,109.081
roundrobin,141,srv-9:80,127.330
roundrobin,141,srv-9:80,146.355
roundrobin,141,srv-9:80,156.765
roundrobin,141,srv-9:80,225.742
roundrobin,141,srv-9:80,126.834
roundrobin,141,srv-9:80,79.380
roundrobin,141,srv-9:80,163.429
roundrobin,141,srv-9:80,160.702
roundrobin,141,srv-9:80,151.462
roundrobin,141,srv-9:80,157.507
roundrobin,141,srv-9:80,188.675
roundrobin,141,srv-9:80,155.516
roundrobin,141,srv-9:80,124.471
roundrobin,141,srv-9:80,153.127
roundrobin,141,srv-9:80,151.447
roundrobin,141,srv-9:80,156.968
roundrobin,141,srv-9:80,161.169
roundrobin,141,srv-9:80,165.598
roundrobin,141,srv-9:80,157.106
roundrobin,141,srv-9:80,154.171
roundrobin,141,srv-9:80,162.692
roundrobin,141,srv-9:80,82.961
roundrobin,141,srv-9:80,215.711
roundrobin,141,srv-9:80,22.675
roundrobin,141,srv-9:80,100.263
roundrobin,141,srv-9:80,200.918
roundrobin,141,srv-9:80,143.443
roundrobin,141,srv-9:80,107.739
roundrobin,141,srv-9:80,158.935
roundrobin,141,srv-9:80,191.736
roundrobin,141,srv-9:80,154.616
roundrobin,141,srv-9:80,123.701
roundrobin,141,srv-9:80,155.716
roundrobin,141,srv-9:80,154.161
roundrobin,141,srv-9:80,154.891
roundrobin,141,srv-9:80,157.045
roundrobin,141,srv-9:80,153.592
roundrobin,141,srv-9:80,198.820
roundrobin,141,srv-9:80,163.573
roundrobin,141,srv-9:80,114.520
roundrobin,141,srv-9:80,75.064
roundrobin,157,srv-10:80,148.246
roundrobin,157,srv-10:80,164.625
roundrobin,157,srv-10:80,177.162
roundrobin,157,srv-10:80,206.588
roundrobin,157,srv-10:80,132.547
roundrobin,157,srv-10:80,110.053
roundrobin,157,srv-10:80,160.760
roundrobin,157,srv-10:80,151.686
roundrobin,157,srv-10:80,148.612
roundrobin,157,srv-10:80,217.508
roundrobin,157,srv-10:80,179.257
roundrobin,157,srv-10:80,85.779
roundrobin,157,srv-10:80,125.756
roundrobin,157,srv-10:80,152.175
roundrobin,157,srv-10:80,148.236
roundrobin,157,srv-10:80,159.118
roundrobin,157,srv-10:80,159.611
roundrobin,157,srv-10:80,150.358
roundrobin,157,srv-10:80,150.743
roundrobin,157,srv-10:80,143.418
roundrobin,157,srv-10:80,222.378
roundrobin,157,srv-10:80,157.663
roundrobin,157,srv-10:80,87.708
roundrobin,157,srv-10:80,182.484
roundrobin,157,srv-10:80,147.210
roundrobin,157,srv-10:80,121.895
roundrobin,157,srv-10:80,165.278
roundrobin,157,srv-10:80,155.635
roundrobin,157,srv-10:80,147.231
roundrobin,157,srv-10:80,177.562
roundrobin,157,srv-10:80,168.530
roundrobin,157,srv-10:80,127.584
roundrobin,157,srv-10:80,195.408
roundrobin,157,srv-10:80,171.300
roundrobin,157,srv-10:80,100.425
roundrobin,157,srv-10:80,174.547
roundrobin,157,srv-10:80,188.392
roundrobin,157,srv-10:80,126.962
roundrobin,157,srv-10:80,60.181
roundrobin,157,srv-10:80,216.340
roundrobin,157,srv-10:80,14.332
roundrobin,157,srv-10:80,85.577
roundrobin,157,srv-10:80,155.974
roundrobin,157,srv-10:80,164.427
roundrobin,157,srv-10:80,161.153
roundrobin,157,srv-10:80,173.488
roundrobin,157,srv-10:80,151.398
roundrobin,157,srv-10:80,129.707
roundrobin,157,srv-10:80,166.607
roundrobin,157,srv-10:80,152.038
roundrobin,157,srv-10:80,137.740
roundrobin,157,srv-10:80,157.987
roundrobin,157,srv-10:80,154.947
roundrobin,157,srv-10:80,152.634
roundrobin,157,srv-10:80,171.890
roundrobin,157,srv-10:80,201.997
roundrobin,157,srv-10:80,156.303
roundrobin,157,srv-10:80,110.390
roundrobin,157,srv-10:80,171.477
roundrobin,157,srv-10:80,136.613
roundrobin,157,srv-10:80,27.083
roundrobin,157,srv-1:80,211.802
roundrobin,157,srv-1:80,211.304
roundrobin,157,srv-1:80,206.058
roundrobin,157,srv-1:80,200.612
roundrobin,157,srv-1:80,204.142
roundrobin,157,srv-1:80,205.768
roundrobin,157,srv-1:80,203.238
roundrobin,157,srv-1:80,208.921
roundrobin,157,srv-1:80,213.335
roundrobin,157,srv-1:80,208.313
roundrobin,157,srv-1:80,205.935
roundrobin,157,srv-1:80,206.196
roundrobin,157,srv-1:80,208.127
roundrobin,157,srv-1:80,209.155
roundrobin,157,srv-1:80,206.749
roundrobin,157,srv-1:80,205.801
roundrobin,157,srv-1:80,205.275
roundrobin,157,srv-1:80,203.638
roundrobin,157,srv-1:80,209.729
roundrobin,157,srv-1:80,211.890
roundrobin,157,srv-1:80,208.889
roundrobin,157,srv-1:80,211.528
roundrobin,157,srv-1:80,210.720
roundrobin,157,srv-1:80,210.016
roundrobin,157,srv-1:80,210.345
roundrobin,157,srv-1:80,209.111
roundrobin,157,srv-1:80,204.883
roundrobin,157,srv-1:80,204.783
roundrobin,157,srv-1:80,206.457
roundrobin,157,srv-1:80,205.778
roundrobin,157,srv-1:80,205.482
roundrobin,157,srv-1:80,208.988
roundrobin,157,srv-1:80,213.561
roundrobin,157,srv-1:80,211.572
roundrobin,157,srv-1:80,205.017
roundrobin,157,srv-1:80,204.013
roundrobin,157,srv-1:80,207.003
roundrobin,157,srv-1:80,208.426
roundrobin,157,srv-1:80,207.962
roundrobin,157,srv-1:80,202.225
roundrobin,157,srv-1:80,205.951
roundrobin,157,srv-1:80,210.066
roundrobin,157,srv-1:80,210.651
roundrobin,157,srv-1:80,207.981
roundrobin,157,srv-1:80,208.355
roundrobin,157,srv-1:80,212.990
roundrobin,157,srv-1:80,206.585
roundrobin,157,srv-1:80,204.639
roundrobin,157,srv-1:80,207.933
roundrobin,157,srv-1:80,209.796
roundrobin,157,srv-1:80,215.542
roundrobin,157,srv-1:80,215.633
roundrobin,157,srv-1:80,213.440
roundrobin,157,srv-1:80,210.757
roundrobin,157,srv-1:80,205.805
roundrobin,157,srv-1:80,207.120
roundrobin,157,srv-1:80,208.047
roundrobin,157,srv-1:80,204.684
roundrobin,157,srv-1:80,203.768
roundrobin,157,srv-1:80,105.002
roundrobin,157,srv-1:80,1.901
roundrobin,157,srv-2:80,206.464
roundrobin,157,srv-2:80,209.152
roundrobin,157,srv-2:80,209.603
roundrobin,157,srv-2:80,207.534
roundrobin,157,srv-2:80,205.527
roundrobin,157,srv-2:80,207.054
roundrobin,157,srv-2:80,210.406
roundrobin,157,srv-2:80,211.559
roundrobin,157,srv-2:80,210.118
roundrobin,157,srv-2:80,207.599
roundrobin,157,srv-2:80,213.217
roundrobin,157,srv-2:80,217.693
roundrobin,157,srv-2:80,212.350
roundrobin,157,srv-2:80,212.109
roundrobin,157,srv-2:80,211.538
roundrobin,157,srv-2:80,209.413
roundrobin,157,srv-2:80,211.023
roundrobin,157,srv-2:80,210.206
roundrobin,157,srv-2:80,209.774
roundrobin,157,srv-2:80,214.864
roundrobin,157,srv-2:80,215.138
roundrobin,157,srv-2:80,213.501
roundrobin,157,srv-2:80,211.833
roundrobin,157,srv-2:80,212.744
roundrobin,157,srv-2:80,212.723
roundrobin,157,srv-2:80,211.567
roundrobin,157,srv-2:80,214.356
roundrobin,157,srv-2:80,211.385
roundrobin,157,srv-2:80,210.845
roundrobin,157,srv-2:80,207.416
roundrobin,157,srv-2:80,207.585
roundrobin,157,srv-2:80,210.924
roundrobin,157,srv-2:80,207.875
roundrobin,157,srv-2:80,209.919
roundrobin,157,srv-2:80,209.093
roundrobin,157,srv-2:80,205.049
roundrobin,157,srv-2:80,206.722
roundrobin,157,srv-2:80,209.805
roundrobin,157,srv-2:80,208.601
roundrobin,157,srv-2:80,211.645
roundrobin,157,srv-2:80,211.997
roundrobin,157,srv-2:80,207.588
roundrobin,157,srv-2:80,205.810
roundrobin,157,srv-2:80,206.323
roundrobin,157,srv-2:80,208.467
roundrobin,157,srv-2:80,211.110
roundrobin,157,srv-2:80,210.234
roundrobin,157,srv-2:80,204.152
roundrobin,157,srv-2:80,208.651
roundrobin,157,srv-2:80,212.229
roundrobin,157,srv-2:80,206.818
roundrobin,157,srv-2:80,207.185
roundrobin,157,srv-2:80,208.415
roundrobin,157,srv-2:80,204.347
roundrobin,157,srv-2:80,207.580
roundrobin,157,srv-2:80,215.060
roundrobin,157,srv-2:80,208.231
roundrobin,157,srv-2:80,201.541
roundrobin,157,srv-2:80,201.771
roundrobin,157,srv-2:80,102.217
roundrobin,157,srv-2:80,1.627
roundrobin,157,srv-3:80,205.106
roundrobin,157,srv-3:80,205.401
roundrobin,157,srv-3:80,210.922
roundrobin,157,srv-3:80,207.341
roundrobin,157,srv-3:80,207.053
roundrobin,157,srv-3:80,207.255
roundrobin,157,srv-3:80,206.148
roundrobin,157,srv-3:80,210.419
roundrobin,157,srv-3:80,211.301
roundrobin,157,srv-3:80,208.938
roundrobin,157,srv-3:80,209.160
roundrobin,157,srv-3:80,207.385
roundrobin,157,srv-3:80,210.109
roundrobin,157,srv-3:80,210.140
roundrobin,157,srv-3:80,205.626
roundrobin,157,srv-3:80,211.311
roundrobin,157,srv-3:80,215.410
roundrobin,157,srv-3:80,214.214
roundrobin,157,srv-3:80,211.354
roundrobin,157,srv-3:80,208.439
roundrobin,157,srv-3:80,212.332
roundrobin,157,srv-3:80,210.485
roundrobin,157,srv-3:80,208.997
roundrobin,157,srv-3:80,211.593
roundrobin,157,srv-3:80,208.066
roundrobin,157,srv-3:80,208.578
roundrobin,157,srv-3:80,212.624
roundrobin,157,srv-3:80,210.721
roundrobin,157,srv-3:80,207.674
roundrobin,157,srv-3:80,208.263
roundrobin,157,srv-3:80,205.454
roundrobin,157,srv-3:80,209.038
roundrobin,157,srv-3:80,205.993
roundrobin,157,srv-3:80,202.604
roundrobin,157,srv-3:80,207.226
roundrobin,157,srv-3:80,202.311
roundrobin,157,srv-3:80,203.923
roundrobin,157,srv-3:80,209.315
roundrobin,157,srv-3:80,208.691
roundrobin,157,srv-3:80,209.863
roundrobin,157,srv-3:80,207.381
roundrobin,157,srv-3:80,206.523
roundrobin,157,srv-3:80,209.300
roundrobin,157,srv-3:80,206.695
roundrobin,157,srv-3:80,206.100
roundrobin,157,srv-3:80,206.614
roundrobin,157,srv-3:80,209.027
roundrobin,157,srv-3:80,214.149
roundrobin,157,srv-3:80,214.438
roundrobin,157,srv-3:80,212.525
roundrobin,157,srv-3:80,211.305
roundrobin,157,srv-3:80,209.956
roundrobin,157,srv-3:80,205.966
roundrobin,157,srv-3:80,203.294
roundrobin,157,srv-3:80,205.944
roundrobin,157,srv-3:80,209.286
roundrobin,157,srv-3:80,206.491
roundrobin,157,srv-3:80,204.720
roundrobin,157,srv-3:80,164.849
roundrobin,157,srv-3:80,61.481
roundrobin,157,srv-3:80,0.036
roundrobin,157,srv-4:80,205.959
roundrobin,157,srv-4:80,208.181
roundrobin,157,srv-4:80,212.105
roundrobin,157,srv-4:80,213.769
roundrobin,157,srv-4:80,212.350
roundrobin,157,srv-4:80,211.968
roundrobin,157,srv-4:80,211.916
roundrobin,157,srv-4:80,213.350
roundrobin,157,srv-4:80,210.098
roundrobin,157,srv-4:80,207.628
roundrobin,157,srv-4:80,205.418
roundrobin,157,srv-4:80,203.627
roundrobin,157,srv-4:80,210.743
roundrobin,157,srv-4:80,210.603
roundrobin,157,srv-4:80,208.934
roundrobin,157,srv-4:80,211.255
roundrobin,157,srv-4:80,216.162
roundrobin,157,srv-4:80,215.455
roundrobin,157,srv-4:80,207.727
roundrobin,157,srv-4:80,205.467
roundrobin,157,srv-4:80,208.496
roundrobin,157,srv-4:80,211.437
roundrobin,157,srv-4:80,213.272
roundrobin,157,srv-4:80,211.335
roundrobin,157,srv-4:80,210.866
roundrobin,157,srv-4:80,212.049
roundrobin,157,srv-4:80,206.532
roundrobin,157,srv-4:80,204.851
roundrobin,157,srv-4:80,209.377
roundrobin,157,srv-4:80,208.492
roundrobin,157,srv-4:80,208.956
roundrobin,157,srv-4:80,215.294
roundrobin,157,srv-4:80,216.248
roundrobin,157,srv-4:80,209.331
roundrobin,157,srv-4:80,208.768
roundrobin,157,srv-4:80,210.313
roundrobin,157,srv-4:80,211.431
roundrobin,157,srv-4:80,215.161
roundrobin,157,srv-4:80,212.059
roundrobin,157,srv-4:80,212.449
roundrobin,157,srv-4:80,211.221
roundrobin,157,srv-4:80,210.321
roundrobin,157,srv-4:80,209.777
roundrobin,157,srv-4:80,208.894
roundrobin,157,srv-4:80,211.704
roundrobin,157,srv-4:80,205.780
roundrobin,157,srv-4:80,207.363
roundrobin,157,srv-4:80,212.638
roundrobin,157,srv-4:80,205.805
roundrobin,157,srv-4:80,205.899
roundrobin,157,srv-4:80,209.580
roundrobin,157,srv-4:80,208.219
roundrobin,157,srv-4:80,209.164
roundrobin,157,srv-4:80,210.604
roundrobin,157,srv-4:80,208.001
roundrobin,157,srv-4:80,207.505
roundrobin,157,srv-4:80,210.695
roundrobin,157,srv-4:80,210.377
roundrobin,157,srv-4:80,206.501
roundrobin,157,srv-4:80,102.029
roundrobin,157,srv-4:80,0.040
roundrobin,157,srv-5:80,203.859
roundrobin,157,srv-5:80,195.768
roundrobin,157,srv-5:80,204.267
roundrobin,157,srv-5:80,208.840
roundrobin,157,srv-5:80,209.915
roundrobin,157,srv-5:80,249.338
roundrobin,157,srv-5:80,214.100
roundrobin,157,srv-5:80,176.580
roundrobin,157,srv-5:80,211.101
roundrobin,157,srv-5:80,211.111
roundrobin,157,srv-5:80,207.788
roundrobin,157,srv-5:80,208.863
roundrobin,157,srv-5:80,212.039
roundrobin,157,srv-5:80,211.802
roundrobin,157,srv-5:80,208.764
roundrobin,157,srv-5:80,212.904
roundrobin,157,srv-5:80,202.556
roundrobin,157,srv-5:80,208.307
roundrobin,157,srv-5:80,209.211
roundrobin,157,srv-5:80,213.916
roundrobin,157,srv-5:80,204.302
roundrobin,157,srv-5:80,211.245
roundrobin,157,srv-5:80,257.628
roundrobin,157,srv-5:80,211.638
roundrobin,157,srv-5:80,165.169
roundrobin,157,srv-5:80,211.482
roundrobin,157,srv-5:80,207.671
roundrobin,157,srv-5:80,208.168
roundrobin,157,srv-5:80,230.633
roundrobin,157,srv-5:80,210.013
roundrobin,157,srv-5:80,198.548
roundrobin,157,srv-5:80,210.699
roundrobin,157,srv-5:80,225.692
roundrobin,157,srv-5:80,204.691
roundrobin,157,srv-5:80,190.902
roundrobin,157,srv-5:80,206.627
roundrobin,157,srv-5:80,228.456
roundrobin,157,srv-5:80,211.276
roundrobin,157,srv-5:80,191.191
roundrobin,157,srv-5:80,205.793
roundrobin,157,srv-5:80,207.722
roundrobin,157,srv-5:80,206.724
roundrobin,157,srv-5:80,208.776
roundrobin,157,srv-5:80,208.498
roundrobin,157,srv-5:80,208.841
roundrobin,157,srv-5:80,202.589
roundrobin,157,srv-5:80,208.839
roundrobin,157,srv-5:80,213.669
roundrobin,157,srv-5:80,211.517
roundrobin,157,srv-5:80,198.009
roundrobin,157,srv-5:80,207.919
roundrobin,157,srv-5:80,200.604
roundrobin,157,srv-5:80,208.677
roundrobin,157,srv-5:80,212.665
roundrobin,157,srv-5:80,212.410
roundrobin,157,srv-5:80,212.750
roundrobin,157,srv-5:80,206.638
roundrobin,157,srv-5:80,278.364
roundrobin,157,srv-5:80,207.697
roundrobin,157,srv-5:80,47.742
roundrobin,157,srv-5:80,0.101
roundrobin,157,srv-6:80,187.496
roundrobin,157,srv-6:80,224.670
roundrobin,157,srv-6:80,208.985
roundrobin,157,srv-6:80,210.442
roundrobin,157,srv-6:80,204.977
roundrobin,157,srv-6:80,202.270
roundrobin,157,srv-6:80,209.542
roundrobin,157,srv-6:80,213.838
roundrobin,157,srv-6:80,215.963
roundrobin,157,srv-6:80,215.070
roundrobin,157,srv-6:80,206.324
roundrobin,157,srv-6:80,207.007
roundrobin,157,srv-6:80,199.320
roundrobin,157,srv-6:80,207.783
roundrobin,157,srv-6:80,198.797
roundrobin,157,srv-6:80,207.997
roundrobin,157,srv-6:80,212.826
roundrobin,157,srv-6:80,210.901
roundrobin,157,srv-6:80,210.730
roundrobin,157,srv-6:80,208.912
roundrobin,157,srv-6:80,204.465
roundrobin,157,srv-6:80,204.413
roundrobin,157,srv-6:80,208.846
roundrobin,157,srv-6:80,206.868
roundrobin,157,srv-6:80,211.143
roundrobin,157,srv-6:80,209.686
roundrobin,157,srv-6:80,218.655
roundrobin,157,srv-6:80,209.303
roundrobin,157,srv-6:80,200.009
roundrobin,157,srv-6:80,208.575
roundrobin,157,srv-6:80,210.712
roundrobin,157,srv-6:80,207.433
roundrobin,157,srv-6:80,213.172
roundrobin,157,srv-6:80,210.423
roundrobin,157,srv-6:80,213.143
roundrobin,157,srv-6:80,212.841
roundrobin,157,srv-6:80,210.702
roundrobin,157,srv-6:80,212.610
roundrobin,157,srv-6:80,216.573
roundrobin,157,srv-6:80,212.268
roundrobin,157,srv-6:80,212.287
roundrobin,157,srv-6:80,210.126
roundrobin,157,srv-6:80,209.222
roundrobin,157,srv-6:80,208.560
roundrobin,157,srv-6:80,212.014
roundrobin,157,srv-6:80,217.470
roundrobin,157,srv-6:80,210.242
roundrobin,157,srv-6:80,195.540
roundrobin,157,srv-6:80,204.783
roundrobin,157,srv-6:80,198.190
roundrobin,157,srv-6:80,205.903
roundrobin,157,srv-6:80,225.064
roundrobin,157,srv-6:80,205.231
roundrobin,157,srv-6:80,215.255
roundrobin,157,srv-6:80,211.900
roundrobin,157,srv-6:80,187.386
roundrobin,157,srv-6:80,208.375
roundrobin,157,srv-6:80,209.536
roundrobin,157,srv-6:80,205.484
roundrobin,157,srv-6:80,141.761
roundrobin,157,srv-6:80,29.299
roundrobin,157,srv-7:80,213.406
roundrobin,157,srv-7:80,277.210
roundrobin,157,srv-7:80,177.305
roundrobin,157,srv-7:80,141.859
roundrobin,157,srv-7:80,206.569
roundrobin,157,srv-7:80,214.023
roundrobin,157,srv-7:80,203.938
roundrobin,157,srv-7:80,233.049
roundrobin,157,srv-7:80,201.039
roundrobin,157,srv-7:80,182.149
roundrobin,157,srv-7:80,237.490
roundrobin,157,srv-7:80,208.611
roundrobin,157,srv-7:80,177.656
roundrobin,157,srv-7:80,210.980
roundrobin,157,srv-7:80,211.977
roundrobin,157,srv-7:80,214.790
roundrobin,157,srv-7:80,213.245
roundrobin,157,srv-7:80,208.869
roundrobin,157,srv-7:80,205.541
roundrobin,157,srv-7:80,210.572
roundrobin,157,srv-7:80,243.484
roundrobin,157,srv-7:80,206.379
roundrobin,157,srv-7:80,180.753
roundrobin,157,srv-7:80,205.383
roundrobin,157,srv-7:80,250.372
roundrobin,157,srv-7:80,205.748
roundrobin,157,srv-7:80,184.075
roundrobin,157,srv-7:80,201.051
roundrobin,157,srv-7:80,247.440
roundrobin,157,srv-7:80,202.099
roundrobin,157,srv-7:80,149.220
roundrobin,157,srv-7:80,226.702
roundrobin,157,srv-7:80,210.907
roundrobin,157,srv-7:80,185.559
roundrobin,157,srv-7:80,207.019
roundrobin,157,srv-7:80,196.796
roundrobin,157,srv-7:80,246.249
roundrobin,157,srv-7:80,203.384
roundrobin,157,srv-7:80,195.814
roundrobin,157,srv-7:80,258.866
roundrobin,157,srv-7:80,195.911
roundrobin,157,srv-7:80,210.597
roundrobin,157,srv-7:80,216.573
roundrobin,157,srv-7:80,195.598
roundrobin,157,srv-7:80,210.904
roundrobin,157,srv-7:80,188.116
roundrobin,157,srv-7:80,209.807
roundrobin,157,srv-7:80,208.084
roundrobin,157,srv-7:80,209.780
roundrobin,157,srv-7:80,264.580
roundrobin,157,srv-7:80,204.729
roundrobin,157,srv-7:80,149.260
roundrobin,157,srv-7:80,197.771
roundrobin,157,srv-7:80,213.292
roundrobin,157,srv-7:80,204.197
roundrobin,157,srv-7:80,207.715
roundrobin,157,srv-7:80,202.459
roundrobin,157,srv-7:80,231.034
roundrobin,157,srv-7:80,201.617
roundrobin,157,srv-7:80,104.929
roundrobin,157,srv-7:80,30.876
roundrobin,157,srv-8:80,179.831
roundrobin,157,srv-8:80,192.685
roundrobin,157,srv-8:80,203.249
roundrobin,157,srv-8:80,208.166
roundrobin,157,srv-8:80,229.122
roundrobin,157,srv-8:80,207.321
roundrobin,157,srv-8:80,182.997
roundrobin,157,srv-8:80,211.087
roundrobin,157,srv-8:80,235.576
roundrobin,157,srv-8:80,210.359
roundrobin,157,srv-8:80,180.459
roundrobin,157,srv-8:80,209.201
roundrobin,157,srv-8:80,214.830
roundrobin,157,srv-8:80,219.972
roundrobin,157,srv-8:80,253.255
roundrobin,157,srv-8:80,202.702
roundrobin,157,srv-8:80,164.829
roundrobin,157,srv-8:80,207.023
roundrobin,157,srv-8:80,209.624
roundrobin,157,srv-8:80,210.076
roundrobin,157,srv-8:80,215.294
roundrobin,157,srv-8:80,204.412
roundrobin,157,srv-8:80,205.772
roundrobin,157,srv-8:80,204.561
roundrobin,157,srv-8:80,204.103
roundrobin,157,srv-8:80,191.585
roundrobin,157,srv-8:80,210.045
roundrobin,157,srv-8:80,203.175
roundrobin,157,srv-8:80,269.105
roundrobin,157,srv-8:80,203.264
roundrobin,157,srv-8:80,153.557
roundrobin,157,srv-8:80,203.835
roundrobin,157,srv-8:80,210.632
roundrobin,157,srv-8:80,213.726
roundrobin,157,srv-8:80,217.979
roundrobin,157,srv-8:80,201.320
roundrobin,157,srv-8:80,197.436
roundrobin,157,srv-8:80,205.832
roundrobin,157,srv-8:80,214.442
roundrobin,157,srv-8:80,209.069
roundrobin,157,srv-8:80,203.390
roundrobin,157,srv-8:80,206.158
roundrobin,157,srv-8:80,211.166
roundrobin,157,srv-8:80,275.241
roundrobin,157,srv-8:80,216.668
roundrobin,157,srv-8:80,174.416
roundrobin,157,srv-8:80,207.253
roundrobin,157,srv-8:80,191.328
roundrobin,157,srv-8:80,211.013
roundrobin,157,srv-8:80,207.901
roundrobin,157,srv-8:80,204.271
roundrobin,157,srv-8:80,218.703
roundrobin,157,srv-8:80,197.931
roundrobin,157,srv-8:80,197.710
roundrobin,157,srv-8:80,202.351
roundrobin,157,srv-8:80,213.698
roundrobin,157,srv-8:80,201.192
roundrobin,157,srv-8:80,212.075
roundrobin,157,srv-8:80,197.547
roundrobin,157,srv-8:80,97.776
roundrobin,157,srv-8:80,15.716
roundrobin,157,srv-9:80,124.524
roundrobin,157,srv-9:80,176.618
roundrobin,157,srv-9:80,139.379
roundrobin,157,srv-9:80,131.139
roundrobin,157,srv-9:80,153.903
roundrobin,157,srv-9:80,108.391
roundrobin,157,srv-9:80,221.393
roundrobin,157,srv-9:80,29.494
roundrobin,157,srv-9:80,121.920
roundrobin,157,srv-9:80,138.276
roundrobin,157,srv-9:80,122.188
roundrobin,157,srv-9:80,236.286
roundrobin,157,srv-9:80,160.473
roundrobin,157,srv-9:80,103.990
roundrobin,157,srv-9:80,155.383
roundrobin,157,srv-9:80,134.971
roundrobin,157,srv-9:80,161.581
roundrobin,157,srv-9:80,200.940
roundrobin,157,srv-9:80,161.450
roundrobin,157,srv-9:80,106.480
roundrobin,157,srv-9:80,140.949
roundrobin,157,srv-9:80,209.680
roundrobin,157,srv-9:80,174.916
roundrobin,157,srv-9:80,107.241
roundrobin,157,srv-9:80,156.431
roundrobin,157,srv-9:80,154.411
roundrobin,157,srv-9:80,141.658
roundrobin,157,srv-9:80,148.219
roundrobin,157,srv-9:80,144.463
roundrobin,157,srv-9:80,156.473
roundrobin,157,srv-9:80,156.865
roundrobin,157,srv-9:80,155.061
roundrobin,157,srv-9:80,162.769
roundrobin,157,srv-9:80,121.741
roundrobin,157,srv-9:80,48.748
roundrobin,157,srv-9:80,117.365
roundrobin,157,srv-9:80,167.097
roundrobin,157,srv-9:80,150.682
roundrobin,157,srv-9:80,134.376
roundrobin,157,srv-9:80,221.614
roundrobin,157,srv-9:80,166.623
roundrobin,157,srv-9:80,97.489
roundrobin,157,srv-9:80,113.853
roundrobin,157,srv-9:80,192.778
roundrobin,157,srv-9:80,53.573
roundrobin,157,srv-9:80,122.413
roundrobin,157,srv-9:80,180.671
roundrobin,157,srv-9:80,145.134
roundrobin,157,srv-9:80,31.069
roundrobin,157,srv-9:80,102.876
roundrobin,157,srv-9:80,155.727
roundrobin,157,srv-9:80,157.357
roundrobin,157,srv-9:80,154.755
roundrobin,157,srv-9:80,151.297
roundrobin,157,srv-9:80,180.882
roundrobin,157,srv-9:80,118.812
roundrobin,157,srv-9:80,13.887
roundrobin,174,srv-10:80,156.244
roundrobin,174,srv-10:80,119.913
roundrobin,174,srv-10:80,145.717
roundrobin,174,srv-10:80,148.823
roundrobin,174,srv-10:80,152.783
roundrobin,174,srv-10:80,155.637
roundrobin,174,srv-10:80,175.941
roundrobin,174,srv-10:80,191.890
roundrobin,174,srv-10:80,132.026
roundrobin,174,srv-10:80,109.641
roundrobin,174,srv-10:80,146.667
roundrobin,174,srv-10:80,148.880
roundrobin,174,srv-10:80,183.711
roundrobin,174,srv-10:80,152.711
roundrobin,174,srv-10:80,115.304
roundrobin,174,srv-10:80,156.948
roundrobin,174,srv-10:80,155.265
roundrobin,174,srv-10:80,156.204
roundrobin,174,srv-10:80,212.476
roundrobin,174,srv-10:80,161.622
roundrobin,174,srv-10:80,111.530
roundrobin,174,srv-10:80,149.842
roundrobin,174,srv-10:80,149.925
roundrobin,174,srv-10:80,157.394
roundrobin,174,srv-10:80,187.462
roundrobin,174,srv-10:80,155.765
roundrobin,174,srv-10:80,127.108
roundrobin,174,srv-10:80,202.468
roundrobin,174,srv-10:80,159.534
roundrobin,174,srv-10:80,123.093
roundrobin,174,srv-10:80,149.847
roundrobin,174,srv-10:80,143.450
roundrobin,174,srv-10:80,209.123
roundrobin,174,srv-10:80,162.976
roundrobin,174,srv-10:80,110.218
roundrobin,174,srv-10:80,156.750
roundrobin,174,srv-10:80,152.431
roundrobin,174,srv-10:80,155.523
roundrobin,174,srv-10:80,154.201
roundrobin,174,srv-10:80,148.545
roundrobin,174,srv-10:80,155.133
roundrobin,174,srv-10:80,156.175
roundrobin,174,srv-10:80,196.674
roundrobin,174,srv-10:80,146.521
roundrobin,174,srv-10:80,108.063
roundrobin,174,srv-10:80,177.924
roundrobin,174,srv-10:80,163.057
roundrobin,174,srv-10:80,137.837
roundrobin,174,srv-10:80,146.086
roundrobin,174,srv-10:80,148.869
roundrobin,174,srv-10:80,149.726
roundrobin,174,srv-10:80,154.267
roundrobin,174,srv-10:80,157.585
roundrobin,174,srv-10:80,151.067
roundrobin,174,srv-10:80,197.220
roundrobin,174,srv-10:80,148.957
roundrobin,174,srv-10:80,164.618
roundrobin,174,srv-10:80,147.933
roundrobin,174,srv-10:80,89.335
roundrobin,174,srv-10:80,140.370
roundrobin,174,srv-10:80,59.793
roundrobin,174,srv-10:80,0.038
roundrobin,174,srv-1:80,234.199
roundrobin,174,srv-1:80,229.621
roundrobin,174,srv-1:80,228.985
roundrobin,174,srv-1:80,233.372
roundrobin,174,srv-1:80,238.623
roundrobin,174,srv-1:80,238.490
roundrobin,174,srv-1:80,230.120
roundrobin,174,srv-1:80,231.060
roundrobin,174,srv-1:80,233.885
roundrobin,174,srv-1:80,230.922
roundrobin,174,srv-1:80,235.280
roundrobin,174,srv-1:80,237.893
roundrobin,174,srv-1:80,239.521
roundrobin,174,srv-1:80,241.760
roundrobin,174,srv-1:80,241.031
roundrobin,174,srv-1:80,237.828
roundrobin,174,srv-1:80,234.288
roundrobin,174,srv-1:80,230.614
roundrobin,174,srv-1:80,231.117
roundrobin,174,srv-1:80,234.097
roundrobin,174,srv-1:80,230.903
roundrobin,174,srv-1:80,231.130
roundrobin,174,srv-1:80,228.879
roundrobin,174,srv-1:80,231.668
roundrobin,174,srv-1:80,235.734
roundrobin,174,srv-1:80,236.924
roundrobin,174,srv-1:80,241.415
roundrobin,174,srv-1:80,237.578
roundrobin,174,srv-1:80,230.706
roundrobin,174,srv-1:80,232.267
roundrobin,174,srv-1:80,237.163
roundrobin,174,srv-1:80,237.426
roundrobin,174,srv-1:80,235.034
roundrobin,174,srv-1:80,229.111
roundrobin,174,srv-1:80,227.698
roundrobin,174,srv-1:80,228.152
roundrobin,174,srv-1:80,229.684
roundrobin,174,srv-1:80,237.404
roundrobin,174,srv-1:80,237.762
roundrobin,174,srv-1:80,231.507
roundrobin,174,srv-1:80,231.330
roundrobin,174,srv-1:80,233.159
roundrobin,174,srv-1:80,235.961
roundrobin,174,srv-1:80,234.698
roundrobin,174,srv-1:80,236.404
roundrobin,174,srv-1:80,236.504
roundrobin,174,srv-1:80,233.416
roundrobin,174,srv-1:80,232.515
roundrobin,174,srv-1:80,226.623
roundrobin,174,srv-1:80,229.506
roundrobin,174,srv-1:80,234.608
roundrobin,174,srv-1:80,233.016
roundrobin,174,srv-1:80,232.402
roundrobin,174,srv-1:80,227.587
roundrobin,174,srv-1:80,224.885
roundrobin,174,srv-1:80,225.416
roundrobin,174,srv-1:80,230.666
roundrobin,174,srv-1:80,230.773
roundrobin,174,srv-1:80,212.027
roundrobin,174,srv-1:80,99.909
roundrobin,174,srv-1:80,0.044
roundrobin,174,srv-1:80,0.040
roundrobin,174,srv-2:80,238.779
roundrobin,174,srv-2:80,234.168
roundrobin,174,srv-2:80,232.801
roundrobin,174,srv-2:80,235.952
roundrobin,174,srv-2:80,233.172
roundrobin,174,srv-2:80,229.988
roundrobin,174,srv-2:80,238.223
roundrobin,174,srv-2:80,240.301
roundrobin,174,srv-2:80,235.986
roundrobin,174,srv-2:80,233.211
roundrobin,174,srv-2:80,234.009
roundrobin,174,srv-2:80,234.074
roundrobin,174,srv-2:80,233.118
roundrobin,174,srv-2:80,232.433
roundrobin,174,srv-2:80,235.568
roundrobin,174,srv-2:80,232.980
roundrobin,174,srv-2:80,227.434
roundrobin,174,srv-2:80,229.634
roundrobin,174,srv-2:80,233.698
roundrobin,174,srv-2:80,237.824
roundrobin,174,srv-2:80,236.865
roundrobin,174,srv-2:80,235.035
roundrobin,174,srv-2:80,234.726
roundrobin,174,srv-2:80,233.835
roundrobin,174,srv-2:80,236.750
roundrobin,174,srv-2:80,238.515
roundrobin,174,srv-2:80,234.708
roundrobin,174,srv-2:80,230.551
roundrobin,174,srv-2:80,232.889
roundrobin,174,srv-2:80,236.822
roundrobin,174,srv-2:80,234.701
roundrobin,174,srv-2:80,233.604
roundrobin,174,srv-2:80,231.112
roundrobin,174,srv-2:80,226.929
roundrobin,174,srv-2:80,232.543
roundrobin,174,srv-2:80,233.379
roundrobin,174,srv-2:80,230.175
roundrobin,174,srv-2:80,233.413
roundrobin,174,srv-2:80,231.521
roundrobin,174,srv-2:80,233.659
roundrobin,174,srv-2:80,237.153
roundrobin,174,srv-2:80,232.524
roundrobin,174,srv-2:80,229.976
roundrobin,174,srv-2:80,231.188
roundrobin,174,srv-2:80,233.118
roundrobin,174,srv-2:80,234.041
roundrobin,174,srv-2:80,234.907
roundrobin,174,srv-2:80,233.504
roundrobin,174,srv-2:80,232.791
roundrobin,174,srv-2:80,233.923
roundrobin,174,srv-2:80,235.098
roundrobin,174,srv-2:80,235.258
roundrobin,174,srv-2:80,236.580
roundrobin,174,srv-2:80,233.214
roundrobin,174,srv-2:80,233.443
roundrobin,174,srv-2:80,237.258
roundrobin,174,srv-2:80,235.116
roundrobin,174,srv-2:80,235.400
roundrobin,174,srv-2:80,223.972
roundrobin,174,srv-2:80,106.313
roundrobin,174,srv-2:80,0.038
roundrobin,174,srv-2:80,0.026
roundrobin,174,srv-3:80,172.742
roundrobin,174,srv-3:80,234.610
roundrobin,174,srv-3:80,236.135
roundrobin,174,srv-3:80,233.457
roundrobin,174,srv-3:80,236.993
roundrobin,174,srv-3:80,236.609
roundrobin,174,srv-3:80,233.461
roundrobin,174,srv-3:80,235.702
roundrobin,174,srv-3:80,240.558
roundrobin,174,srv-3:80,234.695
roundrobin,174,srv-3:80,229.641
roundrobin,174,srv-3:80,233.603
roundrobin,174,srv-3:80,237.955
roundrobin,174,srv-3:80,233.541
roundrobin,174,srv-3:80,234.157
roundrobin,174,srv-3:80,237.521
roundrobin,174,srv-3:80,235.111
roundrobin,174,srv-3:80,235.229
roundrobin,174,srv-3:80,239.082
roundrobin,174,srv-3:80,240.645
roundrobin,174,srv-3:80,234.989
roundrobin,174,srv-3:80,235.712
roundrobin,174,srv-3:80,235.870
roundrobin,174,srv-3:80,235.481
roundrobin,174,srv-3:80,236.773
roundrobin,174,srv-3:80,234.522
roundrobin,174,srv-3:80,229.335
roundrobin,174,srv-3:80,224.801
roundrobin,174,srv-3:80,230.348
roundrobin,174,srv-3:80,233.269
roundrobin,174,srv-3:80,234.937
roundrobin,174,srv-3:80,237.115
roundrobin,174,srv-3:80,238.683
roundrobin,174,srv-3:80,239.467
roundrobin,174,srv-3:80,232.801
roundrobin,174,srv-3:80,231.027
roundrobin,174,srv-3:80,234.890
roundrobin,174,srv-3:80,235.320
roundrobin,174,srv-3:80,235.688
roundrobin,174,srv-3:80,234.810
roundrobin,174,srv-3:80,230.509
roundrobin,174,srv-3:80,230.338
roundrobin,174,srv-3:80,237.700
roundrobin,174,srv-3:80,234.829
roundrobin,174,srv-3:80,230.916
roundrobin,174,srv-3:80,241.032
roundrobin,174,srv-3:80,238.388
roundrobin,174,srv-3:80,231.999
roundrobin,174,srv-3:80,228.665
roundrobin,174,srv-3:80,232.190
roundrobin,174,srv-3:80,239.026
roundrobin,174,srv-3:80,238.191
roundrobin,174,srv-3:80,231.195
roundrobin,174,srv-3:80,227.723
roundrobin,174,srv-3:80,236.446
roundrobin,174,srv-3:80,241.326
roundrobin,174,srv-3:80,239.107
roundrobin,174,srv-3:80,234.164
roundrobin,174,srv-3:80,235.666
roundrobin,174,srv-3:80,176.936
roundrobin,174,srv-3:80,57.652
roundrobin,174,srv-3:80,0.037
roundrobin,174,srv-4:80,234.869
roundrobin,174,srv-4:80,235.763
roundrobin,174,srv-4:80,229.949
roundrobin,174,srv-4:80,227.035
roundrobin,174,srv-4:80,234.166
roundrobin,174,srv-4:80,238.197
roundrobin,174,srv-4:80,233.880
roundrobin,174,srv-4:80,228.021
roundrobin,174,srv-4:80,230.669
roundrobin,174,srv-4:80,228.069
roundrobin,174,srv-4:80,227.303
roundrobin,174,srv-4:80,233.488
roundrobin,174,srv-4:80,235.856
roundrobin,174,srv-4:80,235.013
roundrobin,174,srv-4:80,237.818
roundrobin,174,srv-4:80,236.661
roundrobin,174,srv-4:80,231.112
roundrobin,174,srv-4:80,230.134
roundrobin,174,srv-4:80,230.333
roundrobin,174,srv-4:80,234.200
roundrobin,174,srv-4:80,236.442
roundrobin,174,srv-4:80,236.370
roundrobin,174,srv-4:80,229.888
roundrobin,174,srv-4:80,230.349
roundrobin,174,srv-4:80,232.107
roundrobin,174,srv-4:80,230.356
roundrobin,174,srv-4:80,231.072
roundrobin,174,srv-4:80,230.280
roundrobin,174,srv-4:80,235.811
roundrobin,174,srv-4:80,239.387
roundrobin,174,srv-4:80,235.533
roundrobin,174,srv-4:80,230.322
roundrobin,174,srv-4:80,230.926
roundrobin,174,srv-4:80,235.532
roundrobin,174,srv-4:80,233.906
roundrobin,174,srv-4:80,233.750
roundrobin,174,srv-4:80,234.671
roundrobin,174,srv-4:80,234.014
roundrobin,174,srv-4:80,232.794
roundrobin,174,srv-4:80,232.199
roundrobin,174,srv-4:80,237.706
roundrobin,174,srv-4:80,233.610
roundrobin,174,srv-4:80,228.700
roundrobin,174,srv-4:80,231.167
roundrobin,174,srv-4:80,230.206
roundrobin,174,srv-4:80,233.160
roundrobin,174,srv-4:80,234.386
roundrobin,174,srv-4:80,235.696
roundrobin,174,srv-4:80,238.989
roundrobin,174,srv-4:80,235.090
roundrobin,174,srv-4:80,238.596
roundrobin,174,srv-4:80,236.037
roundrobin,174,srv-4:80,225.932
roundrobin,174,srv-4:80,233.387
roundrobin,174,srv-4:80,241.193
roundrobin,174,srv-4:80,241.415
roundrobin,174,srv-4:80,240.202
roundrobin,174,srv-4:80,239.504
roundrobin,174,srv-4:80,216.258
roundrobin,174,srv-4:80,95.949
roundrobin,174,srv-4:80,0.042
roundrobin,174,srv-4:80,0.047
roundrobin,174,srv-5:80,235.962
roundrobin,174,srv-5:80,233.761
roundrobin,174,srv-5:80,227.267
roundrobin,174,srv-5:80,235.793
roundrobin,174,srv-5:80,231.788
roundrobin,174,srv-5:80,205.023
roundrobin,174,srv-5:80,231.801
roundrobin,174,srv-5:80,227.364
roundrobin,174,srv-5:80,228.653
roundrobin,174,srv-5:80,221.865
roundrobin,174,srv-5:80,229.803
roundrobin,174,srv-5:80,234.668
roundrobin,174,srv-5:80,237.647
roundrobin,174,srv-5:80,239.684
roundrobin,174,srv-5:80,230.804
roundrobin,174,srv-5:80,229.896
roundrobin,174,srv-5:80,230.086
roundrobin,174,srv-5:80,240.198
roundrobin,174,srv-5:80,230.280
roundrobin,174,srv-5:80,242.972
roundrobin,174,srv-5:80,234.661
roundrobin,174,srv-5:80,230.582
roundrobin,174,srv-5:80,227.205
roundrobin,174,srv-5:80,229.274
roundrobin,174,srv-5:80,226.566
roundrobin,174,srv-5:80,237.103
roundrobin,174,srv-5:80,233.743
roundrobin,174,srv-5:80,234.802
roundrobin,174,srv-5:80,244.712
roundrobin,174,srv-5:80,235.474
roundrobin,174,srv-5:80,215.773
roundrobin,174,srv-5:80,235.851
roundrobin,174,srv-5:80,259.858
roundrobin,174,srv-5:80,228.431
roundrobin,174,srv-5:80,204.925
roundrobin,174,srv-5:80,231.386
roundrobin,174,srv-5:80,235.158
roundrobin,174,srv-5:80,233.786
roundrobin,174,srv-5:80,236.177
roundrobin,174,srv-5:80,226.194
roundrobin,174,srv-5:80,233.352
roundrobin,174,srv-5:80,230.529
roundrobin,174,srv-5:80,245.648
roundrobin,174,srv-5:80,230.450
roundrobin,174,srv-5:80,216.285
roundrobin,174,srv-5:80,228.432
roundrobin,174,srv-5:80,228.577
roundrobin,174,srv-5:80,230.573
roundrobin,174,srv-5:80,229.373
roundrobin,174,srv-5:80,210.158
roundrobin,174,srv-5:80,236.031
roundrobin,174,srv-5:80,254.042
roundrobin,174,srv-5:80,228.123
roundrobin,174,srv-5:80,209.964
roundrobin,174,srv-5:80,227.205
roundrobin,174,srv-5:80,216.526
roundrobin,174,srv-5:80,231.306
roundrobin,174,srv-5:80,233.424
roundrobin,174,srv-5:80,210.802
roundrobin,174,srv-5:80,119.798
roundrobin,174,srv-5:80,0.040
roundrobin,174,srv-5:80,0.042
roundrobin,174,srv-6:80,211.767
roundrobin,174,srv-6:80,236.817
roundrobin,174,srv-6:80,251.013
roundrobin,174,srv-6:80,228.974
roundrobin,174,srv-6:80,215.404
roundrobin,174,srv-6:80,225.800
roundrobin,174,srv-6:80,227.406
roundrobin,174,srv-6:80,221.934
roundrobin,174,srv-6:80,234.480
roundrobin,174,srv-6:80,231.493
roundrobin,174,srv-6:80,235.992
roundrobin,174,srv-6:80,248.270
roundrobin,174,srv-6:80,228.160
roundrobin,174,srv-6:80,207.323
roundrobin,174,srv-6:80,233.530
roundrobin,174,srv-6:80,257.459
roundrobin,174,srv-6:80,231.284
roundrobin,174,srv-6:80,199.133
roundrobin,174,srv-6:80,233.237
roundrobin,174,srv-6:80,274.519
roundrobin,174,srv-6:80,227.694
roundrobin,174,srv-6:80,202.586
roundrobin,174,srv-6:80,230.802
roundrobin,174,srv-6:80,230.187
roundrobin,174,srv-6:80,228.670
roundrobin,174,srv-6:80,230.243
roundrobin,174,srv-6:80,233.913
roundrobin,174,srv-6:80,240.394
roundrobin,174,srv-6:80,228.051
roundrobin,174,srv-6:80,230.278
roundrobin,174,srv-6:80,231.390
roundrobin,174,srv-6:80,230.705
roundrobin,174,srv-6:80,227.564
roundrobin,174,srv-6:80,231.566
roundrobin,174,srv-6:80,222.646
roundrobin,174,srv-6:80,237.725
roundrobin,174,srv-6:80,230.839
roundrobin,174,srv-6:80,232.214
roundrobin,174,srv-6:80,229.320
roundrobin,174,srv-6:80,239.872
roundrobin,174,srv-6:80,238.020
roundrobin,174,srv-6:80,230.723
roundrobin,174,srv-6:80,231.918
roundrobin,174,srv-6:80,234.101
roundrobin,174,srv-6:80,256.465
roundrobin,174,srv-6:80,232.431
roundrobin,174,srv-6:80,214.675
roundrobin,174,srv-6:80,236.034
roundrobin,174,srv-6:80,242.185
roundrobin,174,srv-6:80,235.623
roundrobin,174,srv-6:80,249.027
roundrobin,174,srv-6:80,235.804
roundrobin,174,srv-6:80,255.674
roundrobin,174,srv-6:80,235.434
roundrobin,174,srv-6:80,230.714
roundrobin,174,srv-6:80,236.288
roundrobin,174,srv-6:80,215.608
roundrobin,174,srv-6:80,235.051
roundrobin,174,srv-6:80,233.163
roundrobin,174,srv-6:80,131.226
roundrobin,174,srv-6:80,21.010
roundrobin,174,srv-6:80,0.057
roundrobin,174,srv-7:80,176.783
roundrobin,174,srv-7:80,208.363
roundrobin,174,srv-7:80,228.726
roundrobin,174,srv-7:80,230.912
roundrobin,174,srv-7:80,231.252
roundrobin,174,srv-7:80,285.478
roundrobin,174,srv-7:80,222.326
roundrobin,174,srv-7:80,162.063
roundrobin,174,srv-7:80,229.259
roundrobin,174,srv-7:80,262.235
roundrobin,174,srv-7:80,226.542
roundrobin,174,srv-7:80,196.538
roundrobin,174,srv-7:80,218.654
roundrobin,174,srv-7:80,234.717
roundrobin,174,srv-7:80,238.696
roundrobin,174,srv-7:80,264.651
roundrobin,174,srv-7:80,206.026
roundrobin,174,srv-7:80,197.494
roundrobin,174,srv-7:80,219.298
roundrobin,174,srv-7:80,230.738
roundrobin,174,srv-7:80,229.237
roundrobin,174,srv-7:80,265.259
roundrobin,174,srv-7:80,217.628
roundrobin,174,srv-7:80,208.159
roundrobin,174,srv-7:80,225.364
roundrobin,174,srv-7:80,230.762
roundrobin,174,srv-7:80,228.588
roundrobin,174,srv-7:80,105.851
roundrobin,174,srv-7:80,336.043
roundrobin,174,srv-7:80,42.196
roundrobin,174,srv-7:80,150.702
roundrobin,174,srv-7:80,229.863
roundrobin,174,srv-7:80,198.001
roundrobin,174,srv-7:80,232.660
roundrobin,174,srv-7:80,228.739
roundrobin,174,srv-7:80,230.736
roundrobin,174,srv-7:80,226.776
roundrobin,174,srv-7:80,226.852
roundrobin,174,srv-7:80,282.750
roundrobin,174,srv-7:80,215.455
roundrobin,174,srv-7:80,179.912
roundrobin,174,srv-7:80,222.721
roundrobin,174,srv-7:80,232.648
roundrobin,174,srv-7:80,223.526
roundrobin,174,srv-7:80,228.068
roundrobin,174,srv-7:80,252.497
roundrobin,174,srv-7:80,241.846
roundrobin,174,srv-7:80,182.318
roundrobin,174,srv-7:80,236.909
roundrobin,174,srv-7:80,234.429
roundrobin,174,srv-7:80,236.752
roundrobin,174,srv-7:80,259.888
roundrobin,174,srv-7:80,236.721
roundrobin,174,srv-7:80,190.178
roundrobin,174,srv-7:80,221.363
roundrobin,174,srv-7:80,225.793
roundrobin,174,srv-7:80,215.429
roundrobin,174,srv-7:80,232.285
roundrobin,174,srv-7:80,218.613
roundrobin,174,srv-7:80,140.850
roundrobin,174,srv-7:80,0.063
roundrobin,174,srv-7:80,0.045
roundrobin,174,srv-8:80,209.151
roundrobin,174,srv-8:80,211.641
roundrobin,174,srv-8:80,223.894
roundrobin,174,srv-8:80,305.324
roundrobin,174,srv-8:80,239.383
roundrobin,174,srv-8:80,152.636
roundrobin,174,srv-8:80,223.449
roundrobin,174,srv-8:80,289.472
roundrobin,174,srv-8:80,221.493
roundrobin,174,srv-8:80,178.812
roundrobin,174,srv-8:80,207.936
roundrobin,174,srv-8:80,221.389
roundrobin,174,srv-8:80,208.068
roundrobin,174,srv-8:80,225.915
roundrobin,174,srv-8:80,223.623
roundrobin,174,srv-8:80,230.625
roundrobin,174,srv-8:80,220.550
roundrobin,174,srv-8:80,229.827
roundrobin,174,srv-8:80,270.929
roundrobin,174,srv-8:80,231.267
roundrobin,174,srv-8:80,186.542
roundrobin,174,srv-8:80,254.667
roundrobin,174,srv-8:80,226.818
roundrobin,174,srv-8:80,200.984
roundrobin,174,srv-8:80,228.777
roundrobin,174,srv-8:80,264.943
roundrobin,174,srv-8:80,252.674
roundrobin,174,srv-8:80,227.235
roundrobin,174,srv-8:80,205.246
roundrobin,174,srv-8:80,193.530
roundrobin,174,srv-8:80,232.566
roundrobin,174,srv-8:80,225.929
roundrobin,174,srv-8:80,227.601
roundrobin,174,srv-8:80,234.673
roundrobin,174,srv-8:80,239.843
roundrobin,174,srv-8:80,210.088
roundrobin,174,srv-8:80,220.070
roundrobin,174,srv-8:80,225.415
roundrobin,174,srv-8:80,230.971
roundrobin,174,srv-8:80,241.358
roundrobin,174,srv-8:80,226.011
roundrobin,174,srv-8:80,204.022
roundrobin,174,srv-8:80,224.603
roundrobin,174,srv-8:80,211.100
roundrobin,174,srv-8:80,233.461
roundrobin,174,srv-8:80,219.842
roundrobin,174,srv-8:80,228.782
roundrobin,174,srv-8:80,231.710
roundrobin,174,srv-8:80,234.851
roundrobin,174,srv-8:80,225.853
roundrobin,174,srv-8:80,277.654
roundrobin,174,srv-8:80,235.419
roundrobin,174,srv-8:80,194.819
roundrobin,174,srv-8:80,236.976
roundrobin,174,srv-8:80,229.092
roundrobin,174,srv-8:80,234.465
roundrobin,174,srv-8:80,225.893
roundrobin,174,srv-8:80,226.491
roundrobin,174,srv-8:80,191.183
roundrobin,174,srv-8:80,106.994
roundrobin,174,srv-8:80,0.067
roundrobin,174,srv-8:80,0.052
roundrobin,174,srv-9:80,144.999
roundrobin,174,srv-9:80,152.739
roundrobin,174,srv-9:80,156.385
roundrobin,174,srv-9:80,152.414
roundrobin,174,srv-9:80,152.301
roundrobin,174,srv-9:80,158.389
roundrobin,174,srv-9:80,153.195
roundrobin,174,srv-9:80,169.628
roundrobin,174,srv-9:80,144.846
roundrobin,174,srv-9:80,117.028
roundrobin,174,srv-9:80,148.810
roundrobin,174,srv-9:80,188.251
roundrobin,174,srv-9:80,149.500
roundrobin,174,srv-9:80,119.508
roundrobin,174,srv-9:80,152.736
roundrobin,174,srv-9:80,147.472
roundrobin,174,srv-9:80,143.083
roundrobin,174,srv-9:80,204.477
roundrobin,174,srv-9:80,157.092
roundrobin,174,srv-9:80,104.178
roundrobin,174,srv-9:80,159.386
roundrobin,174,srv-9:80,153.614
roundrobin,174,srv-9:80,156.591
roundrobin,174,srv-9:80,157.397
roundrobin,174,srv-9:80,158.160
roundrobin,174,srv-9:80,153.801
roundrobin,174,srv-9:80,158.902
roundrobin,174,srv-9:80,152.251
roundrobin,174,srv-9:80,133.514
roundrobin,174,srv-9:80,139.950
roundrobin,174,srv-9:80,149.926
roundrobin,174,srv-9:80,158.575
roundrobin,174,srv-9:80,157.324
roundrobin,174,srv-9:80,213.635
roundrobin,174,srv-9:80,166.135
roundrobin,174,srv-9:80,173.435
roundrobin,174,srv-9:80,165.588
roundrobin,174,srv-9:80,88.096
roundrobin,174,srv-9:80,188.496
roundrobin,174,srv-9:80,152.409
roundrobin,174,srv-9:80,47.521
roundrobin,174,srv-9:80,224.493
roundrobin,174,srv-9:80,19.119
roundrobin,174,srv-9:80,88.632
roundrobin,174,srv-9:80,149.112
roundrobin,174,srv-9:80,148.106
roundrobin,174,srv-9:80,145.917
roundrobin,174,srv-9:80,216.025
roundrobin,174,srv-9:80,157.702
roundrobin,174,srv-9:80,98.972
roundrobin,174,srv-9:80,164.887
roundrobin,174,srv-9:80,155.837
roundrobin,174,srv-9:80,145.039
roundrobin,174,srv-9:80,145.942
roundrobin,174,srv-9:80,146.896
roundrobin,174,srv-9:80,171.674
roundrobin,174,srv-9:80,143.491
roundrobin,174,srv-9:80,133.374
roundrobin,174,srv-9:80,149.945
roundrobin,174,srv-9:80,103.156
roundrobin,174,srv-9:80,41.445
roundrobin,174,srv-9:80,0.059
prequal,30,srv-10:80,47.932
prequal,30,srv-10:80,40.809
prequal,30,srv-10:80,23.246
prequal,30,srv-10:80,42.610
prequal,30,srv-10:80,52.590
prequal,30,srv-10:80,26.003
prequal,30,srv-10:80,15.257
prequal,30,srv-10:80,46.350
prequal,30,srv-10:80,71.808
prequal,30,srv-10:80,50.297
prequal,30,srv-10:80,21.061
prequal,30,srv-10:80,41.914
prequal,30,srv-10:80,43.226
prequal,30,srv-10:80,12.145
prequal,30,srv-10:80,25.750
prequal,30,srv-10:80,43.784
prequal,30,srv-10:80,36.200
prequal,30,srv-10:80,22.991
prequal,30,srv-10:80,15.144
prequal,30,srv-10:80,29.174
prequal,30,srv-10:80,51.452
prequal,30,srv-10:80,41.877
prequal,30,srv-10:80,26.451
prequal,30,srv-10:80,26.503
prequal,30,srv-10:80,14.564
prequal,30,srv-10:80,10.285
prequal,30,srv-10:80,9.644
prequal,30,srv-10:80,6.910
prequal,30,srv-10:80,7.089
prequal,30,srv-10:80,15.179
prequal,30,srv-10:80,29.375
prequal,30,srv-10:80,34.324
prequal,30,srv-10:80,18.608
prequal,30,srv-10:80,2.816
prequal,30,srv-10:80,3.193
prequal,30,srv-10:80,3.237
prequal,30,srv-10:80,2.927
prequal,30,srv-10:80,2.809
prequal,30,srv-10:80,2.691
prequal,30,srv-10:80,2.640
prequal,30,srv-10:80,3.005
prequal,30,srv-10:80,3.213
prequal,30,srv-10:80,2.875
prequal,30,srv-10:80,2.670
prequal,30,srv-10:80,2.694
prequal,30,srv-10:80,2.766
prequal,30,srv-10:80,3.056
prequal,30,srv-10:80,3.939
prequal,30,srv-10:80,3.697
prequal,30,srv-10:80,3.178
prequal,30,srv-10:80,3.781
prequal,30,srv-10:80,4.405
prequal,30,srv-10:80,4.900
prequal,30,srv-10:80,5.026
prequal,30,srv-10:80,5.362
prequal,30,srv-10:80,5.596
prequal,30,srv-10:80,5.529
prequal,30,srv-10:80,5.116
prequal,30,srv-10:80,4.874
prequal,30,srv-1:80,4.570
prequal,30,srv-1:80,2.558
prequal,30,srv-1:80,2.216
prequal,30,srv-1:80,2.272
prequal,30,srv-1:80,2.474
prequal,30,srv-1:80,2.881
prequal,30,srv-1:80,3.072
prequal,30,srv-1:80,2.968
prequal,30,srv-1:80,2.905
prequal,30,srv-1:80,2.969
prequal,30,srv-1:80,17.700
prequal,30,srv-1:80,57.113
prequal,30,srv-1:80,84.035
prequal,30,srv-1:80,79.284
prequal,30,srv-1:80,79.508
prequal,30,srv-1:80,82.693
prequal,30,srv-1:80,62.768
prequal,30,srv-1:80,64.905
prequal,30,srv-1:80,86.692
prequal,30,srv-1:80,77.550
prequal,30,srv-1:80,75.488
prequal,30,srv-1:80,84.425
prequal,30,srv-1:80,77.847
prequal,30,srv-1:80,78.723
prequal,30,srv-1:80,84.017
prequal,30,srv-1:80,82.501
prequal,30,srv-1:80,83.755
prequal,30,srv-1:80,74.095
prequal,30,srv-1:80,54.420
prequal,30,srv-1:80,65.573
prequal,30,srv-1:80,80.584
prequal,30,srv-1:80,81.908
prequal,30,srv-1:80,87.833
prequal,30,srv-1:80,85.454
prequal,30,srv-1:80,81.080
prequal,30,srv-1:80,78.276
prequal,30,srv-1:80,52.908
prequal,30,srv-1:80,48.129
prequal,30,srv-1:80,58.690
prequal,30,srv-1:80,60.562
prequal,30,srv-1:80,80.481
prequal,30,srv-1:80,82.615
prequal,30,srv-1:80,73.522
prequal,30,srv-1:80,78.952
prequal,30,srv-1:80,85.666
prequal,30,srv-1:80,83.742
prequal,30,srv-1:80,69.427
prequal,30,srv-1:80,60.882
prequal,30,srv-1:80,70.913
prequal,30,srv-1:80,81.070
prequal,30,srv-1:80,86.564
prequal,30,srv-1:80,80.176
prequal,30,srv-1:80,74.030
prequal,30,srv-1:80,76.930
prequal,30,srv-1:80,82.666
prequal,30,srv-1:80,76.915
prequal,30,srv-1:80,62.301
prequal,30,srv-1:80,73.671
prequal,30,srv-1:80,88.785
prequal,30,srv-2:80,2.453
prequal,30,srv-2:80,2.339
prequal,30,srv-2:80,2.297
prequal,30,srv-2:80,2.177
prequal,30,srv-2:80,2.135
prequal,30,srv-2:80,2.221
prequal,30,srv-2:80,2.876
prequal,30,srv-2:80,3.508
prequal,30,srv-2:80,2.862
prequal,30,srv-2:80,2.142
prequal,30,srv-2:80,2.536
prequal,30,srv-2:80,2.623
prequal,30,srv-2:80,2.212
prequal,30,srv-2:80,2.191
prequal,30,srv-2:80,2.306
prequal,30,srv-2:80,2.429
prequal,30,srv-2:80,2.337
prequal,30,srv-2:80,2.267
prequal,30,srv-2:80,2.300
prequal,30,srv-2:80,2.188
prequal,30,srv-2:80,2.166
prequal,30,srv-2:80,2.148
prequal,30,srv-2:80,2.442
prequal,30,srv-2:80,2.836
prequal,30,srv-2:80,2.760
prequal,30,srv-2:80,3.217
prequal,30,srv-2:80,3.382
prequal,30,srv-2:80,2.631
prequal,30,srv-2:80,2.224
prequal,30,srv-2:80,2.246
prequal,30,srv-2:80,2.845
prequal,30,srv-2:80,4.445
prequal,30,srv-2:80,44.543
prequal,30,srv-2:80,74.725
prequal,30,srv-2:80,65.296
prequal,30,srv-2:80,76.472
prequal,30,srv-2:80,88.313
prequal,30,srv-2:80,89.145
prequal,30,srv-2:80,89.221
prequal,30,srv-2:80,72.543
prequal,30,srv-2:80,56.491
prequal,30,srv-2:80,72.559
prequal,30,srv-2:80,82.753
prequal,30,srv-2:80,77.005
prequal,30,srv-2:80,77.897
prequal,30,srv-2:80,82.463
prequal,30,srv-2:80,84.529
prequal,30,srv-2:80,83.342
prequal,30,srv-2:80,84.352
prequal,30,srv-2:80,85.366
prequal,30,srv-2:80,78.396
prequal,30,srv-2:80,64.641
prequal,30,srv-2:80,69.575
prequal,30,srv-2:80,81.855
prequal,30,srv-2:80,65.694
prequal,30,srv-2:80,53.409
prequal,30,srv-2:80,68.728
prequal,30,srv-2:80,64.381
prequal,30,srv-2:80,55.821
prequal,30,srv-3:80,65.882
prequal,30,srv-3:80,83.926
prequal,30,srv-3:80,83.599
prequal,30,srv-3:80,84.759
prequal,30,srv-3:80,84.502
prequal,30,srv-3:80,82.250
prequal,30,srv-3:80,83.873
prequal,30,srv-3:80,79.646
prequal,30,srv-3:80,80.598
prequal,30,srv-3:80,87.822
prequal,30,srv-3:80,84.638
prequal,30,srv-3:80,86.178
prequal,30,srv-3:80,85.573
prequal,30,srv-3:80,82.426
prequal,30,srv-3:80,87.512
prequal,30,srv-3:80,81.441
prequal,30,srv-3:80,73.649
prequal,30,srv-3:80,81.594
prequal,30,srv-3:80,84.614
prequal,30,srv-3:80,83.302
prequal,30,srv-3:80,86.524
prequal,30,srv-3:80,85.874
prequal,30,srv-3:80,83.555
prequal,30,srv-3:80,83.125
prequal,30,srv-3:80,80.575
prequal,30,srv-3:80,79.036
prequal,30,srv-3:80,81.085
prequal,30,srv-3:80,84.094
prequal,30,srv-3:80,81.388
prequal,30,srv-3:80,80.155
prequal,30,srv-3:80,76.073
prequal,30,srv-3:80,66.740
prequal,30,srv-3:80,49.898
prequal,30,srv-3:80,59.721
prequal,30,srv-3:80,75.387
prequal,30,srv-3:80,70.865
prequal,30,srv-3:80,71.181
prequal,30,srv-3:80,74.227
prequal,30,srv-3:80,78.645
prequal,30,srv-3:80,69.969
prequal,30,srv-3:80,65.876
prequal,30,srv-3:80,65.765
prequal,30,srv-3:80,72.644
prequal,30,srv-3:80,84.950
prequal,30,srv-3:80,74.602
prequal,30,srv-3:80,72.527
prequal,30,srv-3:80,76.838
prequal,30,srv-3:80,77.439
prequal,30,srv-3:80,75.045
prequal,30,srv-3:80,71.661
prequal,30,srv-3:80,79.003
prequal,30,srv-3:80,84.145
prequal,30,srv-3:80,81.585
prequal,30,srv-3:80,69.046
prequal,30,srv-3:80,73.229
prequal,30,srv-3:80,87.464
prequal,30,srv-3:80,90.435
prequal,30,srv-3:80,72.145
prequal,30,srv-3:80,46.658
prequal,30,srv-4:80,74.822
prequal,30,srv-4:80,88.785
prequal,30,srv-4:80,82.163
prequal,30,srv-4:80,82.696
prequal,30,srv-4:80,78.291
prequal,30,srv-4:80,78.485
prequal,30,srv-4:80,76.362
prequal,30,srv-4:80,66.258
prequal,30,srv-4:80,70.371
prequal,30,srv-4:80,80.071
prequal,30,srv-4:80,86.411
prequal,30,srv-4:80,77.681
prequal,30,srv-4:80,80.358
prequal,30,srv-4:80,71.535
prequal,30,srv-4:80,42.013
prequal,30,srv-4:80,55.707
prequal,30,srv-4:80,81.557
prequal,30,srv-4:80,72.502
prequal,30,srv-4:80,70.678
prequal,30,srv-4:80,81.613
prequal,30,srv-4:80,82.331
prequal,30,srv-4:80,79.883
prequal,30,srv-4:80,82.123
prequal,30,srv-4:80,81.632
prequal,30,srv-4:80,83.578
prequal,30,srv-4:80,83.703
prequal,30,srv-4:80,73.168
prequal,30,srv-4:80,67.697
prequal,30,srv-4:80,72.251
prequal,30,srv-4:80,76.413
prequal,30,srv-4:80,68.664
prequal,30,srv-4:80,71.939
prequal,30,srv-4:80,81.140
prequal,30,srv-4:80,79.169
prequal,30,srv-4:80,83.429
prequal,30,srv-4:80,83.043
prequal,30,srv-4:80,81.617
prequal,30,srv-4:80,70.087
prequal,30,srv-4:80,52.924
prequal,30,srv-4:80,65.815
prequal,30,srv-4:80,74.079
prequal,30,srv-4:80,67.648
prequal,30,srv-4:80,69.201
prequal,30,srv-4:80,70.062
prequal,30,srv-4:80,71.549
prequal,30,srv-4:80,80.036
prequal,30,srv-4:80,76.394
prequal,30,srv-4:80,58.950
prequal,30,srv-4:80,44.243
prequal,30,srv-4:80,55.511
prequal,30,srv-4:80,68.779
prequal,30,srv-4:80,71.830
prequal,30,srv-4:80,60.865
prequal,30,srv-4:80,54.041
prequal,30,srv-4:80,68.444
prequal,30,srv-4:80,60.782
prequal,30,srv-4:80,63.606
prequal,30,srv-4:80,71.416
prequal,30,srv-4:80,74.680
prequal,30,srv-5:80,68.510
prequal,30,srv-5:80,78.123
prequal,30,srv-5:80,80.118
prequal,30,srv-5:80,84.559
prequal,30,srv-5:80,66.947
prequal,30,srv-5:80,60.118
prequal,30,srv-5:80,68.788
prequal,30,srv-5:80,51.129
prequal,30,srv-5:80,51.584
prequal,30,srv-5:80,53.734
prequal,30,srv-5:80,60.579
prequal,30,srv-5:80,76.598
prequal,30,srv-5:80,69.551
prequal,30,srv-5:80,70.324
prequal,30,srv-5:80,66.832
prequal,30,srv-5:80,53.499
prequal,30,srv-5:80,51.885
prequal,30,srv-5:80,63.745
prequal,30,srv-5:80,51.093
prequal,30,srv-5:80,51.025
prequal,30,srv-5:80,72.577
prequal,30,srv-5:80,67.691
prequal,30,srv-5:80,60.700
prequal,30,srv-5:80,65.502
prequal,30,srv-5:80,63.705
prequal,30,srv-5:80,62.022
prequal,30,srv-5:80,71.574
prequal,30,srv-5:80,63.378
prequal,30,srv-5:80,67.421
prequal,30,srv-5:80,47.233
prequal,30,srv-5:80,11.774
prequal,30,srv-5:80,27.702
prequal,30,srv-5:80,59.337
prequal,30,srv-5:80,49.723
prequal,30,srv-5:80,44.599
prequal,30,srv-5:80,43.255
prequal,30,srv-5:80,44.731
prequal,30,srv-5:80,62.687
prequal,30,srv-5:80,65.026
prequal,30,srv-5:80,62.413
prequal,30,srv-5:80,63.214
prequal,30,srv-5:80,61.124
prequal,30,srv-5:80,62.617
prequal,30,srv-5:80,60.861
prequal,30,srv-5:80,54.490
prequal,30,srv-5:80,45.972
prequal,30,srv-5:80,55.046
prequal,30,srv-5:80,64.881
prequal,30,srv-5:80,54.594
prequal,30,srv-5:80,44.463
prequal,30,srv-5:80,31.262
prequal,30,srv-5:80,43.675
prequal,30,srv-5:80,62.074
prequal,30,srv-5:80,58.390
prequal,30,srv-5:80,45.997
prequal,30,srv-5:80,58.276
prequal,30,srv-5:80,60.492
prequal,30,srv-5:80,55.172
prequal,30,srv-5:80,61.259
prequal,30,srv-6:80,2.394
prequal,30,srv-6:80,2.506
prequal,30,srv-6:80,2.661
prequal,30,srv-6:80,2.612
prequal,30,srv-6:80,2.402
prequal,30,srv-6:80,2.247
prequal,30,srv-6:80,2.342
prequal,30,srv-6:80,2.450
prequal,30,srv-6:80,2.397
prequal,30,srv-6:80,2.581
prequal,30,srv-6:80,2.465
prequal,30,srv-6:80,2.215
prequal,30,srv-6:80,2.169
prequal,30,srv-6:80,2.341
prequal,30,srv-6:80,8.407
prequal,30,srv-6:80,47.861
prequal,30,srv-6:80,77.913
prequal,30,srv-6:80,65.246
prequal,30,srv-6:80,66.630
prequal,30,srv-6:80,49.091
prequal,30,srv-6:80,49.347
prequal,30,srv-6:80,70.510
prequal,30,srv-6:80,72.175
prequal,30,srv-6:80,68.814
prequal,30,srv-6:80,67.354
prequal,30,srv-6:80,70.343
prequal,30,srv-6:80,77.076
prequal,30,srv-6:80,74.891
prequal,30,srv-6:80,71.223
prequal,30,srv-6:80,83.313
prequal,30,srv-6:80,85.739
prequal,30,srv-6:80,72.972
prequal,30,srv-6:80,70.938
prequal,30,srv-6:80,67.487
prequal,30,srv-6:80,58.265
prequal,30,srv-6:80,64.464
prequal,30,srv-6:80,71.662
prequal,30,srv-6:80,67.410
prequal,30,srv-6:80,71.058
prequal,30,srv-6:80,68.254
prequal,30,srv-6:80,27.605
prequal,30,srv-6:80,4.892
prequal,30,srv-6:80,3.999
prequal,30,srv-6:80,4.741
prequal,30,srv-6:80,5.418
prequal,30,srv-6:80,16.857
prequal,30,srv-6:80,49.149
prequal,30,srv-6:80,73.584
prequal,30,srv-6:80,74.681
prequal,30,srv-6:80,75.323
prequal,30,srv-6:80,60.129
prequal,30,srv-6:80,51.808
prequal,30,srv-6:80,55.743
prequal,30,srv-6:80,68.440
prequal,30,srv-6:80,82.160
prequal,30,srv-6:80,72.947
prequal,30,srv-6:80,61.524
prequal,30,srv-6:80,62.994
prequal,30,srv-6:80,57.089
prequal,30,srv-7:80,10.786
prequal,30,srv-7:80,6.635
prequal,30,srv-7:80,8.363
prequal,30,srv-7:80,36.462
prequal,30,srv-7:80,65.806
prequal,30,srv-7:80,68.147
prequal,30,srv-7:80,62.313
prequal,30,srv-7:80,63.184
prequal,30,srv-7:80,65.864
prequal,30,srv-7:80,67.357
prequal,30,srv-7:80,61.241
prequal,30,srv-7:80,40.097
prequal,30,srv-7:80,41.996
prequal,30,srv-7:80,57.194
prequal,30,srv-7:80,35.603
prequal,30,srv-7:80,8.801
prequal,30,srv-7:80,4.521
prequal,30,srv-7:80,3.210
prequal,30,srv-7:80,11.828
prequal,30,srv-7:80,15.190
prequal,30,srv-7:80,7.858
prequal,30,srv-7:80,6.170
prequal,30,srv-7:80,7.945
prequal,30,srv-7:80,7.584
prequal,30,srv-7:80,4.373
prequal,30,srv-7:80,3.988
prequal,30,srv-7:80,3.822
prequal,30,srv-7:80,2.917
prequal,30,srv-7:80,3.495
prequal,30,srv-7:80,3.645
prequal,30,srv-7:80,3.329
prequal,30,srv-7:80,3.262
prequal,30,srv-7:80,2.996
prequal,30,srv-7:80,2.885
prequal,30,srv-7:80,3.314
prequal,30,srv-7:80,3.288
prequal,30,srv-7:80,2.900
prequal,30,srv-7:80,2.972
prequal,30,srv-7:80,2.995
prequal,30,srv-7:80,3.155
prequal,30,srv-7:80,3.316
prequal,30,srv-7:80,3.448
prequal,30,srv-7:80,3.638
prequal,30,srv-7:80,3.863
prequal,30,srv-7:80,4.012
prequal,30,srv-7:80,3.871
prequal,30,srv-7:80,3.870
prequal,30,srv-7:80,4.133
prequal,30,srv-7:80,3.563
prequal,30,srv-7:80,3.248
prequal,30,srv-7:80,3.412
prequal,30,srv-7:80,3.312
prequal,30,srv-7:80,3.199
prequal,30,srv-7:80,3.079
prequal,30,srv-7:80,3.322
prequal,30,srv-7:80,3.333
prequal,30,srv-7:80,3.198
prequal,30,srv-7:80,3.292
prequal,30,srv-7:80,3.212
prequal,30,srv-8:80,54.329
prequal,30,srv-8:80,68.294
prequal,30,srv-8:80,66.850
prequal,30,srv-8:80,49.117
prequal,30,srv-8:80,54.858
prequal,30,srv-8:80,74.860
prequal,30,srv-8:80,70.771
prequal,30,srv-8:80,59.637
prequal,30,srv-8:80,44.017
prequal,30,srv-8:80,52.211
prequal,30,srv-8:80,48.856
prequal,30,srv-8:80,11.496
prequal,30,srv-8:80,19.114
prequal,30,srv-8:80,55.016
prequal,30,srv-8:80,45.640
prequal,30,srv-8:80,9.721
prequal,30,srv-8:80,3.125
prequal,30,srv-8:80,3.256
prequal,30,srv-8:80,3.105
prequal,30,srv-8:80,2.852
prequal,30,srv-8:80,2.971
prequal,30,srv-8:80,3.054
prequal,30,srv-8:80,3.197
prequal,30,srv-8:80,9.188
prequal,30,srv-8:80,28.487
prequal,30,srv-8:80,31.184
prequal,30,srv-8:80,31.763
prequal,30,srv-8:80,55.143
prequal,30,srv-8:80,59.508
prequal,30,srv-8:80,50.500
prequal,30,srv-8:80,57.062
prequal,30,srv-8:80,40.227
prequal,30,srv-8:80,10.652
prequal,30,srv-8:80,5.845
prequal,30,srv-8:80,5.457
prequal,30,srv-8:80,5.008
prequal,30,srv-8:80,4.736
prequal,30,srv-8:80,4.273
prequal,30,srv-8:80,4.138
prequal,30,srv-8:80,4.883
prequal,30,srv-8:80,22.159
prequal,30,srv-8:80,47.816
prequal,30,srv-8:80,49.483
prequal,30,srv-8:80,41.175
prequal,30,srv-8:80,42.300
prequal,30,srv-8:80,34.152
prequal,30,srv-8:80,14.611
prequal,30,srv-8:80,7.617
prequal,30,srv-8:80,7.666
prequal,30,srv-8:80,5.001
prequal,30,srv-8:80,3.862
prequal,30,srv-8:80,3.171
prequal,30,srv-8:80,3.079
prequal,30,srv-8:80,3.211
prequal,30,srv-8:80,3.231
prequal,30,srv-8:80,2.947
prequal,30,srv-8:80,2.813
prequal,30,srv-8:80,3.090
prequal,30,srv-8:80,3.194
prequal,30,srv-9:80,51.093
prequal,30,srv-9:80,52.814
prequal,30,srv-9:80,54.756
prequal,30,srv-9:80,27.232
prequal,30,srv-9:80,20.474
prequal,30,srv-9:80,31.231
prequal,30,srv-9:80,37.754
prequal,30,srv-9:80,36.916
prequal,30,srv-9:80,31.264
prequal,30,srv-9:80,45.718
prequal,30,srv-9:80,41.728
prequal,30,srv-9:80,18.002
prequal,30,srv-9:80,5.674
prequal,30,srv-9:80,8.958
prequal,30,srv-9:80,38.369
prequal,30,srv-9:80,63.168
prequal,30,srv-9:80,50.528
prequal,30,srv-9:80,37.585
prequal,30,srv-9:80,32.954
prequal,30,srv-9:80,16.023
prequal,30,srv-9:80,2.926
prequal,30,srv-9:80,3.201
prequal,30,srv-9:80,3.602
prequal,30,srv-9:80,3.471
prequal,30,srv-9:80,3.030
prequal,30,srv-9:80,3.632
prequal,30,srv-9:80,3.648
prequal,30,srv-9:80,2.790
prequal,30,srv-9:80,2.688
prequal,30,srv-9:80,3.081
prequal,30,srv-9:80,3.102
prequal,30,srv-9:80,2.724
prequal,30,srv-9:80,2.701
prequal,30,srv-9:80,2.710
prequal,30,srv-9:80,2.843
prequal,30,srv-9:80,2.970
prequal,30,srv-9:80,3.142
prequal,30,srv-9:80,3.309
prequal,30,srv-9:80,3.132
prequal,30,srv-9:80,2.902
prequal,30,srv-9:80,2.860
prequal,30,srv-9:80,2.833
prequal,30,srv-9:80,2.804
prequal,30,srv-9:80,3.024
prequal,30,srv-9:80,2.894
prequal,30,srv-9:80,2.652
prequal,30,srv-9:80,2.798
prequal,30,srv-9:80,3.180
prequal,30,srv-9:80,3.447
prequal,30,srv-9:80,3.387
prequal,30,srv-9:80,3.061
prequal,30,srv-9:80,2.780
prequal,30,srv-9:80,2.909
prequal,30,srv-9:80,3.160
prequal,30,srv-9:80,2.982
prequal,30,srv-9:80,2.727
prequal,30,srv-9:80,2.994
prequal,30,srv-9:80,3.325
prequal,30,srv-9:80,3.131
prequal,75,srv-10:80,90.013
prequal,75,srv-10:80,63.554
prequal,75,srv-10:80,62.332
prequal,75,srv-10:80,48.477
prequal,75,srv-10:80,43.436
prequal,75,srv-10:80,69.738
prequal,75,srv-10:80,58.830
prequal,75,srv-10:80,58.747
prequal,75,srv-10:80,72.273
prequal,75,srv-10:80,65.610
prequal,75,srv-10:80,56.412
prequal,75,srv-10:80,53.928
prequal,75,srv-10:80,50.236
prequal,75,srv-10:80,58.235
prequal,75,srv-10:80,71.983
prequal,75,srv-10:80,76.873
prequal,75,srv-10:80,66.963
prequal,75,srv-10:80,56.182
prequal,75,srv-10:80,52.041
prequal,75,srv-10:80,41.863
prequal,75,srv-10:80,52.958
prequal,75,srv-10:80,60.402
prequal,75,srv-10:80,32.642
prequal,75,srv-10:80,9.960
prequal,75,srv-10:80,9.019
prequal,75,srv-10:80,13.634
prequal,75,srv-10:80,13.200
prequal,75,srv-10:80,8.652
prequal,75,srv-10:80,17.235
prequal,75,srv-10:80,54.772
prequal,75,srv-10:80,61.265
prequal,75,srv-10:80,60.909
prequal,75,srv-10:80,88.804
prequal,75,srv-10:80,81.897
prequal,75,srv-10:80,58.237
prequal,75,srv-10:80,63.851
prequal,75,srv-10:80,76.728
prequal,75,srv-10:80,83.782
prequal,75,srv-10:80,73.638
prequal,75,srv-10:80,64.048
prequal,75,srv-10:80,86.523
prequal,75,srv-10:80,95.577
prequal,75,srv-10:80,75.314
prequal,75,srv-10:80,76.828
prequal,75,srv-10:80,56.400
prequal,75,srv-10:80,29.991
prequal,75,srv-10:80,65.301
prequal,75,srv-10:80,95.690
prequal,75,srv-10:80,63.771
prequal,75,srv-10:80,23.189
prequal,75,srv-10:80,36.989
prequal,75,srv-10:80,28.774
prequal,75,srv-10:80,32.033
prequal,75,srv-10:80,77.151
prequal,75,srv-10:80,98.028
prequal,75,srv-10:80,69.325
prequal,75,srv-10:80,61.070
prequal,75,srv-10:80,66.158
prequal,75,srv-10:80,37.017
prequal,75,srv-10:80,12.167
prequal,75,srv-1:80,144.091
prequal,75,srv-1:80,187.798
prequal,75,srv-1:80,155.258
prequal,75,srv-1:80,153.797
prequal,75,srv-1:80,175.736
prequal,75,srv-1:80,183.823
prequal,75,srv-1:80,194.654
prequal,75,srv-1:80,187.602
prequal,75,srv-1:80,186.986
prequal,75,srv-1:80,171.054
prequal,75,srv-1:80,138.907
prequal,75,srv-1:80,133.007
prequal,75,srv-1:80,139.013
prequal,75,srv-1:80,77.054
prequal,75,srv-1:80,98.965
prequal,75,srv-1:80,155.482
prequal,75,srv-1:80,116.257
prequal,75,srv-1:80,140.205
prequal,75,srv-1:80,179.844
prequal,75,srv-1:80,173.130
prequal,75,srv-1:80,172.244
prequal,75,srv-1:80,188.687
prequal,75,srv-1:80,196.411
prequal,75,srv-1:80,188.944
prequal,75,srv-1:80,184.555
prequal,75,srv-1:80,181.533
prequal,75,srv-1:80,120.498
prequal,75,srv-1:80,37.389
prequal,75,srv-1:80,7.939
prequal,75,srv-1:80,31.346
prequal,75,srv-1:80,99.532
prequal,75,srv-1:80,139.786
prequal,75,srv-1:80,163.090
prequal,75,srv-1:80,176.114
prequal,75,srv-1:80,167.967
prequal,75,srv-1:80,155.630
prequal,75,srv-1:80,130.135
prequal,75,srv-1:80,143.665
prequal,75,srv-1:80,177.446
prequal,75,srv-1:80,172.955
prequal,75,srv-1:80,166.834
prequal,75,srv-1:80,179.012
prequal,75,srv-1:80,105.386
prequal,75,srv-1:80,55.292
prequal,75,srv-1:80,129.655
prequal,75,srv-1:80,179.487
prequal,75,srv-1:80,186.407
prequal,75,srv-1:80,185.819
prequal,75,srv-1:80,179.833
prequal,75,srv-1:80,187.727
prequal,75,srv-1:80,196.330
prequal,75,srv-1:80,181.306
prequal,75,srv-1:80,173.447
prequal,75,srv-1:80,179.462
prequal,75,srv-1:80,163.501
prequal,75,srv-1:80,164.732
prequal,75,srv-1:80,124.318
prequal,75,srv-1:80,70.600
prequal,75,srv-1:80,110.838
prequal,75,srv-1:80,74.780
prequal,75,srv-2:80,169.536
prequal,75,srv-2:80,175.428
prequal,75,srv-2:80,165.222
prequal,75,srv-2:80,170.301
prequal,75,srv-2:80,180.122
prequal,75,srv-2:80,188.861
prequal,75,srv-2:80,188.346
prequal,75,srv-2:80,175.424
prequal,75,srv-2:80,166.304
prequal,75,srv-2:80,125.509
prequal,75,srv-2:80,110.809
prequal,75,srv-2:80,166.476
prequal,75,srv-2:80,192.253
prequal,75,srv-2:80,177.622
prequal,75,srv-2:80,167.348
prequal,75,srv-2:80,176.650
prequal,75,srv-2:80,186.700
prequal,75,srv-2:80,193.758
prequal,75,srv-2:80,194.803
prequal,75,srv-2:80,188.289
prequal,75,srv-2:80,95.825
prequal,75,srv-2:80,49.740
prequal,75,srv-2:80,88.739
prequal,75,srv-2:80,130.936
prequal,75,srv-2:80,177.979
prequal,75,srv-2:80,168.757
prequal,75,srv-2:80,172.033
prequal,75,srv-2:80,179.182
prequal,75,srv-2:80,139.635
prequal,75,srv-2:80,125.991
prequal,75,srv-2:80,167.708
prequal,75,srv-2:80,155.903
prequal,75,srv-2:80,149.235
prequal,75,srv-2:80,171.132
prequal,75,srv-2:80,172.270
prequal,75,srv-2:80,184.389
prequal,75,srv-2:80,188.776
prequal,75,srv-2:80,191.966
prequal,75,srv-2:80,132.695
prequal,75,srv-2:80,131.241
prequal,75,srv-2:80,186.665
prequal,75,srv-2:80,170.677
prequal,75,srv-2:80,172.019
prequal,75,srv-2:80,159.477
prequal,75,srv-2:80,150.455
prequal,75,srv-2:80,165.030
prequal,75,srv-2:80,179.397
prequal,75,srv-2:80,164.267
prequal,75,srv-2:80,160.314
prequal,75,srv-2:80,184.078
prequal,75,srv-2:80,182.516
prequal,75,srv-2:80,176.504
prequal,75,srv-2:80,175.199
prequal,75,srv-2:80,181.876
prequal,75,srv-2:80,163.067
prequal,75,srv-2:80,160.640
prequal,75,srv-2:80,180.586
prequal,75,srv-2:80,172.650
prequal,75,srv-2:80,126.208
prequal,75,srv-2:80,43.833
prequal,75,srv-3:80,73.526
prequal,75,srv-3:80,82.420
prequal,75,srv-3:80,120.223
prequal,75,srv-3:80,85.800
prequal,75,srv-3:80,24.474
prequal,75,srv-3:80,6.275
prequal,75,srv-3:80,6.615
prequal,75,srv-3:80,6.249
prequal,75,srv-3:80,23.697
prequal,75,srv-3:80,112.730
prequal,75,srv-3:80,183.271
prequal,75,srv-3:80,184.137
prequal,75,srv-3:80,189.725
prequal,75,srv-3:80,182.284
prequal,75,srv-3:80,147.976
prequal,75,srv-3:80,66.548
prequal,75,srv-3:80,6.887
prequal,75,srv-3:80,6.735
prequal,75,srv-3:80,8.172
prequal,75,srv-3:80,52.381
prequal,75,srv-3:80,145.717
prequal,75,srv-3:80,196.725
prequal,75,srv-3:80,192.734
prequal,75,srv-3:80,188.071
prequal,75,srv-3:80,176.933
prequal,75,srv-3:80,167.319
prequal,75,srv-3:80,137.119
prequal,75,srv-3:80,144.009
prequal,75,srv-3:80,184.396
prequal,75,srv-3:80,180.193
prequal,75,srv-3:80,153.129
prequal,75,srv-3:80,146.957
prequal,75,srv-3:80,137.406
prequal,75,srv-3:80,58.798
prequal,75,srv-3:80,5.510
prequal,75,srv-3:80,36.072
prequal,75,srv-3:80,130.930
prequal,75,srv-3:80,184.965
prequal,75,srv-3:80,187.063
prequal,75,srv-3:80,157.196
prequal,75,srv-3:80,153.219
prequal,75,srv-3:80,187.887
prequal,75,srv-3:80,177.537
prequal,75,srv-3:80,180.782
prequal,75,srv-3:80,182.005
prequal,75,srv-3:80,184.658
prequal,75,srv-3:80,146.517
prequal,75,srv-3:80,108.375
prequal,75,srv-3:80,157.121
prequal,75,srv-3:80,190.858
prequal,75,srv-3:80,182.133
prequal,75,srv-3:80,173.178
prequal,75,srv-3:80,182.159
prequal,75,srv-3:80,192.886
prequal,75,srv-3:80,161.818
prequal,75,srv-3:80,127.569
prequal,75,srv-3:80,156.768
prequal,75,srv-3:80,182.956
prequal,75,srv-3:80,177.454
prequal,75,srv-3:80,132.740
prequal,75,srv-4:80,157.315
prequal,75,srv-4:80,155.684
prequal,75,srv-4:80,175.019
prequal,75,srv-4:80,191.265
prequal,75,srv-4:80,188.942
prequal,75,srv-4:80,138.868
prequal,75,srv-4:80,138.241
prequal,75,srv-4:80,190.060
prequal,75,srv-4:80,187.690
prequal,75,srv-4:80,186.228
prequal,75,srv-4:80,185.884
prequal,75,srv-4:80,177.922
prequal,75,srv-4:80,127.311
prequal,75,srv-4:80,129.369
prequal,75,srv-4:80,180.535
prequal,75,srv-4:80,187.782
prequal,75,srv-4:80,187.033
prequal,75,srv-4:80,175.306
prequal,75,srv-4:80,175.120
prequal,75,srv-4:80,95.774
prequal,75,srv-4:80,9.593
prequal,75,srv-4:80,84.968
prequal,75,srv-4:80,162.252
prequal,75,srv-4:80,167.528
prequal,75,srv-4:80,181.081
prequal,75,srv-4:80,177.212
prequal,75,srv-4:80,137.546
prequal,75,srv-4:80,135.858
prequal,75,srv-4:80,145.078
prequal,75,srv-4:80,139.821
prequal,75,srv-4:80,144.826
prequal,75,srv-4:80,161.388
prequal,75,srv-4:80,173.655
prequal,75,srv-4:80,178.521
prequal,75,srv-4:80,171.314
prequal,75,srv-4:80,153.806
prequal,75,srv-4:80,111.706
prequal,75,srv-4:80,88.918
prequal,75,srv-4:80,147.971
prequal,75,srv-4:80,175.425
prequal,75,srv-4:80,167.868
prequal,75,srv-4:80,173.525
prequal,75,srv-4:80,185.124
prequal,75,srv-4:80,179.787
prequal,75,srv-4:80,178.367
prequal,75,srv-4:80,166.793
prequal,75,srv-4:80,168.103
prequal,75,srv-4:80,160.098
prequal,75,srv-4:80,145.903
prequal,75,srv-4:80,144.038
prequal,75,srv-4:80,115.974
prequal,75,srv-4:80,148.504
prequal,75,srv-4:80,117.887
prequal,75,srv-4:80,68.421
prequal,75,srv-4:80,128.801
prequal,75,srv-4:80,169.756
prequal,75,srv-4:80,149.001
prequal,75,srv-4:80,142.885
prequal,75,srv-4:80,132.783
prequal,75,srv-4:80,52.975
prequal,75,srv-5:80,153.380
prequal,75,srv-5:80,150.151
prequal,75,srv-5:80,138.777
prequal,75,srv-5:80,135.779
prequal,75,srv-5:80,159.002
prequal,75,srv-5:80,123.019
prequal,75,srv-5:80,114.319
prequal,75,srv-5:80,79.227
prequal,75,srv-5:80,6.411
prequal,75,srv-5:80,66.592
prequal,75,srv-5:80,148.560
prequal,75,srv-5:80,91.591
prequal,75,srv-5:80,58.432
prequal,75,srv-5:80,106.270
prequal,75,srv-5:80,130.996
prequal,75,srv-5:80,129.694
prequal,75,srv-5:80,137.757
prequal,75,srv-5:80,127.237
prequal,75,srv-5:80,122.604
prequal,75,srv-5:80,143.735
prequal,75,srv-5:80,162.562
prequal,75,srv-5:80,164.084
prequal,75,srv-5:80,133.685
prequal,75,srv-5:80,88.761
prequal,75,srv-5:80,25.405
prequal,75,srv-5:80,12.802
prequal,75,srv-5:80,45.942
prequal,75,srv-5:80,100.531
prequal,75,srv-5:80,154.829
prequal,75,srv-5:80,155.087
prequal,75,srv-5:80,152.919
prequal,75,srv-5:80,143.666
prequal,75,srv-5:80,108.276
prequal,75,srv-5:80,113.636
prequal,75,srv-5:80,150.346
prequal,75,srv-5:80,146.815
prequal,75,srv-5:80,143.654
prequal,75,srv-5:80,141.252
prequal,75,srv-5:80,55.680
prequal,75,srv-5:80,5.806
prequal,75,srv-5:80,5.682
prequal,75,srv-5:80,5.738
prequal,75,srv-5:80,6.462
prequal,75,srv-5:80,6.317
prequal,75,srv-5:80,5.703
prequal,75,srv-5:80,5.779
prequal,75,srv-5:80,6.358
prequal,75,srv-5:80,6.903
prequal,75,srv-5:80,6.503
prequal,75,srv-5:80,6.192
prequal,75,srv-5:80,6.463
prequal,75,srv-5:80,6.210
prequal,75,srv-5:80,6.454
prequal,75,srv-5:80,11.522
prequal,75,srv-5:80,54.629
prequal,75,srv-5:80,117.414
prequal,75,srv-5:80,134.849
prequal,75,srv-5:80,150.597
prequal,75,srv-5:80,126.041
prequal,75,srv-5:80,39.609
prequal,75,srv-6:80,126.312
prequal,75,srv-6:80,147.878
prequal,75,srv-6:80,155.331
prequal,75,srv-6:80,155.076
prequal,75,srv-6:80,140.412
prequal,75,srv-6:80,141.071
prequal,75,srv-6:80,151.983
prequal,75,srv-6:80,155.111
prequal,75,srv-6:80,125.468
prequal,75,srv-6:80,128.476
prequal,75,srv-6:80,110.362
prequal,75,srv-6:80,69.203
prequal,75,srv-6:80,92.382
prequal,75,srv-6:80,132.414
prequal,75,srv-6:80,112.218
prequal,75,srv-6:80,97.815
prequal,75,srv-6:80,148.673
prequal,75,srv-6:80,162.568
prequal,75,srv-6:80,154.804
prequal,75,srv-6:80,154.775
prequal,75,srv-6:80,167.444
prequal,75,srv-6:80,117.363
prequal,75,srv-6:80,49.584
prequal,75,srv-6:80,21.077
prequal,75,srv-6:80,64.522
prequal,75,srv-6:80,116.090
prequal,75,srv-6:80,141.210
prequal,75,srv-6:80,160.207
prequal,75,srv-6:80,164.058
prequal,75,srv-6:80,149.054
prequal,75,srv-6:80,150.229
prequal,75,srv-6:80,145.171
prequal,75,srv-6:80,138.158
prequal,75,srv-6:80,152.319
prequal,75,srv-6:80,128.921
prequal,75,srv-6:80,50.664
prequal,75,srv-6:80,5.812
prequal,75,srv-6:80,5.808
prequal,75,srv-6:80,68.298
prequal,75,srv-6:80,87.106
prequal,75,srv-6:80,97.411
prequal,75,srv-6:80,123.032
prequal,75,srv-6:80,140.343
prequal,75,srv-6:80,148.064
prequal,75,srv-6:80,151.898
prequal,75,srv-6:80,161.652
prequal,75,srv-6:80,160.161
prequal,75,srv-6:80,147.499
prequal,75,srv-6:80,143.484
prequal,75,srv-6:80,134.755
prequal,75,srv-6:80,130.783
prequal,75,srv-6:80,128.413
prequal,75,srv-6:80,130.126
prequal,75,srv-6:80,121.718
prequal,75,srv-6:80,126.891
prequal,75,srv-6:80,127.989
prequal,75,srv-6:80,91.231
prequal,75,srv-6:80,117.275
prequal,75,srv-6:80,129.813
prequal,75,srv-6:80,78.074
prequal,75,srv-7:80,55.906
prequal,75,srv-7:80,33.886
prequal,75,srv-7:80,56.159
prequal,75,srv-7:80,114.023
prequal,75,srv-7:80,92.012
prequal,75,srv-7:80,85.428
prequal,75,srv-7:80,82.670
prequal,75,srv-7:80,78.808
prequal,75,srv-7:80,88.258
prequal,75,srv-7:80,27.236
prequal,75,srv-7:80,7.076
prequal,75,srv-7:80,6.752
prequal,75,srv-7:80,7.377
prequal,75,srv-7:80,7.263
prequal,75,srv-7:80,16.821
prequal,75,srv-7:80,69.792
prequal,75,srv-7:80,104.158
prequal,75,srv-7:80,102.482
prequal,75,srv-7:80,98.285
prequal,75,srv-7:80,49.155
prequal,75,srv-7:80,59.501
prequal,75,srv-7:80,104.748
prequal,75,srv-7:80,115.396
prequal,75,srv-7:80,95.395
prequal,75,srv-7:80,77.934
prequal,75,srv-7:80,95.317
prequal,75,srv-7:80,109.504
prequal,75,srv-7:80,94.440
prequal,75,srv-7:80,86.642
prequal,75,srv-7:80,84.438
prequal,75,srv-7:80,37.531
prequal,75,srv-7:80,28.960
prequal,75,srv-7:80,72.398
prequal,75,srv-7:80,88.185
prequal,75,srv-7:80,105.180
prequal,75,srv-7:80,77.685
prequal,75,srv-7:80,28.599
prequal,75,srv-7:80,44.720
prequal,75,srv-7:80,98.511
prequal,75,srv-7:80,83.207
prequal,75,srv-7:80,44.474
prequal,75,srv-7:80,51.262
prequal,75,srv-7:80,81.633
prequal,75,srv-7:80,77.895
prequal,75,srv-7:80,18.722
prequal,75,srv-7:80,8.548
prequal,75,srv-7:80,12.517
prequal,75,srv-7:80,12.956
prequal,75,srv-7:80,45.138
prequal,75,srv-7:80,80.142
prequal,75,srv-7:80,94.728
prequal,75,srv-7:80,79.993
prequal,75,srv-7:80,56.695
prequal,75,srv-7:80,80.447
prequal,75,srv-7:80,71.310
prequal,75,srv-7:80,74.513
prequal,75,srv-7:80,82.606
prequal,75,srv-7:80,97.431
prequal,75,srv-7:80,111.995
prequal,75,srv-7:80,45.300
prequal,75,srv-8:80,61.799
prequal,75,srv-8:80,25.037
prequal,75,srv-8:80,6.800
prequal,75,srv-8:80,8.692
prequal,75,srv-8:80,35.293
prequal,75,srv-8:80,86.761
prequal,75,srv-8:80,103.347
prequal,75,srv-8:80,97.853
prequal,75,srv-8:80,111.978
prequal,75,srv-8:80,107.519
prequal,75,srv-8:80,114.540
prequal,75,srv-8:80,125.602
prequal,75,srv-8:80,121.155
prequal,75,srv-8:80,115.277
prequal,75,srv-8:80,111.354
prequal,75,srv-8:80,99.394
prequal,75,srv-8:80,70.955
prequal,75,srv-8:80,38.161
prequal,75,srv-8:80,12.734
prequal,75,srv-8:80,51.360
prequal,75,srv-8:80,105.199
prequal,75,srv-8:80,97.309
prequal,75,srv-8:80,90.011
prequal,75,srv-8:80,107.001
prequal,75,srv-8:80,122.350
prequal,75,srv-8:80,112.739
prequal,75,srv-8:80,103.701
prequal,75,srv-8:80,77.589
prequal,75,srv-8:80,84.340
prequal,75,srv-8:80,103.154
prequal,75,srv-8:80,101.940
prequal,75,srv-8:80,85.014
prequal,75,srv-8:80,73.930
prequal,75,srv-8:80,97.445
prequal,75,srv-8:80,118.939
prequal,75,srv-8:80,120.487
prequal,75,srv-8:80,111.770
prequal,75,srv-8:80,120.175
prequal,75,srv-8:80,117.519
prequal,75,srv-8:80,115.285
prequal,75,srv-8:80,81.078
prequal,75,srv-8:80,78.697
prequal,75,srv-8:80,113.942
prequal,75,srv-8:80,130.049
prequal,75,srv-8:80,116.115
prequal,75,srv-8:80,115.633
prequal,75,srv-8:80,99.776
prequal,75,srv-8:80,86.701
prequal,75,srv-8:80,78.003
prequal,75,srv-8:80,81.306
prequal,75,srv-8:80,99.312
prequal,75,srv-8:80,108.615
prequal,75,srv-8:80,117.990
prequal,75,srv-8:80,93.991
prequal,75,srv-8:80,43.708
prequal,75,srv-8:80,6.000
prequal,75,srv-8:80,6.156
prequal,75,srv-8:80,6.037
prequal,75,srv-8:80,4.725
prequal,75,srv-8:80,1.917
prequal,75,srv-9:80,24.389
prequal,75,srv-9:80,38.084
prequal,75,srv-9:80,43.798
prequal,75,srv-9:80,47.192
prequal,75,srv-9:80,49.154
prequal,75,srv-9:80,45.140
prequal,75,srv-9:80,42.309
prequal,75,srv-9:80,52.684
prequal,75,srv-9:80,52.589
prequal,75,srv-9:80,37.318
prequal,75,srv-9:80,35.696
prequal,75,srv-9:80,61.328
prequal,75,srv-9:80,93.118
prequal,75,srv-9:80,94.114
prequal,75,srv-9:80,73.992
prequal,75,srv-9:80,48.275
prequal,75,srv-9:80,41.940
prequal,75,srv-9:80,60.905
prequal,75,srv-9:80,80.443
prequal,75,srv-9:80,78.150
prequal,75,srv-9:80,55.870
prequal,75,srv-9:80,37.595
prequal,75,srv-9:80,43.275
prequal,75,srv-9:80,66.718
prequal,75,srv-9:80,55.200
prequal,75,srv-9:80,40.350
prequal,75,srv-9:80,85.360
prequal,75,srv-9:80,104.111
prequal,75,srv-9:80,86.631
prequal,75,srv-9:80,46.317
prequal,75,srv-9:80,8.720
prequal,75,srv-9:80,6.632
prequal,75,srv-9:80,7.872
prequal,75,srv-9:80,8.944
prequal,75,srv-9:80,18.437
prequal,75,srv-9:80,54.880
prequal,75,srv-9:80,86.730
prequal,75,srv-9:80,63.201
prequal,75,srv-9:80,42.080
prequal,75,srv-9:80,58.703
prequal,75,srv-9:80,38.494
prequal,75,srv-9:80,9.163
prequal,75,srv-9:80,27.973
prequal,75,srv-9:80,54.073
prequal,75,srv-9:80,69.954
prequal,75,srv-9:80,68.169
prequal,75,srv-9:80,74.235
prequal,75,srv-9:80,86.094
prequal,75,srv-9:80,51.686
prequal,75,srv-9:80,37.820
prequal,75,srv-9:80,55.087
prequal,75,srv-9:80,46.939
prequal,75,srv-9:80,62.569
prequal,75,srv-9:80,62.055
prequal,75,srv-9:80,73.674
prequal,75,srv-9:80,83.543
prequal,75,srv-9:80,60.948
prequal,75,srv-9:80,59.430
prequal,75,srv-9:80,36.970
prequal,75,srv-9:80,10.113
prequal,83,srv-10:80,65.247
prequal,83,srv-10:80,82.189
prequal,83,srv-10:80,72.680
prequal,83,srv-10:80,69.299
prequal,83,srv-10:80,77.281
prequal,83,srv-10:80,86.814
prequal,83,srv-10:80,52.654
prequal,83,srv-10:80,27.935
prequal,83,srv-10:80,39.475
prequal,83,srv-10:80,45.979
prequal,83,srv-10:80,68.252
prequal,83,srv-10:80,81.468
prequal,83,srv-10:80,65.637
prequal,83,srv-10:80,49.276
prequal,83,srv-10:80,37.475
prequal,83,srv-10:80,36.038
prequal,83,srv-10:80,51.782
prequal,83,srv-10:80,68.723
prequal,83,srv-10:80,67.671
prequal,83,srv-10:80,69.382
prequal,83,srv-10:80,59.914
prequal,83,srv-10:80,58.085
prequal,83,srv-10:80,63.709
prequal,83,srv-10:80,72.699
prequal,83,srv-10:80,78.739
prequal,83,srv-10:80,83.409
prequal,83,srv-10:80,85.362
prequal,83,srv-10:80,80.529
prequal,83,srv-10:80,70.805
prequal,83,srv-10:80,69.197
prequal,83,srv-10:80,53.413
prequal,83,srv-10:80,52.323
prequal,83,srv-10:80,71.271
prequal,83,srv-10:80,42.549
prequal,83,srv-10:80,49.087
prequal,83,srv-10:80,76.802
prequal,83,srv-10:80,85.912
prequal,83,srv-10:80,85.528
prequal,83,srv-10:80,77.947
prequal,83,srv-10:80,78.425
prequal,83,srv-10:80,63.668
prequal,83,srv-10:80,57.408
prequal,83,srv-10:80,49.820
prequal,83,srv-10:80,26.272
prequal,83,srv-10:80,37.801
prequal,83,srv-10:80,74.440
prequal,83,srv-10:80,79.282
prequal,83,srv-10:80,87.297
prequal,83,srv-10:80,79.498
prequal,83,srv-10:80,62.568
prequal,83,srv-10:80,60.145
prequal,83,srv-10:80,37.096
prequal,83,srv-10:80,42.284
prequal,83,srv-10:80,72.598
prequal,83,srv-10:80,83.753
prequal,83,srv-10:80,73.116
prequal,83,srv-10:80,75.272
prequal,83,srv-10:80,91.589
prequal,83,srv-10:80,90.646
prequal,83,srv-10:80,41.477
prequal,83,srv-1:80,158.586
prequal,83,srv-1:80,101.767
prequal,83,srv-1:80,124.911
prequal,83,srv-1:80,160.410
prequal,83,srv-1:80,148.839
prequal,83,srv-1:80,155.509
prequal,83,srv-1:80,75.126
prequal,83,srv-1:80,48.864
prequal,83,srv-1:80,148.640
prequal,83,srv-1:80,198.170
prequal,83,srv-1:80,193.610
prequal,83,srv-1:80,164.068
prequal,83,srv-1:80,159.353
prequal,83,srv-1:80,194.611
prequal,83,srv-1:80,193.607
prequal,83,srv-1:80,191.928
prequal,83,srv-1:80,185.592
prequal,83,srv-1:80,178.675
prequal,83,srv-1:80,173.369
prequal,83,srv-1:80,176.897
prequal,83,srv-1:80,176.556
prequal,83,srv-1:80,161.526
prequal,83,srv-1:80,168.483
prequal,83,srv-1:80,184.478
prequal,83,srv-1:80,196.354
prequal,83,srv-1:80,198.094
prequal,83,srv-1:80,195.586
prequal,83,srv-1:80,144.492
prequal,83,srv-1:80,123.864
prequal,83,srv-1:80,175.389
prequal,83,srv-1:80,176.756
prequal,83,srv-1:80,175.575
prequal,83,srv-1:80,197.719
prequal,83,srv-1:80,205.539
prequal,83,srv-1:80,195.392
prequal,83,srv-1:80,175.897
prequal,83,srv-1:80,161.112
prequal,83,srv-1:80,129.580
prequal,83,srv-1:80,136.944
prequal,83,srv-1:80,185.335
prequal,83,srv-1:80,162.895
prequal,83,srv-1:80,100.436
prequal,83,srv-1:80,83.007
prequal,83,srv-1:80,141.548
prequal,83,srv-1:80,146.269
prequal,83,srv-1:80,148.519
prequal,83,srv-1:80,180.351
prequal,83,srv-1:80,185.123
prequal,83,srv-1:80,193.213
prequal,83,srv-1:80,180.593
prequal,83,srv-1:80,192.603
prequal,83,srv-1:80,176.897
prequal,83,srv-1:80,95.623
prequal,83,srv-1:80,94.405
prequal,83,srv-1:80,175.600
prequal,83,srv-1:80,186.515
prequal,83,srv-1:80,181.195
prequal,83,srv-1:80,187.839
prequal,83,srv-1:80,166.999
prequal,83,srv-1:80,73.606
prequal,83,srv-2:80,164.463
prequal,83,srv-2:80,138.056
prequal,83,srv-2:80,107.746
prequal,83,srv-2:80,132.489
prequal,83,srv-2:80,172.021
prequal,83,srv-2:80,154.983
prequal,83,srv-2:80,177.905
prequal,83,srv-2:80,192.423
prequal,83,srv-2:80,193.857
prequal,83,srv-2:80,187.000
prequal,83,srv-2:80,175.127
prequal,83,srv-2:80,184.343
prequal,83,srv-2:80,180.590
prequal,83,srv-2:80,177.992
prequal,83,srv-2:80,170.624
prequal,83,srv-2:80,118.851
prequal,83,srv-2:80,133.775
prequal,83,srv-2:80,159.571
prequal,83,srv-2:80,166.529
prequal,83,srv-2:80,182.935
prequal,83,srv-2:80,181.525
prequal,83,srv-2:80,186.700
prequal,83,srv-2:80,178.346
prequal,83,srv-2:80,179.262
prequal,83,srv-2:80,189.726
prequal,83,srv-2:80,100.646
prequal,83,srv-2:80,13.306
prequal,83,srv-2:80,87.103
prequal,83,srv-2:80,138.141
prequal,83,srv-2:80,151.975
prequal,83,srv-2:80,153.834
prequal,83,srv-2:80,152.785
prequal,83,srv-2:80,173.727
prequal,83,srv-2:80,144.516
prequal,83,srv-2:80,157.794
prequal,83,srv-2:80,190.615
prequal,83,srv-2:80,114.013
prequal,83,srv-2:80,112.864
prequal,83,srv-2:80,177.885
prequal,83,srv-2:80,170.061
prequal,83,srv-2:80,169.426
prequal,83,srv-2:80,185.232
prequal,83,srv-2:80,125.449
prequal,83,srv-2:80,108.352
prequal,83,srv-2:80,166.020
prequal,83,srv-2:80,179.616
prequal,83,srv-2:80,123.915
prequal,83,srv-2:80,31.946
prequal,83,srv-2:80,8.540
prequal,83,srv-2:80,6.738
prequal,83,srv-2:80,12.675
prequal,83,srv-2:80,97.938
prequal,83,srv-2:80,186.872
prequal,83,srv-2:80,189.728
prequal,83,srv-2:80,189.335
prequal,83,srv-2:80,200.183
prequal,83,srv-2:80,117.783
prequal,83,srv-2:80,76.462
prequal,83,srv-2:80,78.876
prequal,83,srv-2:80,17.974
prequal,83,srv-3:80,149.887
prequal,83,srv-3:80,184.376
prequal,83,srv-3:80,180.948
prequal,83,srv-3:80,178.153
prequal,83,srv-3:80,163.491
prequal,83,srv-3:80,179.109
prequal,83,srv-3:80,195.103
prequal,83,srv-3:80,191.978
prequal,83,srv-3:80,189.005
prequal,83,srv-3:80,184.304
prequal,83,srv-3:80,178.912
prequal,83,srv-3:80,173.259
prequal,83,srv-3:80,183.982
prequal,83,srv-3:80,194.751
prequal,83,srv-3:80,182.335
prequal,83,srv-3:80,174.955
prequal,83,srv-3:80,165.322
prequal,83,srv-3:80,149.149
prequal,83,srv-3:80,171.689
prequal,83,srv-3:80,199.333
prequal,83,srv-3:80,173.860
prequal,83,srv-3:80,176.253
prequal,83,srv-3:80,193.212
prequal,83,srv-3:80,150.944
prequal,83,srv-3:80,64.425
prequal,83,srv-3:80,62.798
prequal,83,srv-3:80,153.112
prequal,83,srv-3:80,169.039
prequal,83,srv-3:80,162.033
prequal,83,srv-3:80,188.303
prequal,83,srv-3:80,202.220
prequal,83,srv-3:80,184.031
prequal,83,srv-3:80,172.875
prequal,83,srv-3:80,184.743
prequal,83,srv-3:80,134.429
prequal,83,srv-3:80,142.615
prequal,83,srv-3:80,202.609
prequal,83,srv-3:80,202.816
prequal,83,srv-3:80,188.958
prequal,83,srv-3:80,188.588
prequal,83,srv-3:80,203.206
prequal,83,srv-3:80,205.204
prequal,83,srv-3:80,202.113
prequal,83,srv-3:80,191.734
prequal,83,srv-3:80,189.343
prequal,83,srv-3:80,186.088
prequal,83,srv-3:80,154.220
prequal,83,srv-3:80,153.397
prequal,83,srv-3:80,172.653
prequal,83,srv-3:80,181.949
prequal,83,srv-3:80,199.089
prequal,83,srv-3:80,188.780
prequal,83,srv-3:80,157.978
prequal,83,srv-3:80,160.410
prequal,83,srv-3:80,197.429
prequal,83,srv-3:80,205.249
prequal,83,srv-3:80,168.885
prequal,83,srv-3:80,173.672
prequal,83,srv-3:80,161.792
prequal,83,srv-3:80,78.022
prequal,83,srv-4:80,179.252
prequal,83,srv-4:80,182.782
prequal,83,srv-4:80,176.193
prequal,83,srv-4:80,187.926
prequal,83,srv-4:80,170.375
prequal,83,srv-4:80,170.311
prequal,83,srv-4:80,193.068
prequal,83,srv-4:80,107.898
prequal,83,srv-4:80,83.029
prequal,83,srv-4:80,157.209
prequal,83,srv-4:80,184.559
prequal,83,srv-4:80,182.146
prequal,83,srv-4:80,181.758
prequal,83,srv-4:80,183.242
prequal,83,srv-4:80,181.614
prequal,83,srv-4:80,188.966
prequal,83,srv-4:80,185.886
prequal,83,srv-4:80,196.140
prequal,83,srv-4:80,191.633
prequal,83,srv-4:80,188.395
prequal,83,srv-4:80,197.232
prequal,83,srv-4:80,199.952
prequal,83,srv-4:80,172.778
prequal,83,srv-4:80,174.894
prequal,83,srv-4:80,191.217
prequal,83,srv-4:80,186.183
prequal,83,srv-4:80,197.559
prequal,83,srv-4:80,205.224
prequal,83,srv-4:80,192.538
prequal,83,srv-4:80,187.476
prequal,83,srv-4:80,190.306
prequal,83,srv-4:80,136.747
prequal,83,srv-4:80,81.758
prequal,83,srv-4:80,101.379
prequal,83,srv-4:80,67.962
prequal,83,srv-4:80,6.643
prequal,83,srv-4:80,44.710
prequal,83,srv-4:80,105.109
prequal,83,srv-4:80,118.602
prequal,83,srv-4:80,122.514
prequal,83,srv-4:80,104.693
prequal,83,srv-4:80,123.059
prequal,83,srv-4:80,187.339
prequal,83,srv-4:80,196.379
prequal,83,srv-4:80,178.520
prequal,83,srv-4:80,149.338
prequal,83,srv-4:80,164.853
prequal,83,srv-4:80,202.928
prequal,83,srv-4:80,163.517
prequal,83,srv-4:80,160.851
prequal,83,srv-4:80,194.475
prequal,83,srv-4:80,175.063
prequal,83,srv-4:80,173.345
prequal,83,srv-4:80,126.958
prequal,83,srv-4:80,56.379
prequal,83,srv-4:80,119.181
prequal,83,srv-4:80,196.286
prequal,83,srv-4:80,196.328
prequal,83,srv-4:80,160.987
prequal,83,srv-4:80,62.625
prequal,83,srv-5:80,140.237
prequal,83,srv-5:80,141.595
prequal,83,srv-5:80,168.076
prequal,83,srv-5:80,177.073
prequal,83,srv-5:80,152.984
prequal,83,srv-5:80,153.870
prequal,83,srv-5:80,157.027
prequal,83,srv-5:80,159.454
prequal,83,srv-5:80,161.284
prequal,83,srv-5:80,144.490
prequal,83,srv-5:80,157.162
prequal,83,srv-5:80,155.831
prequal,83,srv-5:80,149.289
prequal,83,srv-5:80,112.216
prequal,83,srv-5:80,126.312
prequal,83,srv-5:80,157.838
prequal,83,srv-5:80,141.971
prequal,83,srv-5:80,67.459
prequal,83,srv-5:80,7.042
prequal,83,srv-5:80,11.866
prequal,83,srv-5:80,45.582
prequal,83,srv-5:80,102.063
prequal,83,srv-5:80,125.519
prequal,83,srv-5:80,117.724
prequal,83,srv-5:80,146.627
prequal,83,srv-5:80,155.651
prequal,83,srv-5:80,156.276
prequal,83,srv-5:80,156.690
prequal,83,srv-5:80,161.391
prequal,83,srv-5:80,103.758
prequal,83,srv-5:80,84.976
prequal,83,srv-5:80,92.389
prequal,83,srv-5:80,89.530
prequal,83,srv-5:80,134.316
prequal,83,srv-5:80,162.315
prequal,83,srv-5:80,166.899
prequal,83,srv-5:80,158.974
prequal,83,srv-5:80,149.285
prequal,83,srv-5:80,143.923
prequal,83,srv-5:80,145.085
prequal,83,srv-5:80,157.886
prequal,83,srv-5:80,141.497
prequal,83,srv-5:80,86.323
prequal,83,srv-5:80,89.480
prequal,83,srv-5:80,137.559
prequal,83,srv-5:80,166.155
prequal,83,srv-5:80,166.310
prequal,83,srv-5:80,163.321
prequal,83,srv-5:80,135.724
prequal,83,srv-5:80,130.199
prequal,83,srv-5:80,155.134
prequal,83,srv-5:80,169.422
prequal,83,srv-5:80,163.870
prequal,83,srv-5:80,157.962
prequal,83,srv-5:80,163.756
prequal,83,srv-5:80,103.833
prequal,83,srv-5:80,18.298
prequal,83,srv-5:80,27.414
prequal,83,srv-5:80,55.558
prequal,83,srv-5:80,34.317
prequal,83,srv-6:80,129.008
prequal,83,srv-6:80,136.713
prequal,83,srv-6:80,144.963
prequal,83,srv-6:80,109.204
prequal,83,srv-6:80,98.836
prequal,83,srv-6:80,117.538
prequal,83,srv-6:80,114.430
prequal,83,srv-6:80,144.409
prequal,83,srv-6:80,104.156
prequal,83,srv-6:80,101.985
prequal,83,srv-6:80,141.828
prequal,83,srv-6:80,131.621
prequal,83,srv-6:80,91.199
prequal,83,srv-6:80,114.597
prequal,83,srv-6:80,105.936
prequal,83,srv-6:80,103.208
prequal,83,srv-6:80,121.377
prequal,83,srv-6:80,120.815
prequal,83,srv-6:80,150.897
prequal,83,srv-6:80,144.588
prequal,83,srv-6:80,127.817
prequal,83,srv-6:80,110.600
prequal,83,srv-6:80,127.280
prequal,83,srv-6:80,161.043
prequal,83,srv-6:80,173.615
prequal,83,srv-6:80,162.085
prequal,83,srv-6:80,144.036
prequal,83,srv-6:80,145.790
prequal,83,srv-6:80,133.222
prequal,83,srv-6:80,66.793
prequal,83,srv-6:80,83.888
prequal,83,srv-6:80,151.746
prequal,83,srv-6:80,124.883
prequal,83,srv-6:80,87.510
prequal,83,srv-6:80,113.886
prequal,83,srv-6:80,125.815
prequal,83,srv-6:80,144.277
prequal,83,srv-6:80,165.276
prequal,83,srv-6:80,159.438
prequal,83,srv-6:80,105.698
prequal,83,srv-6:80,51.828
prequal,83,srv-6:80,51.365
prequal,83,srv-6:80,119.110
prequal,83,srv-6:80,147.769
prequal,83,srv-6:80,152.537
prequal,83,srv-6:80,147.768
prequal,83,srv-6:80,100.863
prequal,83,srv-6:80,60.532
prequal,83,srv-6:80,92.557
prequal,83,srv-6:80,140.002
prequal,83,srv-6:80,166.477
prequal,83,srv-6:80,151.065
prequal,83,srv-6:80,140.629
prequal,83,srv-6:80,110.245
prequal,83,srv-6:80,78.935
prequal,83,srv-6:80,115.984
prequal,83,srv-6:80,148.320
prequal,83,srv-6:80,139.906
prequal,83,srv-6:80,146.831
prequal,83,srv-6:80,95.671
prequal,83,srv-7:80,98.500
prequal,83,srv-7:80,95.121
prequal,83,srv-7:80,89.307
prequal,83,srv-7:80,62.039
prequal,83,srv-7:80,45.759
prequal,83,srv-7:80,23.612
prequal,83,srv-7:80,50.399
prequal,83,srv-7:80,100.587
prequal,83,srv-7:80,74.359
prequal,83,srv-7:80,12.828
prequal,83,srv-7:80,7.794
prequal,83,srv-7:80,7.157
prequal,83,srv-7:80,7.280
prequal,83,srv-7:80,8.617
prequal,83,srv-7:80,35.240
prequal,83,srv-7:80,101.287
prequal,83,srv-7:80,86.938
prequal,83,srv-7:80,87.435
prequal,83,srv-7:80,93.471
prequal,83,srv-7:80,71.979
prequal,83,srv-7:80,89.544
prequal,83,srv-7:80,94.043
prequal,83,srv-7:80,77.403
prequal,83,srv-7:80,93.845
prequal,83,srv-7:80,107.425
prequal,83,srv-7:80,105.504
prequal,83,srv-7:80,116.481
prequal,83,srv-7:80,72.675
prequal,83,srv-7:80,54.407
prequal,83,srv-7:80,52.936
prequal,83,srv-7:80,77.026
prequal,83,srv-7:80,112.028
prequal,83,srv-7:80,113.366
prequal,83,srv-7:80,120.414
prequal,83,srv-7:80,120.753
prequal,83,srv-7:80,90.934
prequal,83,srv-7:80,95.433
prequal,83,srv-7:80,113.515
prequal,83,srv-7:80,124.678
prequal,83,srv-7:80,111.673
prequal,83,srv-7:80,111.986
prequal,83,srv-7:80,116.530
prequal,83,srv-7:80,121.542
prequal,83,srv-7:80,118.779
prequal,83,srv-7:80,121.589
prequal,83,srv-7:80,91.156
prequal,83,srv-7:80,79.328
prequal,83,srv-7:80,114.275
prequal,83,srv-7:80,124.461
prequal,83,srv-7:80,98.443
prequal,83,srv-7:80,67.462
prequal,83,srv-7:80,87.073
prequal,83,srv-7:80,110.199
prequal,83,srv-7:80,121.491
prequal,83,srv-7:80,112.238
prequal,83,srv-7:80,110.229
prequal,83,srv-7:80,125.544
prequal,83,srv-7:80,91.571
prequal,83,srv-7:80,40.768
prequal,83,srv-7:80,24.760
prequal,83,srv-8:80,14.207
prequal,83,srv-8:80,43.279
prequal,83,srv-8:80,48.922
prequal,83,srv-8:80,22.010
prequal,83,srv-8:80,44.424
prequal,83,srv-8:80,105.689
prequal,83,srv-8:80,117.766
prequal,83,srv-8:80,117.598
prequal,83,srv-8:80,95.153
prequal,83,srv-8:80,32.832
prequal,83,srv-8:80,23.247
prequal,83,srv-8:80,74.945
prequal,83,srv-8:80,93.279
prequal,83,srv-8:80,106.051
prequal,83,srv-8:80,119.512
prequal,83,srv-8:80,109.731
prequal,83,srv-8:80,120.433
prequal,83,srv-8:80,110.115
prequal,83,srv-8:80,116.323
prequal,83,srv-8:80,121.552
prequal,83,srv-8:80,99.663
prequal,83,srv-8:80,63.540
prequal,83,srv-8:80,72.886
prequal,83,srv-8:80,74.552
prequal,83,srv-8:80,51.693
prequal,83,srv-8:80,51.359
prequal,83,srv-8:80,61.127
prequal,83,srv-8:80,62.910
prequal,83,srv-8:80,81.735
prequal,83,srv-8:80,114.435
prequal,83,srv-8:80,60.311
prequal,83,srv-8:80,39.490
prequal,83,srv-8:80,108.834
prequal,83,srv-8:80,119.705
prequal,83,srv-8:80,99.688
prequal,83,srv-8:80,83.605
prequal,83,srv-8:80,90.739
prequal,83,srv-8:80,91.153
prequal,83,srv-8:80,56.372
prequal,83,srv-8:80,57.572
prequal,83,srv-8:80,98.108
prequal,83,srv-8:80,122.491
prequal,83,srv-8:80,138.247
prequal,83,srv-8:80,90.278
prequal,83,srv-8:80,35.321
prequal,83,srv-8:80,60.554
prequal,83,srv-8:80,100.781
prequal,83,srv-8:80,126.900
prequal,83,srv-8:80,140.736
prequal,83,srv-8:80,128.942
prequal,83,srv-8:80,110.827
prequal,83,srv-8:80,126.210
prequal,83,srv-8:80,115.171
prequal,83,srv-8:80,74.625
prequal,83,srv-8:80,37.387
prequal,83,srv-8:80,33.933
prequal,83,srv-8:80,72.569
prequal,83,srv-8:80,119.209
prequal,83,srv-8:80,70.734
prequal,83,srv-8:80,6.353
prequal,83,srv-9:80,61.879
prequal,83,srv-9:80,80.321
prequal,83,srv-9:80,68.535
prequal,83,srv-9:80,79.134
prequal,83,srv-9:80,85.835
prequal,83,srv-9:80,48.512
prequal,83,srv-9:80,52.629
prequal,83,srv-9:80,88.957
prequal,83,srv-9:80,95.965
prequal,83,srv-9:80,91.160
prequal,83,srv-9:80,70.051
prequal,83,srv-9:80,57.389
prequal,83,srv-9:80,64.462
prequal,83,srv-9:80,58.954
prequal,83,srv-9:80,25.642
prequal,83,srv-9:80,8.045
prequal,83,srv-9:80,7.640
prequal,83,srv-9:80,13.533
prequal,83,srv-9:80,43.248
prequal,83,srv-9:80,56.857
prequal,83,srv-9:80,28.291
prequal,83,srv-9:80,8.487
prequal,83,srv-9:80,9.223
prequal,83,srv-9:80,12.420
prequal,83,srv-9:80,29.549
prequal,83,srv-9:80,35.799
prequal,83,srv-9:80,30.169
prequal,83,srv-9:80,63.822
prequal,83,srv-9:80,85.337
prequal,83,srv-9:80,77.251
prequal,83,srv-9:80,80.652
prequal,83,srv-9:80,75.700
prequal,83,srv-9:80,76.472
prequal,83,srv-9:80,79.355
prequal,83,srv-9:80,75.327
prequal,83,srv-9:80,82.406
prequal,83,srv-9:80,78.416
prequal,83,srv-9:80,49.019
prequal,83,srv-9:80,33.068
prequal,83,srv-9:80,45.762
prequal,83,srv-9:80,67.003
prequal,83,srv-9:80,74.425
prequal,83,srv-9:80,79.581
prequal,83,srv-9:80,71.819
prequal,83,srv-9:80,38.471
prequal,83,srv-9:80,27.231
prequal,83,srv-9:80,38.281
prequal,83,srv-9:80,58.048
prequal,83,srv-9:80,80.312
prequal,83,srv-9:80,53.458
prequal,83,srv-9:80,12.920
prequal,83,srv-9:80,9.148
prequal,83,srv-9:80,10.490
prequal,83,srv-9:80,36.767
prequal,83,srv-9:80,74.766
prequal,83,srv-9:80,87.906
prequal,83,srv-9:80,94.373
prequal,83,srv-9:80,86.536
prequal,83,srv-9:80,54.462
prequal,83,srv-9:80,18.414
prequal,93,srv-10:80,22.276
prequal,93,srv-10:80,9.583
prequal,93,srv-10:80,9.615
prequal,93,srv-10:80,9.663
prequal,93,srv-10:80,10.260
prequal,93,srv-10:80,37.246
prequal,93,srv-10:80,69.516
prequal,93,srv-10:80,48.661
prequal,93,srv-10:80,17.852
prequal,93,srv-10:80,15.905
prequal,93,srv-10:80,30.918
prequal,93,srv-10:80,73.194
prequal,93,srv-10:80,86.328
prequal,93,srv-10:80,48.475
prequal,93,srv-10:80,20.803
prequal,93,srv-10:80,17.077
prequal,93,srv-10:80,43.288
prequal,93,srv-10:80,85.506
prequal,93,srv-10:80,97.124
prequal,93,srv-10:80,88.927
prequal,93,srv-10:80,87.918
prequal,93,srv-10:80,82.098
prequal,93,srv-10:80,85.538
prequal,93,srv-10:80,69.340
prequal,93,srv-10:80,66.649
prequal,93,srv-10:80,94.871
prequal,93,srv-10:80,93.280
prequal,93,srv-10:80,86.345
prequal,93,srv-10:80,61.913
prequal,93,srv-10:80,69.524
prequal,93,srv-10:80,83.979
prequal,93,srv-10:80,91.637
prequal,93,srv-10:80,95.211
prequal,93,srv-10:80,75.960
prequal,93,srv-10:80,76.850
prequal,93,srv-10:80,78.728
prequal,93,srv-10:80,57.221
prequal,93,srv-10:80,30.958
prequal,93,srv-10:80,60.788
prequal,93,srv-10:80,79.089
prequal,93,srv-10:80,62.193
prequal,93,srv-10:80,73.646
prequal,93,srv-10:80,76.187
prequal,93,srv-10:80,72.215
prequal,93,srv-10:80,62.239
prequal,93,srv-10:80,62.051
prequal,93,srv-10:80,69.304
prequal,93,srv-10:80,77.213
prequal,93,srv-10:80,96.826
prequal,93,srv-10:80,70.308
prequal,93,srv-10:80,47.810
prequal,93,srv-10:80,69.823
prequal,93,srv-10:80,93.444
prequal,93,srv-10:80,93.001
prequal,93,srv-10:80,93.268
prequal,93,srv-10:80,96.440
prequal,93,srv-10:80,69.639
prequal,93,srv-10:80,60.014
prequal,93,srv-10:80,71.977
prequal,93,srv-10:80,35.910
prequal,93,srv-1:80,183.948
prequal,93,srv-1:80,190.228
prequal,93,srv-1:80,213.808
prequal,93,srv-1:80,222.738
prequal,93,srv-1:80,206.284
prequal,93,srv-1:80,175.707
prequal,93,srv-1:80,136.078
prequal,93,srv-1:80,149.332
prequal,93,srv-1:80,164.961
prequal,93,srv-1:80,121.284
prequal,93,srv-1:80,63.604
prequal,93,srv-1:80,121.418
prequal,93,srv-1:80,218.006
prequal,93,srv-1:80,232.165
prequal,93,srv-1:80,216.608
prequal,93,srv-1:80,205.574
prequal,93,srv-1:80,201.820
prequal,93,srv-1:80,201.299
prequal,93,srv-1:80,209.366
prequal,93,srv-1:80,211.566
prequal,93,srv-1:80,196.987
prequal,93,srv-1:80,161.951
prequal,93,srv-1:80,169.696
prequal,93,srv-1:80,201.556
prequal,93,srv-1:80,195.029
prequal,93,srv-1:80,92.528
prequal,93,srv-1:80,73.464
prequal,93,srv-1:80,181.305
prequal,93,srv-1:80,214.351
prequal,93,srv-1:80,205.553
prequal,93,srv-1:80,218.625
prequal,93,srv-1:80,206.818
prequal,93,srv-1:80,186.227
prequal,93,srv-1:80,198.954
prequal,93,srv-1:80,202.532
prequal,93,srv-1:80,150.876
prequal,93,srv-1:80,77.364
prequal,93,srv-1:80,126.651
prequal,93,srv-1:80,203.872
prequal,93,srv-1:80,208.759
prequal,93,srv-1:80,185.487
prequal,93,srv-1:80,161.724
prequal,93,srv-1:80,194.971
prequal,93,srv-1:80,222.045
prequal,93,srv-1:80,228.895
prequal,93,srv-1:80,195.050
prequal,93,srv-1:80,179.481
prequal,93,srv-1:80,206.606
prequal,93,srv-1:80,147.478
prequal,93,srv-1:80,91.434
prequal,93,srv-1:80,157.503
prequal,93,srv-1:80,230.967
prequal,93,srv-1:80,237.105
prequal,93,srv-1:80,224.419
prequal,93,srv-1:80,215.871
prequal,93,srv-1:80,201.385
prequal,93,srv-1:80,186.747
prequal,93,srv-1:80,207.233
prequal,93,srv-1:80,160.180
prequal,93,srv-1:80,47.121
prequal,93,srv-2:80,195.683
prequal,93,srv-2:80,170.983
prequal,93,srv-2:80,150.935
prequal,93,srv-2:80,200.883
prequal,93,srv-2:80,224.440
prequal,93,srv-2:80,226.561
prequal,93,srv-2:80,202.883
prequal,93,srv-2:80,183.542
prequal,93,srv-2:80,202.512
prequal,93,srv-2:80,219.258
prequal,93,srv-2:80,211.801
prequal,93,srv-2:80,185.834
prequal,93,srv-2:80,190.136
prequal,93,srv-2:80,218.180
prequal,93,srv-2:80,226.241
prequal,93,srv-2:80,155.502
prequal,93,srv-2:80,139.613
prequal,93,srv-2:80,159.449
prequal,93,srv-2:80,176.951
prequal,93,srv-2:80,200.227
prequal,93,srv-2:80,182.451
prequal,93,srv-2:80,167.685
prequal,93,srv-2:80,170.835
prequal,93,srv-2:80,202.457
prequal,93,srv-2:80,191.542
prequal,93,srv-2:80,185.947
prequal,93,srv-2:80,206.496
prequal,93,srv-2:80,231.410
prequal,93,srv-2:80,228.898
prequal,93,srv-2:80,172.179
prequal,93,srv-2:80,85.632
prequal,93,srv-2:80,138.117
prequal,93,srv-2:80,209.751
prequal,93,srv-2:80,200.359
prequal,93,srv-2:80,211.423
prequal,93,srv-2:80,219.209
prequal,93,srv-2:80,229.962
prequal,93,srv-2:80,220.341
prequal,93,srv-2:80,216.824
prequal,93,srv-2:80,223.580
prequal,93,srv-2:80,168.819
prequal,93,srv-2:80,159.918
prequal,93,srv-2:80,182.010
prequal,93,srv-2:80,196.454
prequal,93,srv-2:80,219.989
prequal,93,srv-2:80,210.319
prequal,93,srv-2:80,153.270
prequal,93,srv-2:80,106.030
prequal,93,srv-2:80,172.648
prequal,93,srv-2:80,224.479
prequal,93,srv-2:80,223.835
prequal,93,srv-2:80,223.700
prequal,93,srv-2:80,138.904
prequal,93,srv-2:80,61.751
prequal,93,srv-2:80,94.792
prequal,93,srv-2:80,166.105
prequal,93,srv-2:80,114.082
prequal,93,srv-2:80,96.118
prequal,93,srv-2:80,145.703
prequal,93,srv-2:80,58.505
prequal,93,srv-3:80,170.730
prequal,93,srv-3:80,215.222
prequal,93,srv-3:80,189.307
prequal,93,srv-3:80,202.990
prequal,93,srv-3:80,219.944
prequal,93,srv-3:80,220.086
prequal,93,srv-3:80,201.126
prequal,93,srv-3:80,200.764
prequal,93,srv-3:80,205.382
prequal,93,srv-3:80,184.853
prequal,93,srv-3:80,206.520
prequal,93,srv-3:80,228.215
prequal,93,srv-3:80,205.435
prequal,93,srv-3:80,209.722
prequal,93,srv-3:80,200.358
prequal,93,srv-3:80,188.305
prequal,93,srv-3:80,201.493
prequal,93,srv-3:80,210.792
prequal,93,srv-3:80,199.671
prequal,93,srv-3:80,168.573
prequal,93,srv-3:80,146.296
prequal,93,srv-3:80,177.364
prequal,93,srv-3:80,226.118
prequal,93,srv-3:80,204.046
prequal,93,srv-3:80,164.654
prequal,93,srv-3:80,187.307
prequal,93,srv-3:80,224.589
prequal,93,srv-3:80,149.848
prequal,93,srv-3:80,106.796
prequal,93,srv-3:80,165.480
prequal,93,srv-3:80,157.370
prequal,93,srv-3:80,157.082
prequal,93,srv-3:80,202.108
prequal,93,srv-3:80,220.153
prequal,93,srv-3:80,168.660
prequal,93,srv-3:80,124.937
prequal,93,srv-3:80,174.933
prequal,93,srv-3:80,209.960
prequal,93,srv-3:80,164.002
prequal,93,srv-3:80,160.258
prequal,93,srv-3:80,154.984
prequal,93,srv-3:80,161.718
prequal,93,srv-3:80,202.486
prequal,93,srv-3:80,166.863
prequal,93,srv-3:80,80.949
prequal,93,srv-3:80,25.458
prequal,93,srv-3:80,130.793
prequal,93,srv-3:80,208.415
prequal,93,srv-3:80,108.238
prequal,93,srv-3:80,111.432
prequal,93,srv-3:80,199.056
prequal,93,srv-3:80,201.806
prequal,93,srv-3:80,219.595
prequal,93,srv-3:80,213.123
prequal,93,srv-3:80,158.949
prequal,93,srv-3:80,181.849
prequal,93,srv-3:80,236.506
prequal,93,srv-3:80,231.113
prequal,93,srv-3:80,218.043
prequal,93,srv-3:80,151.726
prequal,93,srv-4:80,167.110
prequal,93,srv-4:80,194.540
prequal,93,srv-4:80,200.309
prequal,93,srv-4:80,196.740
prequal,93,srv-4:80,215.929
prequal,93,srv-4:80,166.447
prequal,93,srv-4:80,172.038
prequal,93,srv-4:80,221.974
prequal,93,srv-4:80,224.126
prequal,93,srv-4:80,223.752
prequal,93,srv-4:80,216.166
prequal,93,srv-4:80,212.108
prequal,93,srv-4:80,170.950
prequal,93,srv-4:80,73.197
prequal,93,srv-4:80,84.919
prequal,93,srv-4:80,162.025
prequal,93,srv-4:80,171.075
prequal,93,srv-4:80,189.249
prequal,93,srv-4:80,124.917
prequal,93,srv-4:80,80.909
prequal,93,srv-4:80,153.117
prequal,93,srv-4:80,156.631
prequal,93,srv-4:80,162.108
prequal,93,srv-4:80,197.807
prequal,93,srv-4:80,196.802
prequal,93,srv-4:80,198.997
prequal,93,srv-4:80,151.970
prequal,93,srv-4:80,167.349
prequal,93,srv-4:80,201.894
prequal,93,srv-4:80,189.694
prequal,93,srv-4:80,220.201
prequal,93,srv-4:80,192.994
prequal,93,srv-4:80,112.331
prequal,93,srv-4:80,99.302
prequal,93,srv-4:80,158.946
prequal,93,srv-4:80,142.015
prequal,93,srv-4:80,71.875
prequal,93,srv-4:80,122.401
prequal,93,srv-4:80,210.525
prequal,93,srv-4:80,227.065
prequal,93,srv-4:80,226.789
prequal,93,srv-4:80,229.411
prequal,93,srv-4:80,205.632
prequal,93,srv-4:80,191.666
prequal,93,srv-4:80,219.064
prequal,93,srv-4:80,228.571
prequal,93,srv-4:80,223.511
prequal,93,srv-4:80,209.567
prequal,93,srv-4:80,190.967
prequal,93,srv-4:80,176.953
prequal,93,srv-4:80,167.449
prequal,93,srv-4:80,193.981
prequal,93,srv-4:80,207.704
prequal,93,srv-4:80,193.738
prequal,93,srv-4:80,195.648
prequal,93,srv-4:80,201.630
prequal,93,srv-4:80,215.598
prequal,93,srv-4:80,208.562
prequal,93,srv-4:80,183.053
prequal,93,srv-4:80,88.552
prequal,93,srv-5:80,146.741
prequal,93,srv-5:80,138.557
prequal,93,srv-5:80,177.443
prequal,93,srv-5:80,121.658
prequal,93,srv-5:80,55.295
prequal,93,srv-5:80,114.046
prequal,93,srv-5:80,123.343
prequal,93,srv-5:80,119.772
prequal,93,srv-5:80,162.996
prequal,93,srv-5:80,178.939
prequal,93,srv-5:80,161.230
prequal,93,srv-5:80,50.973
prequal,93,srv-5:80,59.038
prequal,93,srv-5:80,152.639
prequal,93,srv-5:80,127.514
prequal,93,srv-5:80,126.898
prequal,93,srv-5:80,147.725
prequal,93,srv-5:80,137.808
prequal,93,srv-5:80,157.413
prequal,93,srv-5:80,153.662
prequal,93,srv-5:80,128.609
prequal,93,srv-5:80,129.877
prequal,93,srv-5:80,137.141
prequal,93,srv-5:80,147.122
prequal,93,srv-5:80,159.501
prequal,93,srv-5:80,144.919
prequal,93,srv-5:80,168.837
prequal,93,srv-5:80,186.360
prequal,93,srv-5:80,163.680
prequal,93,srv-5:80,156.909
prequal,93,srv-5:80,168.168
prequal,93,srv-5:80,169.261
prequal,93,srv-5:80,177.340
prequal,93,srv-5:80,141.020
prequal,93,srv-5:80,106.588
prequal,93,srv-5:80,74.827
prequal,93,srv-5:80,118.341
prequal,93,srv-5:80,186.378
prequal,93,srv-5:80,179.476
prequal,93,srv-5:80,169.162
prequal,93,srv-5:80,198.019
prequal,93,srv-5:80,204.213
prequal,93,srv-5:80,169.197
prequal,93,srv-5:80,129.830
prequal,93,srv-5:80,156.254
prequal,93,srv-5:80,179.389
prequal,93,srv-5:80,158.740
prequal,93,srv-5:80,156.011
prequal,93,srv-5:80,178.267
prequal,93,srv-5:80,184.169
prequal,93,srv-5:80,196.899
prequal,93,srv-5:80,184.503
prequal,93,srv-5:80,182.542
prequal,93,srv-5:80,191.460
prequal,93,srv-5:80,137.531
prequal,93,srv-5:80,80.901
prequal,93,srv-5:80,109.534
prequal,93,srv-5:80,150.649
prequal,93,srv-5:80,59.643
prequal,93,srv-5:80,3.051
prequal,93,srv-6:80,113.535
prequal,93,srv-6:80,124.165
prequal,93,srv-6:80,106.751
prequal,93,srv-6:80,112.742
prequal,93,srv-6:80,150.790
prequal,93,srv-6:80,166.789
prequal,93,srv-6:80,175.315
prequal,93,srv-6:80,153.082
prequal,93,srv-6:80,108.928
prequal,93,srv-6:80,139.422
prequal,93,srv-6:80,173.692
prequal,93,srv-6:80,172.197
prequal,93,srv-6:80,152.411
prequal,93,srv-6:80,170.858
prequal,93,srv-6:80,177.408
prequal,93,srv-6:80,176.770
prequal,93,srv-6:80,106.773
prequal,93,srv-6:80,50.109
prequal,93,srv-6:80,89.899
prequal,93,srv-6:80,148.715
prequal,93,srv-6:80,172.843
prequal,93,srv-6:80,190.450
prequal,93,srv-6:80,141.138
prequal,93,srv-6:80,62.342
prequal,93,srv-6:80,57.699
prequal,93,srv-6:80,140.302
prequal,93,srv-6:80,184.919
prequal,93,srv-6:80,186.893
prequal,93,srv-6:80,166.681
prequal,93,srv-6:80,100.983
prequal,93,srv-6:80,116.143
prequal,93,srv-6:80,85.055
prequal,93,srv-6:80,43.175
prequal,93,srv-6:80,92.842
prequal,93,srv-6:80,77.684
prequal,93,srv-6:80,109.494
prequal,93,srv-6:80,173.364
prequal,93,srv-6:80,167.606
prequal,93,srv-6:80,133.736
prequal,93,srv-6:80,124.341
prequal,93,srv-6:80,97.031
prequal,93,srv-6:80,53.695
prequal,93,srv-6:80,59.912
prequal,93,srv-6:80,130.659
prequal,93,srv-6:80,157.848
prequal,93,srv-6:80,147.991
prequal,93,srv-6:80,119.356
prequal,93,srv-6:80,114.697
prequal,93,srv-6:80,167.565
prequal,93,srv-6:80,173.101
prequal,93,srv-6:80,182.796
prequal,93,srv-6:80,87.118
prequal,93,srv-6:80,13.285
prequal,93,srv-6:80,101.241
prequal,93,srv-6:80,172.125
prequal,93,srv-6:80,165.530
prequal,93,srv-6:80,166.192
prequal,93,srv-6:80,165.944
prequal,93,srv-6:80,163.133
prequal,93,srv-6:80,81.835
prequal,93,srv-7:80,114.903
prequal,93,srv-7:80,133.479
prequal,93,srv-7:80,131.668
prequal,93,srv-7:80,124.966
prequal,93,srv-7:80,104.714
prequal,93,srv-7:80,98.565
prequal,93,srv-7:80,101.779
prequal,93,srv-7:80,130.901
prequal,93,srv-7:80,107.398
prequal,93,srv-7:80,46.665
prequal,93,srv-7:80,76.921
prequal,93,srv-7:80,121.846
prequal,93,srv-7:80,116.941
prequal,93,srv-7:80,120.480
prequal,93,srv-7:80,111.147
prequal,93,srv-7:80,109.568
prequal,93,srv-7:80,116.781
prequal,93,srv-7:80,130.059
prequal,93,srv-7:80,110.564
prequal,93,srv-7:80,117.190
prequal,93,srv-7:80,113.316
prequal,93,srv-7:80,79.374
prequal,93,srv-7:80,83.395
prequal,93,srv-7:80,118.960
prequal,93,srv-7:80,132.073
prequal,93,srv-7:80,104.617
prequal,93,srv-7:80,97.691
prequal,93,srv-7:80,49.265
prequal,93,srv-7:80,42.820
prequal,93,srv-7:80,98.588
prequal,93,srv-7:80,93.910
prequal,93,srv-7:80,87.817
prequal,93,srv-7:80,102.255
prequal,93,srv-7:80,125.811
prequal,93,srv-7:80,133.598
prequal,93,srv-7:80,132.211
prequal,93,srv-7:80,137.485
prequal,93,srv-7:80,122.823
prequal,93,srv-7:80,129.918
prequal,93,srv-7:80,92.453
prequal,93,srv-7:80,68.399
prequal,93,srv-7:80,92.282
prequal,93,srv-7:80,65.220
prequal,93,srv-7:80,34.385
prequal,93,srv-7:80,71.295
prequal,93,srv-7:80,57.150
prequal,93,srv-7:80,56.098
prequal,93,srv-7:80,86.274
prequal,93,srv-7:80,92.318
prequal,93,srv-7:80,78.050
prequal,93,srv-7:80,50.534
prequal,93,srv-7:80,37.255
prequal,93,srv-7:80,64.722
prequal,93,srv-7:80,81.204
prequal,93,srv-7:80,78.960
prequal,93,srv-7:80,79.197
prequal,93,srv-7:80,105.906
prequal,93,srv-7:80,99.802
prequal,93,srv-7:80,95.474
prequal,93,srv-7:80,75.249
prequal,93,srv-8:80,69.360
prequal,93,srv-8:80,84.859
prequal,93,srv-8:80,91.590
prequal,93,srv-8:80,63.517
prequal,93,srv-8:80,95.902
prequal,93,srv-8:80,126.735
prequal,93,srv-8:80,105.182
prequal,93,srv-8:80,104.303
prequal,93,srv-8:80,108.008
prequal,93,srv-8:80,98.347
prequal,93,srv-8:80,106.708
prequal,93,srv-8:80,118.868
prequal,93,srv-8:80,83.113
prequal,93,srv-8:80,59.912
prequal,93,srv-8:80,92.079
prequal,93,srv-8:80,109.940
prequal,93,srv-8:80,115.455
prequal,93,srv-8:80,88.953
prequal,93,srv-8:80,81.954
prequal,93,srv-8:80,103.017
prequal,93,srv-8:80,123.714
prequal,93,srv-8:80,127.216
prequal,93,srv-8:80,127.318
prequal,93,srv-8:80,111.624
prequal,93,srv-8:80,104.233
prequal,93,srv-8:80,131.331
prequal,93,srv-8:80,121.060
prequal,93,srv-8:80,81.635
prequal,93,srv-8:80,108.419
prequal,93,srv-8:80,125.507
prequal,93,srv-8:80,126.653
prequal,93,srv-8:80,114.616
prequal,93,srv-8:80,124.413
prequal,93,srv-8:80,142.401
prequal,93,srv-8:80,142.715
prequal,93,srv-8:80,137.229
prequal,93,srv-8:80,123.107
prequal,93,srv-8:80,67.806
prequal,93,srv-8:80,9.881
prequal,93,srv-8:80,54.541
prequal,93,srv-8:80,123.458
prequal,93,srv-8:80,89.730
prequal,93,srv-8:80,111.230
prequal,93,srv-8:80,150.050
prequal,93,srv-8:80,116.968
prequal,93,srv-8:80,115.699
prequal,93,srv-8:80,135.376
prequal,93,srv-8:80,125.990
prequal,93,srv-8:80,123.373
prequal,93,srv-8:80,120.699
prequal,93,srv-8:80,67.079
prequal,93,srv-8:80,60.030
prequal,93,srv-8:80,99.745
prequal,93,srv-8:80,118.782
prequal,93,srv-8:80,110.492
prequal,93,srv-8:80,74.433
prequal,93,srv-8:80,46.401
prequal,93,srv-8:80,48.027
prequal,93,srv-8:80,61.368
prequal,93,srv-8:80,42.325
prequal,93,srv-9:80,94.991
prequal,93,srv-9:80,82.291
prequal,93,srv-9:80,68.922
prequal,93,srv-9:80,56.624
prequal,93,srv-9:80,27.068
prequal,93,srv-9:80,26.166
prequal,93,srv-9:80,46.377
prequal,93,srv-9:80,43.331
prequal,93,srv-9:80,50.523
prequal,93,srv-9:80,67.951
prequal,93,srv-9:80,74.086
prequal,93,srv-9:80,66.053
prequal,93,srv-9:80,47.607
prequal,93,srv-9:80,69.694
prequal,93,srv-9:80,82.047
prequal,93,srv-9:80,81.325
prequal,93,srv-9:80,90.661
prequal,93,srv-9:80,86.022
prequal,93,srv-9:80,86.800
prequal,93,srv-9:80,58.088
prequal,93,srv-9:80,26.596
prequal,93,srv-9:80,48.962
prequal,93,srv-9:80,65.695
prequal,93,srv-9:80,59.085
prequal,93,srv-9:80,35.347
prequal,93,srv-9:80,15.408
prequal,93,srv-9:80,36.955
prequal,93,srv-9:80,58.519
prequal,93,srv-9:80,54.426
prequal,93,srv-9:80,65.902
prequal,93,srv-9:80,86.597
prequal,93,srv-9:80,60.143
prequal,93,srv-9:80,37.998
prequal,93,srv-9:80,70.191
prequal,93,srv-9:80,88.934
prequal,93,srv-9:80,78.862
prequal,93,srv-9:80,84.805
prequal,93,srv-9:80,68.488
prequal,93,srv-9:80,37.629
prequal,93,srv-9:80,33.432
prequal,93,srv-9:80,55.034
prequal,93,srv-9:80,89.031
prequal,93,srv-9:80,101.828
prequal,93,srv-9:80,88.560
prequal,93,srv-9:80,73.506
prequal,93,srv-9:80,67.501
prequal,93,srv-9:80,57.886
prequal,93,srv-9:80,68.144
prequal,93,srv-9:80,68.875
prequal,93,srv-9:80,54.714
prequal,93,srv-9:80,66.724
prequal,93,srv-9:80,82.942
prequal,93,srv-9:80,74.873
prequal,93,srv-9:80,53.696
prequal,93,srv-9:80,49.100
prequal,93,srv-9:80,63.871
prequal,93,srv-9:80,70.868
prequal,93,srv-9:80,80.890
prequal,93,srv-9:80,70.303
prequal,93,srv-9:80,23.733
prequal,103,srv-10:80,73.663
prequal,103,srv-10:80,87.865
prequal,103,srv-10:80,58.955
prequal,103,srv-10:80,53.661
prequal,103,srv-10:80,92.378
prequal,103,srv-10:80,105.708
prequal,103,srv-10:80,77.955
prequal,103,srv-10:80,58.712
prequal,103,srv-10:80,61.199
prequal,103,srv-10:80,44.042
prequal,103,srv-10:80,39.240
prequal,103,srv-10:80,66.143
prequal,103,srv-10:80,77.481
prequal,103,srv-10:80,75.155
prequal,103,srv-10:80,78.922
prequal,103,srv-10:80,91.282
prequal,103,srv-10:80,85.328
prequal,103,srv-10:80,70.819
prequal,103,srv-10:80,81.850
prequal,103,srv-10:80,101.248
prequal,103,srv-10:80,107.667
prequal,103,srv-10:80,105.550
prequal,103,srv-10:80,101.573
prequal,103,srv-10:80,104.209
prequal,103,srv-10:80,82.752
prequal,103,srv-10:80,63.836
prequal,103,srv-10:80,79.004
prequal,103,srv-10:80,65.995
prequal,103,srv-10:80,53.834
prequal,103,srv-10:80,38.586
prequal,103,srv-10:80,34.637
prequal,103,srv-10:80,70.058
prequal,103,srv-10:80,79.679
prequal,103,srv-10:80,74.468
prequal,103,srv-10:80,89.223
prequal,103,srv-10:80,103.521
prequal,103,srv-10:80,92.978
prequal,103,srv-10:80,92.162
prequal,103,srv-10:80,91.524
prequal,103,srv-10:80,58.432
prequal,103,srv-10:80,62.808
prequal,103,srv-10:80,96.516
prequal,103,srv-10:80,97.384
prequal,103,srv-10:80,92.416
prequal,103,srv-10:80,96.904
prequal,103,srv-10:80,96.761
prequal,103,srv-10:80,79.853
prequal,103,srv-10:80,73.143
prequal,103,srv-10:80,82.738
prequal,103,srv-10:80,92.249
prequal,103,srv-10:80,79.543
prequal,103,srv-10:80,75.010
prequal,103,srv-10:80,81.364
prequal,103,srv-10:80,94.645
prequal,103,srv-10:80,89.976
prequal,103,srv-10:80,76.583
prequal,103,srv-10:80,84.713
prequal,103,srv-10:80,68.704
prequal,103,srv-10:80,75.277
prequal,103,srv-10:80,73.894
prequal,103,srv-1:80,177.123
prequal,103,srv-1:80,237.514
prequal,103,srv-1:80,232.472
prequal,103,srv-1:80,228.659
prequal,103,srv-1:80,230.646
prequal,103,srv-1:80,223.964
prequal,103,srv-1:80,209.034
prequal,103,srv-1:80,174.565
prequal,103,srv-1:80,183.241
prequal,103,srv-1:80,201.189
prequal,103,srv-1:80,201.380
prequal,103,srv-1:80,216.373
prequal,103,srv-1:80,169.851
prequal,103,srv-1:80,172.875
prequal,103,srv-1:80,199.892
prequal,103,srv-1:80,176.761
prequal,103,srv-1:80,186.831
prequal,103,srv-1:80,193.123
prequal,103,srv-1:80,166.140
prequal,103,srv-1:80,163.772
prequal,103,srv-1:80,150.652
prequal,103,srv-1:80,160.811
prequal,103,srv-1:80,216.873
prequal,103,srv-1:80,222.671
prequal,103,srv-1:80,213.976
prequal,103,srv-1:80,178.018
prequal,103,srv-1:80,193.407
prequal,103,srv-1:80,237.484
prequal,103,srv-1:80,230.834
prequal,103,srv-1:80,223.615
prequal,103,srv-1:80,204.645
prequal,103,srv-1:80,213.501
prequal,103,srv-1:80,222.151
prequal,103,srv-1:80,234.693
prequal,103,srv-1:80,186.457
prequal,103,srv-1:80,84.455
prequal,103,srv-1:80,135.670
prequal,103,srv-1:80,233.809
prequal,103,srv-1:80,231.735
prequal,103,srv-1:80,190.971
prequal,103,srv-1:80,198.705
prequal,103,srv-1:80,226.570
prequal,103,srv-1:80,232.450
prequal,103,srv-1:80,238.226
prequal,103,srv-1:80,223.293
prequal,103,srv-1:80,199.581
prequal,103,srv-1:80,193.556
prequal,103,srv-1:80,205.356
prequal,103,srv-1:80,210.833
prequal,103,srv-1:80,193.394
prequal,103,srv-1:80,169.381
prequal,103,srv-1:80,201.147
prequal,103,srv-1:80,221.939
prequal,103,srv-1:80,223.251
prequal,103,srv-1:80,235.332
prequal,103,srv-1:80,234.977
prequal,103,srv-1:80,245.186
prequal,103,srv-1:80,229.990
prequal,103,srv-1:80,223.462
prequal,103,srv-1:80,165.365
prequal,103,srv-2:80,175.740
prequal,103,srv-2:80,220.012
prequal,103,srv-2:80,163.954
prequal,103,srv-2:80,90.557
prequal,103,srv-2:80,163.985
prequal,103,srv-2:80,203.848
prequal,103,srv-2:80,192.302
prequal,103,srv-2:80,214.913
prequal,103,srv-2:80,196.978
prequal,103,srv-2:80,209.664
prequal,103,srv-2:80,214.447
prequal,103,srv-2:80,212.085
prequal,103,srv-2:80,230.663
prequal,103,srv-2:80,226.009
prequal,103,srv-2:80,229.155
prequal,103,srv-2:80,235.283
prequal,103,srv-2:80,225.252
prequal,103,srv-2:80,148.497
prequal,103,srv-2:80,150.276
prequal,103,srv-2:80,206.461
prequal,103,srv-2:80,217.886
prequal,103,srv-2:80,221.976
prequal,103,srv-2:80,180.905
prequal,103,srv-2:80,145.909
prequal,103,srv-2:80,160.140
prequal,103,srv-2:80,200.156
prequal,103,srv-2:80,202.856
prequal,103,srv-2:80,205.795
prequal,103,srv-2:80,234.793
prequal,103,srv-2:80,239.223
prequal,103,srv-2:80,236.612
prequal,103,srv-2:80,231.428
prequal,103,srv-2:80,224.583
prequal,103,srv-2:80,130.349
prequal,103,srv-2:80,135.739
prequal,103,srv-2:80,229.212
prequal,103,srv-2:80,220.473
prequal,103,srv-2:80,211.523
prequal,103,srv-2:80,210.188
prequal,103,srv-2:80,218.321
prequal,103,srv-2:80,229.675
prequal,103,srv-2:80,222.300
prequal,103,srv-2:80,143.779
prequal,103,srv-2:80,122.277
prequal,103,srv-2:80,188.080
prequal,103,srv-2:80,198.806
prequal,103,srv-2:80,106.463
prequal,103,srv-2:80,92.811
prequal,103,srv-2:80,195.423
prequal,103,srv-2:80,228.319
prequal,103,srv-2:80,230.181
prequal,103,srv-2:80,241.080
prequal,103,srv-2:80,225.776
prequal,103,srv-2:80,218.587
prequal,103,srv-2:80,198.720
prequal,103,srv-2:80,197.531
prequal,103,srv-2:80,163.029
prequal,103,srv-2:80,156.950
prequal,103,srv-2:80,199.131
prequal,103,srv-2:80,139.911
prequal,103,srv-3:80,226.447
prequal,103,srv-3:80,230.193
prequal,103,srv-3:80,235.796
prequal,103,srv-3:80,239.802
prequal,103,srv-3:80,200.276
prequal,103,srv-3:80,199.876
prequal,103,srv-3:80,223.341
prequal,103,srv-3:80,217.181
prequal,103,srv-3:80,227.571
prequal,103,srv-3:80,219.780
prequal,103,srv-3:80,183.393
prequal,103,srv-3:80,202.920
prequal,103,srv-3:80,218.328
prequal,103,srv-3:80,186.444
prequal,103,srv-3:80,133.356
prequal,103,srv-3:80,118.135
prequal,103,srv-3:80,175.348
prequal,103,srv-3:80,213.622
prequal,103,srv-3:80,197.947
prequal,103,srv-3:80,180.366
prequal,103,srv-3:80,172.182
prequal,103,srv-3:80,165.830
prequal,103,srv-3:80,139.104
prequal,103,srv-3:80,143.117
prequal,103,srv-3:80,199.629
prequal,103,srv-3:80,159.448
prequal,103,srv-3:80,125.353
prequal,103,srv-3:80,125.039
prequal,103,srv-3:80,115.006
prequal,103,srv-3:80,123.782
prequal,103,srv-3:80,189.178
prequal,103,srv-3:80,214.227
prequal,103,srv-3:80,198.072
prequal,103,srv-3:80,231.159
prequal,103,srv-3:80,237.399
prequal,103,srv-3:80,223.898
prequal,103,srv-3:80,213.810
prequal,103,srv-3:80,230.633
prequal,103,srv-3:80,242.418
prequal,103,srv-3:80,230.529
prequal,103,srv-3:80,218.058
prequal,103,srv-3:80,153.243
prequal,103,srv-3:80,170.521
prequal,103,srv-3:80,234.042
prequal,103,srv-3:80,216.218
prequal,103,srv-3:80,159.710
prequal,103,srv-3:80,157.738
prequal,103,srv-3:80,214.623
prequal,103,srv-3:80,223.174
prequal,103,srv-3:80,230.157
prequal,103,srv-3:80,204.011
prequal,103,srv-3:80,161.299
prequal,103,srv-3:80,190.764
prequal,103,srv-3:80,238.113
prequal,103,srv-3:80,246.722
prequal,103,srv-3:80,165.055
prequal,103,srv-3:80,168.355
prequal,103,srv-3:80,212.834
prequal,103,srv-3:80,199.970
prequal,103,srv-3:80,114.042
prequal,103,srv-4:80,141.502
prequal,103,srv-4:80,140.056
prequal,103,srv-4:80,179.503
prequal,103,srv-4:80,220.843
prequal,103,srv-4:80,200.812
prequal,103,srv-4:80,205.202
prequal,103,srv-4:80,229.030
prequal,103,srv-4:80,206.201
prequal,103,srv-4:80,202.829
prequal,103,srv-4:80,212.760
prequal,103,srv-4:80,150.938
prequal,103,srv-4:80,159.049
prequal,103,srv-4:80,201.204
prequal,103,srv-4:80,195.487
prequal,103,srv-4:80,188.652
prequal,103,srv-4:80,192.327
prequal,103,srv-4:80,172.606
prequal,103,srv-4:80,161.944
prequal,103,srv-4:80,190.724
prequal,103,srv-4:80,202.549
prequal,103,srv-4:80,232.199
prequal,103,srv-4:80,163.637
prequal,103,srv-4:80,161.537
prequal,103,srv-4:80,219.504
prequal,103,srv-4:80,227.822
prequal,103,srv-4:80,231.849
prequal,103,srv-4:80,186.198
prequal,103,srv-4:80,184.800
prequal,103,srv-4:80,213.039
prequal,103,srv-4:80,224.353
prequal,103,srv-4:80,203.164
prequal,103,srv-4:80,183.212
prequal,103,srv-4:80,211.262
prequal,103,srv-4:80,205.184
prequal,103,srv-4:80,166.463
prequal,103,srv-4:80,193.643
prequal,103,srv-4:80,238.135
prequal,103,srv-4:80,186.570
prequal,103,srv-4:80,175.066
prequal,103,srv-4:80,178.530
prequal,103,srv-4:80,179.883
prequal,103,srv-4:80,206.285
prequal,103,srv-4:80,198.729
prequal,103,srv-4:80,210.654
prequal,103,srv-4:80,209.369
prequal,103,srv-4:80,215.250
prequal,103,srv-4:80,224.141
prequal,103,srv-4:80,199.978
prequal,103,srv-4:80,201.908
prequal,103,srv-4:80,204.198
prequal,103,srv-4:80,145.320
prequal,103,srv-4:80,170.844
prequal,103,srv-4:80,213.143
prequal,103,srv-4:80,149.982
prequal,103,srv-4:80,105.293
prequal,103,srv-4:80,144.880
prequal,103,srv-4:80,212.879
prequal,103,srv-4:80,195.829
prequal,103,srv-4:80,153.010
prequal,103,srv-4:80,81.702
prequal,103,srv-5:80,68.763
prequal,103,srv-5:80,92.590
prequal,103,srv-5:80,152.822
prequal,103,srv-5:80,176.526
prequal,103,srv-5:80,133.616
prequal,103,srv-5:80,140.537
prequal,103,srv-5:80,176.483
prequal,103,srv-5:80,163.499
prequal,103,srv-5:80,158.076
prequal,103,srv-5:80,172.788
prequal,103,srv-5:80,188.134
prequal,103,srv-5:80,124.621
prequal,103,srv-5:80,86.450
prequal,103,srv-5:80,158.376
prequal,103,srv-5:80,179.586
prequal,103,srv-5:80,198.777
prequal,103,srv-5:80,190.349
prequal,103,srv-5:80,179.852
prequal,103,srv-5:80,180.544
prequal,103,srv-5:80,192.895
prequal,103,srv-5:80,183.680
prequal,103,srv-5:80,162.415
prequal,103,srv-5:80,165.854
prequal,103,srv-5:80,187.884
prequal,103,srv-5:80,186.397
prequal,103,srv-5:80,150.622
prequal,103,srv-5:80,161.667
prequal,103,srv-5:80,178.621
prequal,103,srv-5:80,181.256
prequal,103,srv-5:80,194.581
prequal,103,srv-5:80,178.984
prequal,103,srv-5:80,176.353
prequal,103,srv-5:80,194.711
prequal,103,srv-5:80,199.594
prequal,103,srv-5:80,192.999
prequal,103,srv-5:80,181.592
prequal,103,srv-5:80,194.558
prequal,103,srv-5:80,180.318
prequal,103,srv-5:80,189.084
prequal,103,srv-5:80,187.716
prequal,103,srv-5:80,184.113
prequal,103,srv-5:80,199.848
prequal,103,srv-5:80,172.488
prequal,103,srv-5:80,102.908
prequal,103,srv-5:80,117.225
prequal,103,srv-5:80,179.903
prequal,103,srv-5:80,206.852
prequal,103,srv-5:80,194.971
prequal,103,srv-5:80,181.413
prequal,103,srv-5:80,164.433
prequal,103,srv-5:80,176.544
prequal,103,srv-5:80,125.630
prequal,103,srv-5:80,117.190
prequal,103,srv-5:80,164.238
prequal,103,srv-5:80,169.366
prequal,103,srv-5:80,176.691
prequal,103,srv-5:80,123.227
prequal,103,srv-5:80,116.969
prequal,103,srv-5:80,166.694
prequal,103,srv-5:80,120.176
prequal,103,srv-6:80,156.504
prequal,103,srv-6:80,193.163
prequal,103,srv-6:80,194.290
prequal,103,srv-6:80,185.686
prequal,103,srv-6:80,180.640
prequal,103,srv-6:80,174.851
prequal,103,srv-6:80,153.297
prequal,103,srv-6:80,170.438
prequal,103,srv-6:80,183.459
prequal,103,srv-6:80,126.140
prequal,103,srv-6:80,135.310
prequal,103,srv-6:80,192.326
prequal,103,srv-6:80,197.977
prequal,103,srv-6:80,160.583
prequal,103,srv-6:80,149.164
prequal,103,srv-6:80,171.221
prequal,103,srv-6:80,162.459
prequal,103,srv-6:80,178.208
prequal,103,srv-6:80,189.768
prequal,103,srv-6:80,169.613
prequal,103,srv-6:80,135.671
prequal,103,srv-6:80,147.796
prequal,103,srv-6:80,181.144
prequal,103,srv-6:80,193.470
prequal,103,srv-6:80,183.875
prequal,103,srv-6:80,179.379
prequal,103,srv-6:80,178.397
prequal,103,srv-6:80,186.247
prequal,103,srv-6:80,177.389
prequal,103,srv-6:80,180.787
prequal,103,srv-6:80,162.155
prequal,103,srv-6:80,133.009
prequal,103,srv-6:80,140.406
prequal,103,srv-6:80,181.037
prequal,103,srv-6:80,164.930
prequal,103,srv-6:80,156.912
prequal,103,srv-6:80,145.794
prequal,103,srv-6:80,130.808
prequal,103,srv-6:80,108.867
prequal,103,srv-6:80,141.419
prequal,103,srv-6:80,167.247
prequal,103,srv-6:80,174.968
prequal,103,srv-6:80,200.162
prequal,103,srv-6:80,207.330
prequal,103,srv-6:80,197.916
prequal,103,srv-6:80,189.069
prequal,103,srv-6:80,185.853
prequal,103,srv-6:80,184.694
prequal,103,srv-6:80,146.705
prequal,103,srv-6:80,140.471
prequal,103,srv-6:80,169.641
prequal,103,srv-6:80,176.353
prequal,103,srv-6:80,201.605
prequal,103,srv-6:80,178.261
prequal,103,srv-6:80,155.142
prequal,103,srv-6:80,186.583
prequal,103,srv-6:80,194.853
prequal,103,srv-6:80,166.886
prequal,103,srv-6:80,126.545
prequal,103,srv-6:80,78.361
prequal,103,srv-7:80,89.099
prequal,103,srv-7:80,94.305
prequal,103,srv-7:80,115.723
prequal,103,srv-7:80,119.419
prequal,103,srv-7:80,71.709
prequal,103,srv-7:80,71.932
prequal,103,srv-7:80,73.988
prequal,103,srv-7:80,88.133
prequal,103,srv-7:80,120.996
prequal,103,srv-7:80,114.481
prequal,103,srv-7:80,116.622
prequal,103,srv-7:80,114.012
prequal,103,srv-7:80,113.530
prequal,103,srv-7:80,100.777
prequal,103,srv-7:80,93.688
prequal,103,srv-7:80,134.655
prequal,103,srv-7:80,139.595
prequal,103,srv-7:80,135.906
prequal,103,srv-7:80,124.945
prequal,103,srv-7:80,139.810
prequal,103,srv-7:80,125.636
prequal,103,srv-7:80,96.829
prequal,103,srv-7:80,100.291
prequal,103,srv-7:80,127.288
prequal,103,srv-7:80,114.119
prequal,103,srv-7:80,125.726
prequal,103,srv-7:80,127.738
prequal,103,srv-7:80,132.727
prequal,103,srv-7:80,121.746
prequal,103,srv-7:80,95.457
prequal,103,srv-7:80,98.550
prequal,103,srv-7:80,116.504
prequal,103,srv-7:80,124.473
prequal,103,srv-7:80,116.406
prequal,103,srv-7:80,125.248
prequal,103,srv-7:80,103.706
prequal,103,srv-7:80,77.151
prequal,103,srv-7:80,113.950
prequal,103,srv-7:80,141.574
prequal,103,srv-7:80,149.460
prequal,103,srv-7:80,102.578
prequal,103,srv-7:80,25.901
prequal,103,srv-7:80,57.014
prequal,103,srv-7:80,128.619
prequal,103,srv-7:80,112.167
prequal,103,srv-7:80,97.212
prequal,103,srv-7:80,119.615
prequal,103,srv-7:80,122.905
prequal,103,srv-7:80,117.012
prequal,103,srv-7:80,83.152
prequal,103,srv-7:80,106.143
prequal,103,srv-7:80,90.829
prequal,103,srv-7:80,79.802
prequal,103,srv-7:80,90.933
prequal,103,srv-7:80,102.815
prequal,103,srv-7:80,116.769
prequal,103,srv-7:80,120.137
prequal,103,srv-7:80,130.413
prequal,103,srv-7:80,115.567
prequal,103,srv-7:80,58.133
prequal,103,srv-8:80,75.965
prequal,103,srv-8:80,115.673
prequal,103,srv-8:80,90.422
prequal,103,srv-8:80,105.297
prequal,103,srv-8:80,122.900
prequal,103,srv-8:80,118.401
prequal,103,srv-8:80,126.332
prequal,103,srv-8:80,114.460
prequal,103,srv-8:80,116.574
prequal,103,srv-8:80,130.196
prequal,103,srv-8:80,132.961
prequal,103,srv-8:80,140.590
prequal,103,srv-8:80,139.196
prequal,103,srv-8:80,132.579
prequal,103,srv-8:80,107.503
prequal,103,srv-8:80,109.245
prequal,103,srv-8:80,118.819
prequal,103,srv-8:80,135.970
prequal,103,srv-8:80,115.807
prequal,103,srv-8:80,87.733
prequal,103,srv-8:80,91.264
prequal,103,srv-8:80,119.670
prequal,103,srv-8:80,125.846
prequal,103,srv-8:80,113.855
prequal,103,srv-8:80,85.818
prequal,103,srv-8:80,77.920
prequal,103,srv-8:80,101.310
prequal,103,srv-8:80,123.191
prequal,103,srv-8:80,135.562
prequal,103,srv-8:80,113.164
prequal,103,srv-8:80,113.788
prequal,103,srv-8:80,106.015
prequal,103,srv-8:80,70.315
prequal,103,srv-8:80,55.789
prequal,103,srv-8:80,94.367
prequal,103,srv-8:80,135.176
prequal,103,srv-8:80,149.672
prequal,103,srv-8:80,89.133
prequal,103,srv-8:80,33.159
prequal,103,srv-8:80,53.196
prequal,103,srv-8:80,73.118
prequal,103,srv-8:80,105.905
prequal,103,srv-8:80,119.456
prequal,103,srv-8:80,54.982
prequal,103,srv-8:80,50.509
prequal,103,srv-8:80,64.500
prequal,103,srv-8:80,107.375
prequal,103,srv-8:80,133.422
prequal,103,srv-8:80,79.773
prequal,103,srv-8:80,54.865
prequal,103,srv-8:80,113.220
prequal,103,srv-8:80,129.068
prequal,103,srv-8:80,103.116
prequal,103,srv-8:80,100.393
prequal,103,srv-8:80,125.921
prequal,103,srv-8:80,119.637
prequal,103,srv-8:80,127.157
prequal,103,srv-8:80,145.264
prequal,103,srv-8:80,115.869
prequal,103,srv-8:80,71.412
prequal,103,srv-9:80,79.175
prequal,103,srv-9:80,83.940
prequal,103,srv-9:80,61.108
prequal,103,srv-9:80,74.710
prequal,103,srv-9:80,89.243
prequal,103,srv-9:80,54.504
prequal,103,srv-9:80,38.864
prequal,103,srv-9:80,56.387
prequal,103,srv-9:80,54.598
prequal,103,srv-9:80,70.574
prequal,103,srv-9:80,72.412
prequal,103,srv-9:80,59.395
prequal,103,srv-9:80,77.394
prequal,103,srv-9:80,77.630
prequal,103,srv-9:80,60.879
prequal,103,srv-9:80,65.476
prequal,103,srv-9:80,77.225
prequal,103,srv-9:80,73.673
prequal,103,srv-9:80,64.226
prequal,103,srv-9:80,47.273
prequal,103,srv-9:80,63.547
prequal,103,srv-9:80,76.933
prequal,103,srv-9:80,71.936
prequal,103,srv-9:80,74.606
prequal,103,srv-9:80,64.211
prequal,103,srv-9:80,52.512
prequal,103,srv-9:80,65.781
prequal,103,srv-9:80,51.493
prequal,103,srv-9:80,25.277
prequal,103,srv-9:80,70.479
prequal,103,srv-9:80,78.846
prequal,103,srv-9:80,32.109
prequal,103,srv-9:80,27.328
prequal,103,srv-9:80,75.683
prequal,103,srv-9:80,97.771
prequal,103,srv-9:80,59.506
prequal,103,srv-9:80,25.172
prequal,103,srv-9:80,30.177
prequal,103,srv-9:80,69.872
prequal,103,srv-9:80,90.863
prequal,103,srv-9:80,61.745
prequal,103,srv-9:80,68.980
prequal,103,srv-9:80,94.661
prequal,103,srv-9:80,92.591
prequal,103,srv-9:80,79.166
prequal,103,srv-9:80,73.677
prequal,103,srv-9:80,84.367
prequal,103,srv-9:80,77.735
prequal,103,srv-9:80,57.750
prequal,103,srv-9:80,71.309
prequal,103,srv-9:80,91.456
prequal,103,srv-9:80,91.126
prequal,103,srv-9:80,52.521
prequal,103,srv-9:80,33.462
prequal,103,srv-9:80,53.758
prequal,103,srv-9:80,49.598
prequal,103,srv-9:80,49.160
prequal,103,srv-9:80,73.499
prequal,103,srv-9:80,102.818
prequal,103,srv-9:80,62.903
prequal,114,srv-10:80,71.557
prequal,114,srv-10:80,93.820
prequal,114,srv-10:80,99.846
prequal,114,srv-10:80,104.975
prequal,114,srv-10:80,81.822
prequal,114,srv-10:80,76.596
prequal,114,srv-10:80,92.958
prequal,114,srv-10:80,88.561
prequal,114,srv-10:80,98.528
prequal,114,srv-10:80,109.972
prequal,114,srv-10:80,94.053
prequal,114,srv-10:80,92.668
prequal,114,srv-10:80,108.810
prequal,114,srv-10:80,96.344
prequal,114,srv-10:80,86.221
prequal,114,srv-10:80,100.076
prequal,114,srv-10:80,97.624
prequal,114,srv-10:80,85.183
prequal,114,srv-10:80,84.797
prequal,114,srv-10:80,70.265
prequal,114,srv-10:80,50.417
prequal,114,srv-10:80,78.523
prequal,114,srv-10:80,101.222
prequal,114,srv-10:80,94.873
prequal,114,srv-10:80,94.840
prequal,114,srv-10:80,63.165
prequal,114,srv-10:80,66.315
prequal,114,srv-10:80,90.676
prequal,114,srv-10:80,90.027
prequal,114,srv-10:80,83.345
prequal,114,srv-10:80,62.127
prequal,114,srv-10:80,76.639
prequal,114,srv-10:80,63.756
prequal,114,srv-10:80,65.212
prequal,114,srv-10:80,89.460
prequal,114,srv-10:80,86.786
prequal,114,srv-10:80,84.663
prequal,114,srv-10:80,66.859
prequal,114,srv-10:80,83.488
prequal,114,srv-10:80,98.653
prequal,114,srv-10:80,91.621
prequal,114,srv-10:80,96.291
prequal,114,srv-10:80,86.508
prequal,114,srv-10:80,87.175
prequal,114,srv-10:80,97.012
prequal,114,srv-10:80,98.982
prequal,114,srv-10:80,100.562
prequal,114,srv-10:80,93.398
prequal,114,srv-10:80,97.175
prequal,114,srv-10:80,98.893
prequal,114,srv-10:80,97.658
prequal,114,srv-10:80,90.895
prequal,114,srv-10:80,76.304
prequal,114,srv-10:80,76.264
prequal,114,srv-10:80,97.141
prequal,114,srv-10:80,94.860
prequal,114,srv-10:80,88.355
prequal,114,srv-10:80,105.144
prequal,114,srv-10:80,109.512
prequal,114,srv-10:80,62.429
prequal,114,srv-1:80,169.802
prequal,114,srv-1:80,174.069
prequal,114,srv-1:80,224.246
prequal,114,srv-1:80,222.231
prequal,114,srv-1:80,167.491
prequal,114,srv-1:80,189.976
prequal,114,srv-1:80,257.801
prequal,114,srv-1:80,259.608
prequal,114,srv-1:80,232.144
prequal,114,srv-1:80,197.681
prequal,114,srv-1:80,203.580
prequal,114,srv-1:80,198.468
prequal,114,srv-1:80,218.484
prequal,114,srv-1:80,221.491
prequal,114,srv-1:80,197.857
prequal,114,srv-1:80,218.851
prequal,114,srv-1:80,208.682
prequal,114,srv-1:80,204.612
prequal,114,srv-1:80,228.288
prequal,114,srv-1:80,230.786
prequal,114,srv-1:80,238.475
prequal,114,srv-1:80,248.460
prequal,114,srv-1:80,216.350
prequal,114,srv-1:80,233.272
prequal,114,srv-1:80,251.073
prequal,114,srv-1:80,232.900
prequal,114,srv-1:80,222.213
prequal,114,srv-1:80,229.116
prequal,114,srv-1:80,225.156
prequal,114,srv-1:80,232.780
prequal,114,srv-1:80,254.926
prequal,114,srv-1:80,248.009
prequal,114,srv-1:80,215.554
prequal,114,srv-1:80,218.755
prequal,114,srv-1:80,249.492
prequal,114,srv-1:80,243.062
prequal,114,srv-1:80,236.486
prequal,114,srv-1:80,241.055
prequal,114,srv-1:80,242.707
prequal,114,srv-1:80,233.867
prequal,114,srv-1:80,211.443
prequal,114,srv-1:80,171.140
prequal,114,srv-1:80,190.455
prequal,114,srv-1:80,227.077
prequal,114,srv-1:80,220.262
prequal,114,srv-1:80,238.353
prequal,114,srv-1:80,232.880
prequal,114,srv-1:80,239.163
prequal,114,srv-1:80,201.664
prequal,114,srv-1:80,167.065
prequal,114,srv-1:80,224.814
prequal,114,srv-1:80,245.240
prequal,114,srv-1:80,259.236
prequal,114,srv-1:80,265.943
prequal,114,srv-1:80,249.572
prequal,114,srv-1:80,256.037
prequal,114,srv-1:80,262.260
prequal,114,srv-1:80,256.973
prequal,114,srv-1:80,233.902
prequal,114,srv-1:80,120.438
prequal,114,srv-2:80,238.955
prequal,114,srv-2:80,231.301
prequal,114,srv-2:80,229.105
prequal,114,srv-2:80,233.085
prequal,114,srv-2:80,243.268
prequal,114,srv-2:80,220.384
prequal,114,srv-2:80,186.555
prequal,114,srv-2:80,178.236
prequal,114,srv-2:80,197.152
prequal,114,srv-2:80,243.079
prequal,114,srv-2:80,225.520
prequal,114,srv-2:80,204.651
prequal,114,srv-2:80,188.881
prequal,114,srv-2:80,224.043
prequal,114,srv-2:80,258.395
prequal,114,srv-2:80,223.608
prequal,114,srv-2:80,175.105
prequal,114,srv-2:80,125.921
prequal,114,srv-2:80,135.354
prequal,114,srv-2:80,190.544
prequal,114,srv-2:80,204.338
prequal,114,srv-2:80,229.222
prequal,114,srv-2:80,249.200
prequal,114,srv-2:80,254.950
prequal,114,srv-2:80,240.502
prequal,114,srv-2:80,223.852
prequal,114,srv-2:80,245.713
prequal,114,srv-2:80,242.547
prequal,114,srv-2:80,207.854
prequal,114,srv-2:80,180.051
prequal,114,srv-2:80,161.224
prequal,114,srv-2:80,171.118
prequal,114,srv-2:80,213.981
prequal,114,srv-2:80,239.429
prequal,114,srv-2:80,238.167
prequal,114,srv-2:80,219.072
prequal,114,srv-2:80,176.620
prequal,114,srv-2:80,172.924
prequal,114,srv-2:80,223.024
prequal,114,srv-2:80,254.279
prequal,114,srv-2:80,241.862
prequal,114,srv-2:80,219.424
prequal,114,srv-2:80,216.668
prequal,114,srv-2:80,224.272
prequal,114,srv-2:80,240.142
prequal,114,srv-2:80,262.951
prequal,114,srv-2:80,217.636
prequal,114,srv-2:80,197.432
prequal,114,srv-2:80,243.547
prequal,114,srv-2:80,241.487
prequal,114,srv-2:80,214.923
prequal,114,srv-2:80,193.567
prequal,114,srv-2:80,209.555
prequal,114,srv-2:80,232.576
prequal,114,srv-2:80,243.405
prequal,114,srv-2:80,245.332
prequal,114,srv-2:80,251.413
prequal,114,srv-2:80,237.806
prequal,114,srv-2:80,198.254
prequal,114,srv-2:80,110.635
prequal,114,srv-3:80,205.576
prequal,114,srv-3:80,222.798
prequal,114,srv-3:80,226.617
prequal,114,srv-3:80,213.404
prequal,114,srv-3:80,187.552
prequal,114,srv-3:80,138.973
prequal,114,srv-3:80,159.540
prequal,114,srv-3:80,170.960
prequal,114,srv-3:80,147.154
prequal,114,srv-3:80,203.041
prequal,114,srv-3:80,221.739
prequal,114,srv-3:80,189.362
prequal,114,srv-3:80,176.063
prequal,114,srv-3:80,219.503
prequal,114,srv-3:80,242.206
prequal,114,srv-3:80,217.544
prequal,114,srv-3:80,221.700
prequal,114,srv-3:80,263.251
prequal,114,srv-3:80,258.910
prequal,114,srv-3:80,240.574
prequal,114,srv-3:80,227.631
prequal,114,srv-3:80,187.587
prequal,114,srv-3:80,170.222
prequal,114,srv-3:80,227.071
prequal,114,srv-3:80,262.549
prequal,114,srv-3:80,240.532
prequal,114,srv-3:80,231.078
prequal,114,srv-3:80,227.521
prequal,114,srv-3:80,245.537
prequal,114,srv-3:80,245.853
prequal,114,srv-3:80,224.715
prequal,114,srv-3:80,245.093
prequal,114,srv-3:80,218.771
prequal,114,srv-3:80,212.225
prequal,114,srv-3:80,214.216
prequal,114,srv-3:80,177.295
prequal,114,srv-3:80,186.593
prequal,114,srv-3:80,208.761
prequal,114,srv-3:80,207.687
prequal,114,srv-3:80,223.502
prequal,114,srv-3:80,240.576
prequal,114,srv-3:80,248.855
prequal,114,srv-3:80,245.348
prequal,114,srv-3:80,219.268
prequal,114,srv-3:80,235.500
prequal,114,srv-3:80,265.391
prequal,114,srv-3:80,243.137
prequal,114,srv-3:80,236.991
prequal,114,srv-3:80,247.355
prequal,114,srv-3:80,207.091
prequal,114,srv-3:80,209.088
prequal,114,srv-3:80,251.819
prequal,114,srv-3:80,164.884
prequal,114,srv-3:80,166.421
prequal,114,srv-3:80,261.641
prequal,114,srv-3:80,250.095
prequal,114,srv-3:80,193.368
prequal,114,srv-3:80,186.560
prequal,114,srv-3:80,186.389
prequal,114,srv-3:80,70.829
prequal,114,srv-4:80,201.325
prequal,114,srv-4:80,214.373
prequal,114,srv-4:80,225.756
prequal,114,srv-4:80,254.235
prequal,114,srv-4:80,256.055
prequal,114,srv-4:80,247.923
prequal,114,srv-4:80,249.516
prequal,114,srv-4:80,266.159
prequal,114,srv-4:80,234.192
prequal,114,srv-4:80,219.951
prequal,114,srv-4:80,247.408
prequal,114,srv-4:80,228.195
prequal,114,srv-4:80,214.634
prequal,114,srv-4:80,208.016
prequal,114,srv-4:80,222.246
prequal,114,srv-4:80,240.638
prequal,114,srv-4:80,237.139
prequal,114,srv-4:80,241.275
prequal,114,srv-4:80,244.974
prequal,114,srv-4:80,242.499
prequal,114,srv-4:80,247.742
prequal,114,srv-4:80,236.485
prequal,114,srv-4:80,214.664
prequal,114,srv-4:80,199.547
prequal,114,srv-4:80,171.316
prequal,114,srv-4:80,204.725
prequal,114,srv-4:80,240.303
prequal,114,srv-4:80,241.287
prequal,114,srv-4:80,242.640
prequal,114,srv-4:80,230.122
prequal,114,srv-4:80,228.808
prequal,114,srv-4:80,206.053
prequal,114,srv-4:80,199.222
prequal,114,srv-4:80,190.275
prequal,114,srv-4:80,176.928
prequal,114,srv-4:80,238.678
prequal,114,srv-4:80,259.296
prequal,114,srv-4:80,252.049
prequal,114,srv-4:80,225.459
prequal,114,srv-4:80,216.860
prequal,114,srv-4:80,164.406
prequal,114,srv-4:80,176.714
prequal,114,srv-4:80,244.072
prequal,114,srv-4:80,221.608
prequal,114,srv-4:80,223.408
prequal,114,srv-4:80,189.970
prequal,114,srv-4:80,187.451
prequal,114,srv-4:80,213.424
prequal,114,srv-4:80,227.753
prequal,114,srv-4:80,250.616
prequal,114,srv-4:80,255.604
prequal,114,srv-4:80,230.573
prequal,114,srv-4:80,229.877
prequal,114,srv-4:80,248.488
prequal,114,srv-4:80,203.690
prequal,114,srv-4:80,175.314
prequal,114,srv-4:80,180.481
prequal,114,srv-4:80,196.178
prequal,114,srv-4:80,248.493
prequal,114,srv-4:80,144.948
prequal,114,srv-5:80,167.649
prequal,114,srv-5:80,197.441
prequal,114,srv-5:80,153.781
prequal,114,srv-5:80,149.287
prequal,114,srv-5:80,191.995
prequal,114,srv-5:80,201.031
prequal,114,srv-5:80,213.050
prequal,114,srv-5:80,206.217
prequal,114,srv-5:80,214.822
prequal,114,srv-5:80,196.857
prequal,114,srv-5:80,151.566
prequal,114,srv-5:80,149.873
prequal,114,srv-5:80,186.650
prequal,114,srv-5:80,187.039
prequal,114,srv-5:80,186.738
prequal,114,srv-5:80,184.542
prequal,114,srv-5:80,199.873
prequal,114,srv-5:80,213.574
prequal,114,srv-5:80,149.000
prequal,114,srv-5:80,132.438
prequal,114,srv-5:80,132.909
prequal,114,srv-5:80,134.371
prequal,114,srv-5:80,206.220
prequal,114,srv-5:80,183.658
prequal,114,srv-5:80,179.582
prequal,114,srv-5:80,186.545
prequal,114,srv-5:80,164.594
prequal,114,srv-5:80,97.861
prequal,114,srv-5:80,96.098
prequal,114,srv-5:80,146.398
prequal,114,srv-5:80,174.957
prequal,114,srv-5:80,167.983
prequal,114,srv-5:80,161.193
prequal,114,srv-5:80,175.538
prequal,114,srv-5:80,193.520
prequal,114,srv-5:80,184.133
prequal,114,srv-5:80,173.197
prequal,114,srv-5:80,190.699
prequal,114,srv-5:80,191.517
prequal,114,srv-5:80,192.085
prequal,114,srv-5:80,208.348
prequal,114,srv-5:80,203.940
prequal,114,srv-5:80,197.568
prequal,114,srv-5:80,196.633
prequal,114,srv-5:80,186.420
prequal,114,srv-5:80,142.320
prequal,114,srv-5:80,136.808
prequal,114,srv-5:80,200.382
prequal,114,srv-5:80,206.336
prequal,114,srv-5:80,212.485
prequal,114,srv-5:80,171.560
prequal,114,srv-5:80,166.730
prequal,114,srv-5:80,191.812
prequal,114,srv-5:80,198.918
prequal,114,srv-5:80,192.280
prequal,114,srv-5:80,169.370
prequal,114,srv-5:80,175.693
prequal,114,srv-5:80,192.441
prequal,114,srv-5:80,163.238
prequal,114,srv-5:80,80.624
prequal,114,srv-6:80,156.033
prequal,114,srv-6:80,180.723
prequal,114,srv-6:80,180.685
prequal,114,srv-6:80,210.216
prequal,114,srv-6:80,187.454
prequal,114,srv-6:80,162.506
prequal,114,srv-6:80,147.716
prequal,114,srv-6:80,157.922
prequal,114,srv-6:80,163.106
prequal,114,srv-6:80,167.893
prequal,114,srv-6:80,183.319
prequal,114,srv-6:80,215.370
prequal,114,srv-6:80,207.210
prequal,114,srv-6:80,203.743
prequal,114,srv-6:80,154.653
prequal,114,srv-6:80,149.504
prequal,114,srv-6:80,182.335
prequal,114,srv-6:80,185.645
prequal,114,srv-6:80,177.000
prequal,114,srv-6:80,173.683
prequal,114,srv-6:80,181.656
prequal,114,srv-6:80,193.699
prequal,114,srv-6:80,205.678
prequal,114,srv-6:80,177.660
prequal,114,srv-6:80,179.550
prequal,114,srv-6:80,192.081
prequal,114,srv-6:80,176.938
prequal,114,srv-6:80,190.977
prequal,114,srv-6:80,174.796
prequal,114,srv-6:80,157.109
prequal,114,srv-6:80,192.485
prequal,114,srv-6:80,223.934
prequal,114,srv-6:80,209.454
prequal,114,srv-6:80,186.696
prequal,114,srv-6:80,200.494
prequal,114,srv-6:80,176.103
prequal,114,srv-6:80,187.974
prequal,114,srv-6:80,203.555
prequal,114,srv-6:80,185.334
prequal,114,srv-6:80,170.656
prequal,114,srv-6:80,185.426
prequal,114,srv-6:80,180.903
prequal,114,srv-6:80,146.410
prequal,114,srv-6:80,141.339
prequal,114,srv-6:80,156.233
prequal,114,srv-6:80,161.483
prequal,114,srv-6:80,163.445
prequal,114,srv-6:80,124.712
prequal,114,srv-6:80,140.745
prequal,114,srv-6:80,152.821
prequal,114,srv-6:80,125.058
prequal,114,srv-6:80,149.268
prequal,114,srv-6:80,152.777
prequal,114,srv-6:80,129.576
prequal,114,srv-6:80,128.347
prequal,114,srv-6:80,132.907
prequal,114,srv-6:80,172.607
prequal,114,srv-6:80,178.411
prequal,114,srv-6:80,204.935
prequal,114,srv-6:80,155.955
prequal,114,srv-7:80,101.034
prequal,114,srv-7:80,126.852
prequal,114,srv-7:80,119.986
prequal,114,srv-7:80,89.497
prequal,114,srv-7:80,87.844
prequal,114,srv-7:80,131.206
prequal,114,srv-7:80,139.206
prequal,114,srv-7:80,143.750
prequal,114,srv-7:80,127.266
prequal,114,srv-7:80,114.285
prequal,114,srv-7:80,120.557
prequal,114,srv-7:80,138.722
prequal,114,srv-7:80,118.951
prequal,114,srv-7:80,133.317
prequal,114,srv-7:80,142.067
prequal,114,srv-7:80,109.822
prequal,114,srv-7:80,85.226
prequal,114,srv-7:80,92.292
prequal,114,srv-7:80,136.834
prequal,114,srv-7:80,119.183
prequal,114,srv-7:80,88.020
prequal,114,srv-7:80,96.510
prequal,114,srv-7:80,101.896
prequal,114,srv-7:80,74.779
prequal,114,srv-7:80,106.843
prequal,114,srv-7:80,138.684
prequal,114,srv-7:80,153.257
prequal,114,srv-7:80,158.093
prequal,114,srv-7:80,147.582
prequal,114,srv-7:80,141.401
prequal,114,srv-7:80,151.158
prequal,114,srv-7:80,138.167
prequal,114,srv-7:80,146.400
prequal,114,srv-7:80,155.773
prequal,114,srv-7:80,121.731
prequal,114,srv-7:80,105.047
prequal,114,srv-7:80,151.630
prequal,114,srv-7:80,117.449
prequal,114,srv-7:80,51.502
prequal,114,srv-7:80,80.629
prequal,114,srv-7:80,134.974
prequal,114,srv-7:80,114.145
prequal,114,srv-7:80,122.018
prequal,114,srv-7:80,133.665
prequal,114,srv-7:80,106.740
prequal,114,srv-7:80,121.573
prequal,114,srv-7:80,151.860
prequal,114,srv-7:80,130.753
prequal,114,srv-7:80,130.567
prequal,114,srv-7:80,136.874
prequal,114,srv-7:80,128.075
prequal,114,srv-7:80,119.810
prequal,114,srv-7:80,133.364
prequal,114,srv-7:80,119.738
prequal,114,srv-7:80,107.561
prequal,114,srv-7:80,129.182
prequal,114,srv-7:80,124.543
prequal,114,srv-7:80,127.970
prequal,114,srv-7:80,118.605
prequal,114,srv-7:80,87.823
prequal,114,srv-8:80,129.725
prequal,114,srv-8:80,118.765
prequal,114,srv-8:80,115.621
prequal,114,srv-8:80,128.720
prequal,114,srv-8:80,146.638
prequal,114,srv-8:80,138.456
prequal,114,srv-8:80,136.497
prequal,114,srv-8:80,137.998
prequal,114,srv-8:80,127.646
prequal,114,srv-8:80,107.242
prequal,114,srv-8:80,112.670
prequal,114,srv-8:80,126.299
prequal,114,srv-8:80,136.895
prequal,114,srv-8:80,129.912
prequal,114,srv-8:80,134.214
prequal,114,srv-8:80,132.257
prequal,114,srv-8:80,146.365
prequal,114,srv-8:80,144.546
prequal,114,srv-8:80,129.880
prequal,114,srv-8:80,125.755
prequal,114,srv-8:80,156.164
prequal,114,srv-8:80,96.810
prequal,114,srv-8:80,86.543
prequal,114,srv-8:80,130.917
prequal,114,srv-8:80,127.823
prequal,114,srv-8:80,108.321
prequal,114,srv-8:80,88.539
prequal,114,srv-8:80,112.567
prequal,114,srv-8:80,157.816
prequal,114,srv-8:80,129.596
prequal,114,srv-8:80,110.612
prequal,114,srv-8:80,132.839
prequal,114,srv-8:80,133.578
prequal,114,srv-8:80,90.867
prequal,114,srv-8:80,93.847
prequal,114,srv-8:80,122.025
prequal,114,srv-8:80,104.501
prequal,114,srv-8:80,122.635
prequal,114,srv-8:80,134.617
prequal,114,srv-8:80,107.004
prequal,114,srv-8:80,119.775
prequal,114,srv-8:80,139.437
prequal,114,srv-8:80,131.575
prequal,114,srv-8:80,135.379
prequal,114,srv-8:80,120.633
prequal,114,srv-8:80,120.657
prequal,114,srv-8:80,130.490
prequal,114,srv-8:80,125.077
prequal,114,srv-8:80,114.267
prequal,114,srv-8:80,113.516
prequal,114,srv-8:80,126.785
prequal,114,srv-8:80,115.556
prequal,114,srv-8:80,88.533
prequal,114,srv-8:80,124.604
prequal,114,srv-8:80,119.980
prequal,114,srv-8:80,94.621
prequal,114,srv-8:80,115.638
prequal,114,srv-8:80,117.834
prequal,114,srv-8:80,80.435
prequal,114,srv-8:80,33.323
prequal,114,srv-9:80,85.369
prequal,114,srv-9:80,86.661
prequal,114,srv-9:80,58.705
prequal,114,srv-9:80,67.524
prequal,114,srv-9:80,97.737
prequal,114,srv-9:80,93.399
prequal,114,srv-9:80,65.459
prequal,114,srv-9:80,61.009
prequal,114,srv-9:80,77.640
prequal,114,srv-9:80,85.794
prequal,114,srv-9:80,87.571
prequal,114,srv-9:80,75.275
prequal,114,srv-9:80,67.364
prequal,114,srv-9:80,56.156
prequal,114,srv-9:80,50.987
prequal,114,srv-9:80,79.935
prequal,114,srv-9:80,99.495
prequal,114,srv-9:80,85.530
prequal,114,srv-9:80,80.935
prequal,114,srv-9:80,96.537
prequal,114,srv-9:80,83.889
prequal,114,srv-9:80,80.927
prequal,114,srv-9:80,93.275
prequal,114,srv-9:80,67.736
prequal,114,srv-9:80,51.862
prequal,114,srv-9:80,41.496
prequal,114,srv-9:80,29.489
prequal,114,srv-9:80,57.420
prequal,114,srv-9:80,80.482
prequal,114,srv-9:80,85.777
prequal,114,srv-9:80,57.277
prequal,114,srv-9:80,53.751
prequal,114,srv-9:80,67.819
prequal,114,srv-9:80,68.889
prequal,114,srv-9:80,67.093
prequal,114,srv-9:80,76.026
prequal,114,srv-9:80,76.712
prequal,114,srv-9:80,73.253
prequal,114,srv-9:80,77.153
prequal,114,srv-9:80,70.645
prequal,114,srv-9:80,79.983
prequal,114,srv-9:80,87.317
prequal,114,srv-9:80,53.673
prequal,114,srv-9:80,37.715
prequal,114,srv-9:80,51.906
prequal,114,srv-9:80,57.563
prequal,114,srv-9:80,84.516
prequal,114,srv-9:80,68.483
prequal,114,srv-9:80,31.832
prequal,114,srv-9:80,63.519
prequal,114,srv-9:80,84.354
prequal,114,srv-9:80,84.665
prequal,114,srv-9:80,107.939
prequal,114,srv-9:80,75.508
prequal,114,srv-9:80,69.722
prequal,114,srv-9:80,71.612
prequal,114,srv-9:80,40.945
prequal,114,srv-9:80,42.871
prequal,114,srv-9:80,67.424
prequal,114,srv-9:80,44.008
prequal,127,srv-10:80,80.653
prequal,127,srv-10:80,83.162
prequal,127,srv-10:80,80.027
prequal,127,srv-10:80,61.942
prequal,127,srv-10:80,67.544
prequal,127,srv-10:80,103.302
prequal,127,srv-10:80,106.599
prequal,127,srv-10:80,86.523
prequal,127,srv-10:80,66.244
prequal,127,srv-10:80,69.986
prequal,127,srv-10:80,72.718
prequal,127,srv-10:80,70.839
prequal,127,srv-10:80,71.073
prequal,127,srv-10:80,85.450
prequal,127,srv-10:80,86.951
prequal,127,srv-10:80,60.384
prequal,127,srv-10:80,58.233
prequal,127,srv-10:80,71.554
prequal,127,srv-10:80,89.616
prequal,127,srv-10:80,104.544
prequal,127,srv-10:80,103.051
prequal,127,srv-10:80,99.409
prequal,127,srv-10:80,95.354
prequal,127,srv-10:80,95.420
prequal,127,srv-10:80,82.430
prequal,127,srv-10:80,73.711
prequal,127,srv-10:80,93.971
prequal,127,srv-10:80,100.000
prequal,127,srv-10:80,91.741
prequal,127,srv-10:80,90.040
prequal,127,srv-10:80,91.456
prequal,127,srv-10:80,75.873
prequal,127,srv-10:80,71.626
prequal,127,srv-10:80,87.606
prequal,127,srv-10:80,88.520
prequal,127,srv-10:80,77.185
prequal,127,srv-10:80,76.401
prequal,127,srv-10:80,58.639
prequal,127,srv-10:80,46.986
prequal,127,srv-10:80,83.268
prequal,127,srv-10:80,109.700
prequal,127,srv-10:80,100.059
prequal,127,srv-10:80,82.092
prequal,127,srv-10:80,88.668
prequal,127,srv-10:80,100.384
prequal,127,srv-10:80,92.554
prequal,127,srv-10:80,72.505
prequal,127,srv-10:80,68.650
prequal,127,srv-10:80,64.615
prequal,127,srv-10:80,53.122
prequal,127,srv-10:80,69.504
prequal,127,srv-10:80,94.629
prequal,127,srv-10:80,94.546
prequal,127,srv-10:80,77.724
prequal,127,srv-10:80,74.394
prequal,127,srv-10:80,82.929
prequal,127,srv-10:80,77.667
prequal,127,srv-10:80,80.063
prequal,127,srv-10:80,100.013
prequal,127,srv-10:80,67.661
prequal,127,srv-1:80,231.781
prequal,127,srv-1:80,258.272
prequal,127,srv-1:80,244.041
prequal,127,srv-1:80,256.645
prequal,127,srv-1:80,247.644
prequal,127,srv-1:80,242.216
prequal,127,srv-1:80,267.671
prequal,127,srv-1:80,273.112
prequal,127,srv-1:80,251.655
prequal,127,srv-1:80,241.518
prequal,127,srv-1:80,256.828
prequal,127,srv-1:80,245.902
prequal,127,srv-1:80,240.732
prequal,127,srv-1:80,257.076
prequal,127,srv-1:80,260.584
prequal,127,srv-1:80,259.216
prequal,127,srv-1:80,253.789
prequal,127,srv-1:80,242.111
prequal,127,srv-1:80,248.968
prequal,127,srv-1:80,222.848
prequal,127,srv-1:80,209.994
prequal,127,srv-1:80,241.772
prequal,127,srv-1:80,260.246
prequal,127,srv-1:80,241.838
prequal,127,srv-1:80,236.749
prequal,127,srv-1:80,263.963
prequal,127,srv-1:80,283.781
prequal,127,srv-1:80,281.170
prequal,127,srv-1:80,245.162
prequal,127,srv-1:80,230.497
prequal,127,srv-1:80,258.491
prequal,127,srv-1:80,277.557
prequal,127,srv-1:80,280.179
prequal,127,srv-1:80,254.079
prequal,127,srv-1:80,248.752
prequal,127,srv-1:80,260.616
prequal,127,srv-1:80,257.132
prequal,127,srv-1:80,257.496
prequal,127,srv-1:80,260.035
prequal,127,srv-1:80,257.392
prequal,127,srv-1:80,226.410
prequal,127,srv-1:80,229.056
prequal,127,srv-1:80,257.347
prequal,127,srv-1:80,266.613
prequal,127,srv-1:80,275.416
prequal,127,srv-1:80,269.422
prequal,127,srv-1:80,266.467
prequal,127,srv-1:80,251.431
prequal,127,srv-1:80,229.259
prequal,127,srv-1:80,207.100
prequal,127,srv-1:80,225.987
prequal,127,srv-1:80,264.818
prequal,127,srv-1:80,259.678
prequal,127,srv-1:80,252.410
prequal,127,srv-1:80,241.748
prequal,127,srv-1:80,252.419
prequal,127,srv-1:80,277.813
prequal,127,srv-1:80,275.065
prequal,127,srv-1:80,256.878
prequal,127,srv-1:80,159.033
prequal,127,srv-2:80,229.889
prequal,127,srv-2:80,264.384
prequal,127,srv-2:80,253.133
prequal,127,srv-2:80,249.290
prequal,127,srv-2:80,250.872
prequal,127,srv-2:80,255.189
prequal,127,srv-2:80,265.974
prequal,127,srv-2:80,274.628
prequal,127,srv-2:80,276.786
prequal,127,srv-2:80,282.516
prequal,127,srv-2:80,271.144
prequal,127,srv-2:80,266.577
prequal,127,srv-2:80,269.378
prequal,127,srv-2:80,248.884
prequal,127,srv-2:80,226.951
prequal,127,srv-2:80,220.583
prequal,127,srv-2:80,236.300
prequal,127,srv-2:80,263.067
prequal,127,srv-2:80,240.952
prequal,127,srv-2:80,234.180
prequal,127,srv-2:80,266.868
prequal,127,srv-2:80,273.761
prequal,127,srv-2:80,269.629
prequal,127,srv-2:80,251.793
prequal,127,srv-2:80,253.230
prequal,127,srv-2:80,265.359
prequal,127,srv-2:80,245.270
prequal,127,srv-2:80,221.166
prequal,127,srv-2:80,249.992
prequal,127,srv-2:80,255.136
prequal,127,srv-2:80,242.347
prequal,127,srv-2:80,260.583
prequal,127,srv-2:80,269.633
prequal,127,srv-2:80,258.180
prequal,127,srv-2:80,259.547
prequal,127,srv-2:80,266.136
prequal,127,srv-2:80,265.051
prequal,127,srv-2:80,260.244
prequal,127,srv-2:80,239.469
prequal,127,srv-2:80,253.615
prequal,127,srv-2:80,273.981
prequal,127,srv-2:80,260.097
prequal,127,srv-2:80,242.640
prequal,127,srv-2:80,202.849
prequal,127,srv-2:80,226.738
prequal,127,srv-2:80,268.976
prequal,127,srv-2:80,255.236
prequal,127,srv-2:80,255.209
prequal,127,srv-2:80,249.852
prequal,127,srv-2:80,254.255
prequal,127,srv-2:80,259.507
prequal,127,srv-2:80,234.489
prequal,127,srv-2:80,236.714
prequal,127,srv-2:80,248.088
prequal,127,srv-2:80,258.579
prequal,127,srv-2:80,260.607
prequal,127,srv-2:80,258.634
prequal,127,srv-2:80,282.288
prequal,127,srv-2:80,269.380
prequal,127,srv-2:80,157.949
prequal,127,srv-3:80,242.584
prequal,127,srv-3:80,254.544
prequal,127,srv-3:80,284.882
prequal,127,srv-3:80,284.844
prequal,127,srv-3:80,257.647
prequal,127,srv-3:80,241.149
prequal,127,srv-3:80,193.459
prequal,127,srv-3:80,203.581
prequal,127,srv-3:80,266.228
prequal,127,srv-3:80,269.620
prequal,127,srv-3:80,277.206
prequal,127,srv-3:80,272.162
prequal,127,srv-3:80,248.536
prequal,127,srv-3:80,252.004
prequal,127,srv-3:80,264.328
prequal,127,srv-3:80,253.529
prequal,127,srv-3:80,240.407
prequal,127,srv-3:80,253.026
prequal,127,srv-3:80,249.737
prequal,127,srv-3:80,230.842
prequal,127,srv-3:80,234.437
prequal,127,srv-3:80,252.247
prequal,127,srv-3:80,232.725
prequal,127,srv-3:80,230.582
prequal,127,srv-3:80,260.783
prequal,127,srv-3:80,258.290
prequal,127,srv-3:80,247.431
prequal,127,srv-3:80,248.457
prequal,127,srv-3:80,252.419
prequal,127,srv-3:80,265.332
prequal,127,srv-3:80,281.257
prequal,127,srv-3:80,262.842
prequal,127,srv-3:80,246.170
prequal,127,srv-3:80,231.688
prequal,127,srv-3:80,239.848
prequal,127,srv-3:80,253.692
prequal,127,srv-3:80,249.242
prequal,127,srv-3:80,257.741
prequal,127,srv-3:80,264.838
prequal,127,srv-3:80,269.319
prequal,127,srv-3:80,266.710
prequal,127,srv-3:80,238.435
prequal,127,srv-3:80,253.867
prequal,127,srv-3:80,236.162
prequal,127,srv-3:80,229.511
prequal,127,srv-3:80,236.229
prequal,127,srv-3:80,231.764
prequal,127,srv-3:80,258.169
prequal,127,srv-3:80,256.129
prequal,127,srv-3:80,230.151
prequal,127,srv-3:80,227.743
prequal,127,srv-3:80,249.684
prequal,127,srv-3:80,253.822
prequal,127,srv-3:80,243.688
prequal,127,srv-3:80,258.536
prequal,127,srv-3:80,273.054
prequal,127,srv-3:80,243.463
prequal,127,srv-3:80,246.848
prequal,127,srv-3:80,234.939
prequal,127,srv-3:80,103.681
prequal,127,srv-4:80,239.841
prequal,127,srv-4:80,247.294
prequal,127,srv-4:80,240.158
prequal,127,srv-4:80,253.807
prequal,127,srv-4:80,230.565
prequal,127,srv-4:80,237.350
prequal,127,srv-4:80,274.799
prequal,127,srv-4:80,267.979
prequal,127,srv-4:80,253.816
prequal,127,srv-4:80,248.660
prequal,127,srv-4:80,223.293
prequal,127,srv-4:80,221.508
prequal,127,srv-4:80,253.240
prequal,127,srv-4:80,254.220
prequal,127,srv-4:80,262.166
prequal,127,srv-4:80,264.432
prequal,127,srv-4:80,250.466
prequal,127,srv-4:80,250.067
prequal,127,srv-4:80,264.458
prequal,127,srv-4:80,269.401
prequal,127,srv-4:80,239.685
prequal,127,srv-4:80,208.913
prequal,127,srv-4:80,225.907
prequal,127,srv-4:80,264.617
prequal,127,srv-4:80,271.191
prequal,127,srv-4:80,254.931
prequal,127,srv-4:80,265.312
prequal,127,srv-4:80,265.456
prequal,127,srv-4:80,243.595
prequal,127,srv-4:80,248.138
prequal,127,srv-4:80,248.584
prequal,127,srv-4:80,251.288
prequal,127,srv-4:80,260.497
prequal,127,srv-4:80,260.827
prequal,127,srv-4:80,261.048
prequal,127,srv-4:80,245.394
prequal,127,srv-4:80,254.280
prequal,127,srv-4:80,268.781
prequal,127,srv-4:80,263.582
prequal,127,srv-4:80,218.370
prequal,127,srv-4:80,214.140
prequal,127,srv-4:80,262.420
prequal,127,srv-4:80,260.594
prequal,127,srv-4:80,263.467
prequal,127,srv-4:80,243.794
prequal,127,srv-4:80,240.826
prequal,127,srv-4:80,278.748
prequal,127,srv-4:80,266.278
prequal,127,srv-4:80,264.188
prequal,127,srv-4:80,256.473
prequal,127,srv-4:80,250.446
prequal,127,srv-4:80,253.600
prequal,127,srv-4:80,234.850
prequal,127,srv-4:80,243.026
prequal,127,srv-4:80,252.036
prequal,127,srv-4:80,260.879
prequal,127,srv-4:80,268.477
prequal,127,srv-4:80,244.892
prequal,127,srv-4:80,229.298
prequal,127,srv-4:80,140.336
prequal,127,srv-5:80,194.011
prequal,127,srv-5:80,199.024
prequal,127,srv-5:80,214.527
prequal,127,srv-5:80,217.457
prequal,127,srv-5:80,208.866
prequal,127,srv-5:80,195.514
prequal,127,srv-5:80,197.451
prequal,127,srv-5:80,183.643
prequal,127,srv-5:80,135.386
prequal,127,srv-5:80,156.427
prequal,127,srv-5:80,217.638
prequal,127,srv-5:80,224.853
prequal,127,srv-5:80,219.164
prequal,127,srv-5:80,215.263
prequal,127,srv-5:80,181.632
prequal,127,srv-5:80,173.570
prequal,127,srv-5:80,193.313
prequal,127,srv-5:80,209.610
prequal,127,srv-5:80,211.603
prequal,127,srv-5:80,216.882
prequal,127,srv-5:80,206.227
prequal,127,srv-5:80,208.482
prequal,127,srv-5:80,198.362
prequal,127,srv-5:80,195.219
prequal,127,srv-5:80,208.149
prequal,127,srv-5:80,224.031
prequal,127,srv-5:80,207.675
prequal,127,srv-5:80,212.581
prequal,127,srv-5:80,215.617
prequal,127,srv-5:80,218.194
prequal,127,srv-5:80,182.656
prequal,127,srv-5:80,190.806
prequal,127,srv-5:80,213.677
prequal,127,srv-5:80,209.073
prequal,127,srv-5:80,195.605
prequal,127,srv-5:80,205.461
prequal,127,srv-5:80,213.258
prequal,127,srv-5:80,207.057
prequal,127,srv-5:80,194.324
prequal,127,srv-5:80,180.380
prequal,127,srv-5:80,172.460
prequal,127,srv-5:80,189.819
prequal,127,srv-5:80,202.907
prequal,127,srv-5:80,209.830
prequal,127,srv-5:80,212.755
prequal,127,srv-5:80,224.278
prequal,127,srv-5:80,207.213
prequal,127,srv-5:80,186.156
prequal,127,srv-5:80,199.106
prequal,127,srv-5:80,206.424
prequal,127,srv-5:80,216.421
prequal,127,srv-5:80,201.199
prequal,127,srv-5:80,202.720
prequal,127,srv-5:80,206.666
prequal,127,srv-5:80,192.785
prequal,127,srv-5:80,197.158
prequal,127,srv-5:80,169.624
prequal,127,srv-5:80,132.524
prequal,127,srv-5:80,176.009
prequal,127,srv-5:80,103.969
prequal,127,srv-6:80,120.810
prequal,127,srv-6:80,177.402
prequal,127,srv-6:80,189.906
prequal,127,srv-6:80,174.333
prequal,127,srv-6:80,202.319
prequal,127,srv-6:80,224.143
prequal,127,srv-6:80,189.044
prequal,127,srv-6:80,184.835
prequal,127,srv-6:80,216.724
prequal,127,srv-6:80,210.496
prequal,127,srv-6:80,217.745
prequal,127,srv-6:80,205.196
prequal,127,srv-6:80,190.529
prequal,127,srv-6:80,173.606
prequal,127,srv-6:80,186.286
prequal,127,srv-6:80,195.577
prequal,127,srv-6:80,219.530
prequal,127,srv-6:80,215.210
prequal,127,srv-6:80,204.411
prequal,127,srv-6:80,203.469
prequal,127,srv-6:80,230.491
prequal,127,srv-6:80,207.153
prequal,127,srv-6:80,196.192
prequal,127,srv-6:80,205.473
prequal,127,srv-6:80,212.624
prequal,127,srv-6:80,154.379
prequal,127,srv-6:80,136.225
prequal,127,srv-6:80,181.610
prequal,127,srv-6:80,178.230
prequal,127,srv-6:80,174.738
prequal,127,srv-6:80,198.085
prequal,127,srv-6:80,201.255
prequal,127,srv-6:80,192.617
prequal,127,srv-6:80,207.866
prequal,127,srv-6:80,223.989
prequal,127,srv-6:80,217.797
prequal,127,srv-6:80,211.796
prequal,127,srv-6:80,186.756
prequal,127,srv-6:80,181.661
prequal,127,srv-6:80,201.516
prequal,127,srv-6:80,210.668
prequal,127,srv-6:80,213.716
prequal,127,srv-6:80,211.429
prequal,127,srv-6:80,207.812
prequal,127,srv-6:80,176.243
prequal,127,srv-6:80,161.131
prequal,127,srv-6:80,189.192
prequal,127,srv-6:80,190.322
prequal,127,srv-6:80,189.038
prequal,127,srv-6:80,217.088
prequal,127,srv-6:80,209.810
prequal,127,srv-6:80,186.754
prequal,127,srv-6:80,171.732
prequal,127,srv-6:80,199.521
prequal,127,srv-6:80,203.867
prequal,127,srv-6:80,209.619
prequal,127,srv-6:80,181.645
prequal,127,srv-6:80,168.996
prequal,127,srv-6:80,189.568
prequal,127,srv-6:80,160.528
prequal,127,srv-7:80,128.776
prequal,127,srv-7:80,111.171
prequal,127,srv-7:80,125.762
prequal,127,srv-7:80,119.254
prequal,127,srv-7:80,129.835
prequal,127,srv-7:80,153.800
prequal,127,srv-7:80,149.555
prequal,127,srv-7:80,129.266
prequal,127,srv-7:80,129.740
prequal,127,srv-7:80,115.206
prequal,127,srv-7:80,124.322
prequal,127,srv-7:80,135.056
prequal,127,srv-7:80,141.397
prequal,127,srv-7:80,150.435
prequal,127,srv-7:80,147.338
prequal,127,srv-7:80,150.187
prequal,127,srv-7:80,146.097
prequal,127,srv-7:80,127.752
prequal,127,srv-7:80,105.456
prequal,127,srv-7:80,104.164
prequal,127,srv-7:80,131.038
prequal,127,srv-7:80,146.518
prequal,127,srv-7:80,113.328
prequal,127,srv-7:80,109.692
prequal,127,srv-7:80,128.434
prequal,127,srv-7:80,134.047
prequal,127,srv-7:80,136.847
prequal,127,srv-7:80,115.302
prequal,127,srv-7:80,112.521
prequal,127,srv-7:80,111.868
prequal,127,srv-7:80,113.977
prequal,127,srv-7:80,143.104
prequal,127,srv-7:80,133.451
prequal,127,srv-7:80,130.114
prequal,127,srv-7:80,116.099
prequal,127,srv-7:80,129.376
prequal,127,srv-7:80,139.008
prequal,127,srv-7:80,134.911
prequal,127,srv-7:80,135.201
prequal,127,srv-7:80,135.483
prequal,127,srv-7:80,126.784
prequal,127,srv-7:80,112.683
prequal,127,srv-7:80,107.589
prequal,127,srv-7:80,148.470
prequal,127,srv-7:80,144.042
prequal,127,srv-7:80,143.995
prequal,127,srv-7:80,146.308
prequal,127,srv-7:80,149.674
prequal,127,srv-7:80,144.845
prequal,127,srv-7:80,144.365
prequal,127,srv-7:80,136.350
prequal,127,srv-7:80,147.494
prequal,127,srv-7:80,150.979
prequal,127,srv-7:80,138.241
prequal,127,srv-7:80,130.848
prequal,127,srv-7:80,91.899
prequal,127,srv-7:80,103.911
prequal,127,srv-7:80,135.635
prequal,127,srv-7:80,129.153
prequal,127,srv-7:80,60.398
prequal,127,srv-8:80,122.191
prequal,127,srv-8:80,139.030
prequal,127,srv-8:80,135.110
prequal,127,srv-8:80,128.134
prequal,127,srv-8:80,125.933
prequal,127,srv-8:80,127.881
prequal,127,srv-8:80,110.926
prequal,127,srv-8:80,121.894
prequal,127,srv-8:80,143.634
prequal,127,srv-8:80,123.489
prequal,127,srv-8:80,86.992
prequal,127,srv-8:80,100.574
prequal,127,srv-8:80,117.373
prequal,127,srv-8:80,113.901
prequal,127,srv-8:80,124.516
prequal,127,srv-8:80,137.968
prequal,127,srv-8:80,100.254
prequal,127,srv-8:80,112.964
prequal,127,srv-8:80,153.440
prequal,127,srv-8:80,148.361
prequal,127,srv-8:80,114.551
prequal,127,srv-8:80,123.363
prequal,127,srv-8:80,146.832
prequal,127,srv-8:80,140.278
prequal,127,srv-8:80,123.620
prequal,127,srv-8:80,145.778
prequal,127,srv-8:80,140.195
prequal,127,srv-8:80,134.523
prequal,127,srv-8:80,141.574
prequal,127,srv-8:80,145.672
prequal,127,srv-8:80,117.752
prequal,127,srv-8:80,80.644
prequal,127,srv-8:80,80.182
prequal,127,srv-8:80,121.910
prequal,127,srv-8:80,105.265
prequal,127,srv-8:80,86.201
prequal,127,srv-8:80,105.514
prequal,127,srv-8:80,140.525
prequal,127,srv-8:80,141.358
prequal,127,srv-8:80,136.347
prequal,127,srv-8:80,151.308
prequal,127,srv-8:80,149.926
prequal,127,srv-8:80,134.727
prequal,127,srv-8:80,148.828
prequal,127,srv-8:80,148.932
prequal,127,srv-8:80,129.404
prequal,127,srv-8:80,124.325
prequal,127,srv-8:80,115.193
prequal,127,srv-8:80,128.583
prequal,127,srv-8:80,150.720
prequal,127,srv-8:80,136.098
prequal,127,srv-8:80,132.943
prequal,127,srv-8:80,145.304
prequal,127,srv-8:80,113.545
prequal,127,srv-8:80,115.014
prequal,127,srv-8:80,135.050
prequal,127,srv-8:80,148.266
prequal,127,srv-8:80,142.764
prequal,127,srv-8:80,142.400
prequal,127,srv-8:80,61.281
prequal,127,srv-9:80,69.159
prequal,127,srv-9:80,97.650
prequal,127,srv-9:80,89.220
prequal,127,srv-9:80,85.714
prequal,127,srv-9:80,85.846
prequal,127,srv-9:80,70.715
prequal,127,srv-9:80,82.068
prequal,127,srv-9:80,93.402
prequal,127,srv-9:80,101.058
prequal,127,srv-9:80,112.489
prequal,127,srv-9:80,106.414
prequal,127,srv-9:80,102.477
prequal,127,srv-9:80,90.882
prequal,127,srv-9:80,72.344
prequal,127,srv-9:80,78.943
prequal,127,srv-9:80,101.285
prequal,127,srv-9:80,100.440
prequal,127,srv-9:80,91.002
prequal,127,srv-9:80,84.479
prequal,127,srv-9:80,65.736
prequal,127,srv-9:80,77.774
prequal,127,srv-9:80,86.275
prequal,127,srv-9:80,87.339
prequal,127,srv-9:80,108.066
prequal,127,srv-9:80,71.310
prequal,127,srv-9:80,54.318
prequal,127,srv-9:80,76.134
prequal,127,srv-9:80,69.887
prequal,127,srv-9:80,82.154
prequal,127,srv-9:80,88.824
prequal,127,srv-9:80,95.720
prequal,127,srv-9:80,85.801
prequal,127,srv-9:80,65.680
prequal,127,srv-9:80,64.801
prequal,127,srv-9:80,83.003
prequal,127,srv-9:80,104.491
prequal,127,srv-9:80,77.935
prequal,127,srv-9:80,74.173
prequal,127,srv-9:80,79.710
prequal,127,srv-9:80,69.912
prequal,127,srv-9:80,76.623
prequal,127,srv-9:80,74.529
prequal,127,srv-9:80,74.647
prequal,127,srv-9:80,81.736
prequal,127,srv-9:80,76.678
prequal,127,srv-9:80,63.248
prequal,127,srv-9:80,80.070
prequal,127,srv-9:80,94.215
prequal,127,srv-9:80,100.087
prequal,127,srv-9:80,96.265
prequal,127,srv-9:80,94.163
prequal,127,srv-9:80,95.928
prequal,127,srv-9:80,93.971
prequal,127,srv-9:80,101.456
prequal,127,srv-9:80,104.326
prequal,127,srv-9:80,100.695
prequal,127,srv-9:80,91.044
prequal,127,srv-9:80,87.767
prequal,127,srv-9:80,67.299
prequal,127,srv-9:80,25.780
prequal,141,srv-10:80,89.034
prequal,141,srv-10:80,75.408
prequal,141,srv-10:80,92.703
prequal,141,srv-10:80,98.359
prequal,141,srv-10:80,83.866
prequal,141,srv-10:80,85.607
prequal,141,srv-10:80,102.278
prequal,141,srv-10:80,101.757
prequal,141,srv-10:80,73.579
prequal,141,srv-10:80,80.943
prequal,141,srv-10:80,99.156
prequal,141,srv-10:80,96.250
prequal,141,srv-10:80,102.982
prequal,141,srv-10:80,95.886
prequal,141,srv-10:80,85.273
prequal,141,srv-10:80,90.362
prequal,141,srv-10:80,86.899
prequal,141,srv-10:80,92.099
prequal,141,srv-10:80,103.018
prequal,141,srv-10:80,107.704
prequal,141,srv-10:80,110.867
prequal,141,srv-10:80,106.212
prequal,141,srv-10:80,92.198
prequal,141,srv-10:80,93.692
prequal,141,srv-10:80,103.448
prequal,141,srv-10:80,106.415
prequal,141,srv-10:80,110.136
prequal,141,srv-10:80,101.902
prequal,141,srv-10:80,102.611
prequal,141,srv-10:80,99.060
prequal,141,srv-10:80,79.639
prequal,141,srv-10:80,75.511
prequal,141,srv-10:80,92.651
prequal,141,srv-10:80,95.121
prequal,141,srv-10:80,91.014
prequal,141,srv-10:80,97.056
prequal,141,srv-10:80,97.902
prequal,141,srv-10:80,101.148
prequal,141,srv-10:80,94.602
prequal,141,srv-10:80,86.202
prequal,141,srv-10:80,81.187
prequal,141,srv-10:80,82.098
prequal,141,srv-10:80,99.020
prequal,141,srv-10:80,110.684
prequal,141,srv-10:80,114.683
prequal,141,srv-10:80,89.818
prequal,141,srv-10:80,78.886
prequal,141,srv-10:80,100.698
prequal,141,srv-10:80,104.323
prequal,141,srv-10:80,104.126
prequal,141,srv-10:80,108.651
prequal,141,srv-10:80,85.183
prequal,141,srv-10:80,86.469
prequal,141,srv-10:80,90.221
prequal,141,srv-10:80,75.469
prequal,141,srv-10:80,80.019
prequal,141,srv-10:80,92.942
prequal,141,srv-10:80,96.098
prequal,141,srv-10:80,89.162
prequal,141,srv-10:80,48.040
prequal,141,srv-10:80,0.030
prequal,141,srv-1:80,284.556
prequal,141,srv-1:80,282.633
prequal,141,srv-1:80,283.524
prequal,141,srv-1:80,287.764
prequal,141,srv-1:80,286.626
prequal,141,srv-1:80,286.663
prequal,141,srv-1:80,268.476
prequal,141,srv-1:80,259.119
prequal,141,srv-1:80,281.243
prequal,141,srv-1:80,281.870
prequal,141,srv-1:80,272.760
prequal,141,srv-1:80,282.625
prequal,141,srv-1:80,290.355
prequal,141,srv-1:80,291.427
prequal,141,srv-1:80,272.117
prequal,141,srv-1:80,269.852
prequal,141,srv-1:80,296.225
prequal,141,srv-1:80,291.232
prequal,141,srv-1:80,290.775
prequal,141,srv-1:80,302.400
prequal,141,srv-1:80,278.304
prequal,141,srv-1:80,275.590
prequal,141,srv-1:80,281.776
prequal,141,srv-1:80,292.294
prequal,141,srv-1:80,293.087
prequal,141,srv-1:80,268.706
prequal,141,srv-1:80,281.997
prequal,141,srv-1:80,260.447
prequal,141,srv-1:80,258.631
prequal,141,srv-1:80,291.413
prequal,141,srv-1:80,275.788
prequal,141,srv-1:80,271.525
prequal,141,srv-1:80,274.810
prequal,141,srv-1:80,274.364
prequal,141,srv-1:80,284.163
prequal,141,srv-1:80,283.177
prequal,141,srv-1:80,288.591
prequal,141,srv-1:80,277.768
prequal,141,srv-1:80,273.590
prequal,141,srv-1:80,298.795
prequal,141,srv-1:80,296.341
prequal,141,srv-1:80,263.163
prequal,141,srv-1:80,253.818
prequal,141,srv-1:80,275.529
prequal,141,srv-1:80,288.480
prequal,141,srv-1:80,280.018
prequal,141,srv-1:80,280.464
prequal,141,srv-1:80,278.607
prequal,141,srv-1:80,275.466
prequal,141,srv-1:80,273.581
prequal,141,srv-1:80,283.860
prequal,141,srv-1:80,289.422
prequal,141,srv-1:80,281.258
prequal,141,srv-1:80,274.400
prequal,141,srv-1:80,271.092
prequal,141,srv-1:80,263.481
prequal,141,srv-1:80,271.216
prequal,141,srv-1:80,292.523
prequal,141,srv-1:80,259.129
prequal,141,srv-1:80,115.407
prequal,141,srv-1:80,0.037
prequal,141,srv-2:80,273.369
prequal,141,srv-2:80,295.479
prequal,141,srv-2:80,288.922
prequal,141,srv-2:80,280.148
prequal,141,srv-2:80,280.261
prequal,141,srv-2:80,273.193
prequal,141,srv-2:80,230.976
prequal,141,srv-2:80,239.453
prequal,141,srv-2:80,280.721
prequal,141,srv-2:80,270.612
prequal,141,srv-2:80,246.969
prequal,141,srv-2:80,259.070
prequal,141,srv-2:80,279.196
prequal,141,srv-2:80,280.127
prequal,141,srv-2:80,287.826
prequal,141,srv-2:80,289.262
prequal,141,srv-2:80,276.235
prequal,141,srv-2:80,276.180
prequal,141,srv-2:80,256.369
prequal,141,srv-2:80,253.405
prequal,141,srv-2:80,281.532
prequal,141,srv-2:80,271.411
prequal,141,srv-2:80,277.351
prequal,141,srv-2:80,286.804
prequal,141,srv-2:80,288.208
prequal,141,srv-2:80,283.852
prequal,141,srv-2:80,274.818
prequal,141,srv-2:80,283.324
prequal,141,srv-2:80,286.915
prequal,141,srv-2:80,271.737
prequal,141,srv-2:80,276.998
prequal,141,srv-2:80,290.333
prequal,141,srv-2:80,290.473
prequal,141,srv-2:80,284.906
prequal,141,srv-2:80,275.388
prequal,141,srv-2:80,259.081
prequal,141,srv-2:80,264.241
prequal,141,srv-2:80,265.600
prequal,141,srv-2:80,271.672
prequal,141,srv-2:80,279.209
prequal,141,srv-2:80,269.343
prequal,141,srv-2:80,273.994
prequal,141,srv-2:80,288.387
prequal,141,srv-2:80,271.236
prequal,141,srv-2:80,261.561
prequal,141,srv-2:80,281.225
prequal,141,srv-2:80,280.003
prequal,141,srv-2:80,264.011
prequal,141,srv-2:80,277.088
prequal,141,srv-2:80,288.605
prequal,141,srv-2:80,284.529
prequal,141,srv-2:80,279.712
prequal,141,srv-2:80,284.247
prequal,141,srv-2:80,275.196
prequal,141,srv-2:80,263.937
prequal,141,srv-2:80,255.310
prequal,141,srv-2:80,271.697
prequal,141,srv-2:80,276.905
prequal,141,srv-2:80,232.018
prequal,141,srv-2:80,109.556
prequal,141,srv-2:80,0.034
prequal,141,srv-3:80,242.599
prequal,141,srv-3:80,294.329
prequal,141,srv-3:80,278.728
prequal,141,srv-3:80,267.110
prequal,141,srv-3:80,279.749
prequal,141,srv-3:80,289.048
prequal,141,srv-3:80,285.812
prequal,141,srv-3:80,289.293
prequal,141,srv-3:80,284.389
prequal,141,srv-3:80,263.348
prequal,141,srv-3:80,284.030
prequal,141,srv-3:80,285.188
prequal,141,srv-3:80,257.138
prequal,141,srv-3:80,234.795
prequal,141,srv-3:80,253.173
prequal,141,srv-3:80,290.953
prequal,141,srv-3:80,281.214
prequal,141,srv-3:80,278.098
prequal,141,srv-3:80,292.108
prequal,141,srv-3:80,286.757
prequal,141,srv-3:80,277.149
prequal,141,srv-3:80,279.274
prequal,141,srv-3:80,291.539
prequal,141,srv-3:80,248.988
prequal,141,srv-3:80,244.896
prequal,141,srv-3:80,285.613
prequal,141,srv-3:80,284.549
prequal,141,srv-3:80,275.534
prequal,141,srv-3:80,269.743
prequal,141,srv-3:80,266.959
prequal,141,srv-3:80,279.395
prequal,141,srv-3:80,278.499
prequal,141,srv-3:80,275.564
prequal,141,srv-3:80,271.141
prequal,141,srv-3:80,264.808
prequal,141,srv-3:80,279.800
prequal,141,srv-3:80,291.214
prequal,141,srv-3:80,259.871
prequal,141,srv-3:80,254.615
prequal,141,srv-3:80,289.000
prequal,141,srv-3:80,265.954
prequal,141,srv-3:80,267.392
prequal,141,srv-3:80,262.878
prequal,141,srv-3:80,266.844
prequal,141,srv-3:80,289.115
prequal,141,srv-3:80,272.741
prequal,141,srv-3:80,266.360
prequal,141,srv-3:80,280.095
prequal,141,srv-3:80,288.323
prequal,141,srv-3:80,286.116
prequal,141,srv-3:80,283.567
prequal,141,srv-3:80,283.843
prequal,141,srv-3:80,284.403
prequal,141,srv-3:80,274.416
prequal,141,srv-3:80,270.996
prequal,141,srv-3:80,269.261
prequal,141,srv-3:80,256.727
prequal,141,srv-3:80,253.084
prequal,141,srv-3:80,266.496
prequal,141,srv-3:80,196.183
prequal,141,srv-3:80,54.900
prequal,141,srv-4:80,287.937
prequal,141,srv-4:80,290.291
prequal,141,srv-4:80,278.577
prequal,141,srv-4:80,265.316
prequal,141,srv-4:80,261.745
prequal,141,srv-4:80,267.782
prequal,141,srv-4:80,283.090
prequal,141,srv-4:80,293.412
prequal,141,srv-4:80,275.038
prequal,141,srv-4:80,270.213
prequal,141,srv-4:80,298.722
prequal,141,srv-4:80,300.045
prequal,141,srv-4:80,302.090
prequal,141,srv-4:80,300.292
prequal,141,srv-4:80,275.198
prequal,141,srv-4:80,264.941
prequal,141,srv-4:80,292.962
prequal,141,srv-4:80,303.651
prequal,141,srv-4:80,268.722
prequal,141,srv-4:80,260.668
prequal,141,srv-4:80,261.102
prequal,141,srv-4:80,262.485
prequal,141,srv-4:80,279.310
prequal,141,srv-4:80,283.880
prequal,141,srv-4:80,277.870
prequal,141,srv-4:80,278.975
prequal,141,srv-4:80,273.054
prequal,141,srv-4:80,263.320
prequal,141,srv-4:80,260.501
prequal,141,srv-4:80,259.426
prequal,141,srv-4:80,279.739
prequal,141,srv-4:80,275.105
prequal,141,srv-4:80,274.067
prequal,141,srv-4:80,290.162
prequal,141,srv-4:80,291.169
prequal,141,srv-4:80,290.375
prequal,141,srv-4:80,289.466
prequal,141,srv-4:80,287.149
prequal,141,srv-4:80,287.436
prequal,141,srv-4:80,288.802
prequal,141,srv-4:80,289.089
prequal,141,srv-4:80,274.334
prequal,141,srv-4:80,287.571
prequal,141,srv-4:80,282.344
prequal,141,srv-4:80,264.478
prequal,141,srv-4:80,272.121
prequal,141,srv-4:80,281.692
prequal,141,srv-4:80,288.931
prequal,141,srv-4:80,284.778
prequal,141,srv-4:80,283.789
prequal,141,srv-4:80,285.141
prequal,141,srv-4:80,284.259
prequal,141,srv-4:80,291.894
prequal,141,srv-4:80,285.920
prequal,141,srv-4:80,274.530
prequal,141,srv-4:80,277.459
prequal,141,srv-4:80,273.594
prequal,141,srv-4:80,283.429
prequal,141,srv-4:80,246.912
prequal,141,srv-4:80,100.829
prequal,141,srv-4:80,0.040
prequal,141,srv-5:80,209.482
prequal,141,srv-5:80,214.645
prequal,141,srv-5:80,205.374
prequal,141,srv-5:80,218.990
prequal,141,srv-5:80,231.668
prequal,141,srv-5:80,223.969
prequal,141,srv-5:80,227.152
prequal,141,srv-5:80,214.212
prequal,141,srv-5:80,229.915
prequal,141,srv-5:80,226.032
prequal,141,srv-5:80,216.445
prequal,141,srv-5:80,216.853
prequal,141,srv-5:80,229.745
prequal,141,srv-5:80,224.879
prequal,141,srv-5:80,227.943
prequal,141,srv-5:80,229.960
prequal,141,srv-5:80,193.255
prequal,141,srv-5:80,194.974
prequal,141,srv-5:80,216.473
prequal,141,srv-5:80,217.684
prequal,141,srv-5:80,202.515
prequal,141,srv-5:80,212.569
prequal,141,srv-5:80,231.736
prequal,141,srv-5:80,214.974
prequal,141,srv-5:80,205.154
prequal,141,srv-5:80,213.769
prequal,141,srv-5:80,204.328
prequal,141,srv-5:80,206.249
prequal,141,srv-5:80,191.901
prequal,141,srv-5:80,211.620
prequal,141,srv-5:80,213.278
prequal,141,srv-5:80,201.985
prequal,141,srv-5:80,213.142
prequal,141,srv-5:80,216.739
prequal,141,srv-5:80,215.896
prequal,141,srv-5:80,209.566
prequal,141,srv-5:80,202.506
prequal,141,srv-5:80,226.714
prequal,141,srv-5:80,210.438
prequal,141,srv-5:80,214.939
prequal,141,srv-5:80,223.694
prequal,141,srv-5:80,230.469
prequal,141,srv-5:80,228.466
prequal,141,srv-5:80,224.679
prequal,141,srv-5:80,204.591
prequal,141,srv-5:80,220.844
prequal,141,srv-5:80,216.555
prequal,141,srv-5:80,220.769
prequal,141,srv-5:80,226.520
prequal,141,srv-5:80,226.572
prequal,141,srv-5:80,233.069
prequal,141,srv-5:80,227.282
prequal,141,srv-5:80,220.505
prequal,141,srv-5:80,219.866
prequal,141,srv-5:80,225.676
prequal,141,srv-5:80,224.188
prequal,141,srv-5:80,226.278
prequal,141,srv-5:80,216.298
prequal,141,srv-5:80,187.781
prequal,141,srv-5:80,60.454
prequal,141,srv-5:80,0.051
prequal,141,srv-6:80,192.388
prequal,141,srv-6:80,195.302
prequal,141,srv-6:80,216.154
prequal,141,srv-6:80,218.615
prequal,141,srv-6:80,210.464
prequal,141,srv-6:80,230.253
prequal,141,srv-6:80,248.520
prequal,141,srv-6:80,245.948
prequal,141,srv-6:80,221.516
prequal,141,srv-6:80,212.133
prequal,141,srv-6:80,213.187
prequal,141,srv-6:80,205.841
prequal,141,srv-6:80,210.616
prequal,141,srv-6:80,224.273
prequal,141,srv-6:80,236.112
prequal,141,srv-6:80,222.302
prequal,141,srv-6:80,205.091
prequal,141,srv-6:80,206.114
prequal,141,srv-6:80,220.768
prequal,141,srv-6:80,207.799
prequal,141,srv-6:80,216.743
prequal,141,srv-6:80,215.530
prequal,141,srv-6:80,226.223
prequal,141,srv-6:80,229.497
prequal,141,srv-6:80,240.125
prequal,141,srv-6:80,229.651
prequal,141,srv-6:80,224.295
prequal,141,srv-6:80,220.192
prequal,141,srv-6:80,230.841
prequal,141,srv-6:80,223.261
prequal,141,srv-6:80,226.286
prequal,141,srv-6:80,222.507
prequal,141,srv-6:80,228.591
prequal,141,srv-6:80,210.725
prequal,141,srv-6:80,217.083
prequal,141,srv-6:80,230.427
prequal,141,srv-6:80,233.642
prequal,141,srv-6:80,223.708
prequal,141,srv-6:80,219.664
prequal,141,srv-6:80,202.752
prequal,141,srv-6:80,222.782
prequal,141,srv-6:80,233.091
prequal,141,srv-6:80,208.947
prequal,141,srv-6:80,175.456
prequal,141,srv-6:80,189.961
prequal,141,srv-6:80,225.958
prequal,141,srv-6:80,237.479
prequal,141,srv-6:80,237.464
prequal,141,srv-6:80,237.247
prequal,141,srv-6:80,222.628
prequal,141,srv-6:80,215.025
prequal,141,srv-6:80,209.462
prequal,141,srv-6:80,212.390
prequal,141,srv-6:80,238.515
prequal,141,srv-6:80,227.039
prequal,141,srv-6:80,237.513
prequal,141,srv-6:80,229.110
prequal,141,srv-6:80,223.110
prequal,141,srv-6:80,236.613
prequal,141,srv-6:80,145.314
prequal,141,srv-6:80,3.107
prequal,141,srv-7:80,140.297
prequal,141,srv-7:80,134.661
prequal,141,srv-7:80,148.582
prequal,141,srv-7:80,131.659
prequal,141,srv-7:80,143.625
prequal,141,srv-7:80,148.020
prequal,141,srv-7:80,152.927
prequal,141,srv-7:80,155.971
prequal,141,srv-7:80,164.688
prequal,141,srv-7:80,147.625
prequal,141,srv-7:80,151.951
prequal,141,srv-7:80,165.915
prequal,141,srv-7:80,163.194
prequal,141,srv-7:80,143.484
prequal,141,srv-7:80,140.697
prequal,141,srv-7:80,145.183
prequal,141,srv-7:80,160.779
prequal,141,srv-7:80,146.485
prequal,141,srv-7:80,150.001
prequal,141,srv-7:80,161.631
prequal,141,srv-7:80,164.886
prequal,141,srv-7:80,155.303
prequal,141,srv-7:80,153.356
prequal,141,srv-7:80,157.933
prequal,141,srv-7:80,147.052
prequal,141,srv-7:80,135.009
prequal,141,srv-7:80,149.306
prequal,141,srv-7:80,152.520
prequal,141,srv-7:80,151.324
prequal,141,srv-7:80,139.894
prequal,141,srv-7:80,146.702
prequal,141,srv-7:80,152.749
prequal,141,srv-7:80,152.019
prequal,141,srv-7:80,156.132
prequal,141,srv-7:80,155.723
prequal,141,srv-7:80,152.364
prequal,141,srv-7:80,151.589
prequal,141,srv-7:80,167.139
prequal,141,srv-7:80,162.717
prequal,141,srv-7:80,153.067
prequal,141,srv-7:80,131.823
prequal,141,srv-7:80,141.740
prequal,141,srv-7:80,135.855
prequal,141,srv-7:80,143.901
prequal,141,srv-7:80,147.585
prequal,141,srv-7:80,122.788
prequal,141,srv-7:80,128.927
prequal,141,srv-7:80,143.531
prequal,141,srv-7:80,127.125
prequal,141,srv-7:80,147.555
prequal,141,srv-7:80,138.642
prequal,141,srv-7:80,137.150
prequal,141,srv-7:80,110.368
prequal,141,srv-7:80,134.165
prequal,141,srv-7:80,162.613
prequal,141,srv-7:80,156.943
prequal,141,srv-7:80,150.105
prequal,141,srv-7:80,145.654
prequal,141,srv-7:80,112.420
prequal,141,srv-7:80,20.813
prequal,141,srv-7:80,0.061
prequal,141,srv-8:80,164.303
prequal,141,srv-8:80,154.879
prequal,141,srv-8:80,159.128
prequal,141,srv-8:80,159.848
prequal,141,srv-8:80,152.999
prequal,141,srv-8:80,146.445
prequal,141,srv-8:80,162.474
prequal,141,srv-8:80,151.182
prequal,141,srv-8:80,156.921
prequal,141,srv-8:80,165.401
prequal,141,srv-8:80,158.095
prequal,141,srv-8:80,140.330
prequal,141,srv-8:80,126.023
prequal,141,srv-8:80,137.477
prequal,141,srv-8:80,137.762
prequal,141,srv-8:80,144.792
prequal,141,srv-8:80,148.934
prequal,141,srv-8:80,151.262
prequal,141,srv-8:80,152.518
prequal,141,srv-8:80,132.714
prequal,141,srv-8:80,149.674
prequal,141,srv-8:80,157.921
prequal,141,srv-8:80,157.386
prequal,141,srv-8:80,159.349
prequal,141,srv-8:80,153.583
prequal,141,srv-8:80,161.241
prequal,141,srv-8:80,154.121
prequal,141,srv-8:80,162.286
prequal,141,srv-8:80,143.468
prequal,141,srv-8:80,143.627
prequal,141,srv-8:80,149.837
prequal,141,srv-8:80,148.414
prequal,141,srv-8:80,130.409
prequal,141,srv-8:80,141.467
prequal,141,srv-8:80,145.938
prequal,141,srv-8:80,137.019
prequal,141,srv-8:80,120.880
prequal,141,srv-8:80,144.166
prequal,141,srv-8:80,166.318
prequal,141,srv-8:80,171.147
prequal,141,srv-8:80,171.128
prequal,141,srv-8:80,171.495
prequal,141,srv-8:80,153.069
prequal,141,srv-8:80,155.023
prequal,141,srv-8:80,162.223
prequal,141,srv-8:80,168.004
prequal,141,srv-8:80,165.613
prequal,141,srv-8:80,153.379
prequal,141,srv-8:80,140.343
prequal,141,srv-8:80,143.919
prequal,141,srv-8:80,139.652
prequal,141,srv-8:80,150.881
prequal,141,srv-8:80,154.997
prequal,141,srv-8:80,145.729
prequal,141,srv-8:80,150.107
prequal,141,srv-8:80,151.707
prequal,141,srv-8:80,146.051
prequal,141,srv-8:80,160.281
prequal,141,srv-8:80,140.743
prequal,141,srv-8:80,27.471
prequal,141,srv-8:80,0.044
prequal,141,srv-9:80,100.352
prequal,141,srv-9:80,90.749
prequal,141,srv-9:80,96.260
prequal,141,srv-9:80,94.999
prequal,141,srv-9:80,92.360
prequal,141,srv-9:80,88.014
prequal,141,srv-9:80,86.214
prequal,141,srv-9:80,101.804
prequal,141,srv-9:80,102.563
prequal,141,srv-9:80,106.640
prequal,141,srv-9:80,97.668
prequal,141,srv-9:80,89.388
prequal,141,srv-9:80,90.361
prequal,141,srv-9:80,87.257
prequal,141,srv-9:80,83.926
prequal,141,srv-9:80,81.909
prequal,141,srv-9:80,93.854
prequal,141,srv-9:80,85.021
prequal,141,srv-9:80,80.622
prequal,141,srv-9:80,99.086
prequal,141,srv-9:80,101.725
prequal,141,srv-9:80,90.526
prequal,141,srv-9:80,80.078
prequal,141,srv-9:80,84.341
prequal,141,srv-9:80,83.027
prequal,141,srv-9:80,85.865
prequal,141,srv-9:80,104.265
prequal,141,srv-9:80,110.768
prequal,141,srv-9:80,100.466
prequal,141,srv-9:80,98.286
prequal,141,srv-9:80,112.773
prequal,141,srv-9:80,112.700
prequal,141,srv-9:80,104.019
prequal,141,srv-9:80,104.599
prequal,141,srv-9:80,84.054
prequal,141,srv-9:80,75.973
prequal,141,srv-9:80,99.224
prequal,141,srv-9:80,97.902
prequal,141,srv-9:80,95.667
prequal,141,srv-9:80,85.156
prequal,141,srv-9:80,79.773
prequal,141,srv-9:80,95.581
prequal,141,srv-9:80,105.915
prequal,141,srv-9:80,94.341
prequal,141,srv-9:80,99.354
prequal,141,srv-9:80,100.009
prequal,141,srv-9:80,73.403
prequal,141,srv-9:80,65.206
prequal,141,srv-9:80,66.983
prequal,141,srv-9:80,77.190
prequal,141,srv-9:80,98.147
prequal,141,srv-9:80,109.061
prequal,141,srv-9:80,106.832
prequal,141,srv-9:80,103.443
prequal,141,srv-9:80,101.830
prequal,141,srv-9:80,101.513
prequal,141,srv-9:80,105.482
prequal,141,srv-9:80,98.749
prequal,141,srv-9:80,69.999
prequal,141,srv-9:80,27.099
prequal,141,srv-9:80,0.055
prequal,157,srv-10:80,116.530
prequal,157,srv-10:80,114.594
prequal,157,srv-10:80,119.570
prequal,157,srv-10:80,114.524
prequal,157,srv-10:80,106.325
prequal,157,srv-10:80,103.494
prequal,157,srv-10:80,97.984
prequal,157,srv-10:80,112.651
prequal,157,srv-10:80,125.359
prequal,157,srv-10:80,123.249
prequal,157,srv-10:80,121.084
prequal,157,srv-10:80,122.692
prequal,157,srv-10:80,128.091
prequal,157,srv-10:80,117.874
prequal,157,srv-10:80,112.789
prequal,157,srv-10:80,114.654
prequal,157,srv-10:80,100.154
prequal,157,srv-10:80,89.974
prequal,157,srv-10:80,107.161
prequal,157,srv-10:80,124.228
prequal,157,srv-10:80,114.769
prequal,157,srv-10:80,110.975
prequal,157,srv-10:80,99.421
prequal,157,srv-10:80,95.123
prequal,157,srv-10:80,116.547
prequal,157,srv-10:80,124.859
prequal,157,srv-10:80,111.474
prequal,157,srv-10:80,104.241
prequal,157,srv-10:80,96.319
prequal,157,srv-10:80,93.349
prequal,157,srv-10:80,110.855
prequal,157,srv-10:80,109.715
prequal,157,srv-10:80,112.116
prequal,157,srv-10:80,119.517
prequal,157,srv-10:80,116.882
prequal,157,srv-10:80,106.381
prequal,157,srv-10:80,106.932
prequal,157,srv-10:80,109.719
prequal,157,srv-10:80,103.215
prequal,157,srv-10:80,106.280
prequal,157,srv-10:80,114.826
prequal,157,srv-10:80,112.578
prequal,157,srv-10:80,107.835
prequal,157,srv-10:80,106.635
prequal,157,srv-10:80,112.448
prequal,157,srv-10:80,119.310
prequal,157,srv-10:80,110.932
prequal,157,srv-10:80,102.220
prequal,157,srv-10:80,103.251
prequal,157,srv-10:80,112.943
prequal,157,srv-10:80,123.134
prequal,157,srv-10:80,113.262
prequal,157,srv-10:80,112.622
prequal,157,srv-10:80,109.738
prequal,157,srv-10:80,107.476
prequal,157,srv-10:80,112.517
prequal,157,srv-10:80,110.802
prequal,157,srv-10:80,108.501
prequal,157,srv-10:80,97.016
prequal,157,srv-10:80,46.940
prequal,157,srv-10:80,0.038
prequal,157,srv-1:80,300.243
prequal,157,srv-1:80,309.615
prequal,157,srv-1:80,314.622
prequal,157,srv-1:80,308.477
prequal,157,srv-1:80,305.127
prequal,157,srv-1:80,310.429
prequal,157,srv-1:80,311.474
prequal,157,srv-1:80,283.898
prequal,157,srv-1:80,277.773
prequal,157,srv-1:80,296.063
prequal,157,srv-1:80,289.959
prequal,157,srv-1:80,289.935
prequal,157,srv-1:80,268.951
prequal,157,srv-1:80,279.688
prequal,157,srv-1:80,311.796
prequal,157,srv-1:80,312.824
prequal,157,srv-1:80,305.647
prequal,157,srv-1:80,306.032
prequal,157,srv-1:80,306.250
prequal,157,srv-1:80,302.665
prequal,157,srv-1:80,299.184
prequal,157,srv-1:80,302.618
prequal,157,srv-1:80,313.235
prequal,157,srv-1:80,318.265
prequal,157,srv-1:80,303.656
prequal,157,srv-1:80,297.905
prequal,157,srv-1:80,304.304
prequal,157,srv-1:80,298.196
prequal,157,srv-1:80,300.972
prequal,157,srv-1:80,307.557
prequal,157,srv-1:80,297.017
prequal,157,srv-1:80,298.600
prequal,157,srv-1:80,295.190
prequal,157,srv-1:80,290.236
prequal,157,srv-1:80,301.148
prequal,157,srv-1:80,297.205
prequal,157,srv-1:80,299.450
prequal,157,srv-1:80,305.185
prequal,157,srv-1:80,310.064
prequal,157,srv-1:80,307.364
prequal,157,srv-1:80,307.293
prequal,157,srv-1:80,308.904
prequal,157,srv-1:80,321.626
prequal,157,srv-1:80,302.241
prequal,157,srv-1:80,299.817
prequal,157,srv-1:80,309.852
prequal,157,srv-1:80,302.230
prequal,157,srv-1:80,299.492
prequal,157,srv-1:80,304.247
prequal,157,srv-1:80,304.575
prequal,157,srv-1:80,302.510
prequal,157,srv-1:80,295.307
prequal,157,srv-1:80,302.719
prequal,157,srv-1:80,317.971
prequal,157,srv-1:80,314.707
prequal,157,srv-1:80,297.848
prequal,157,srv-1:80,288.473
prequal,157,srv-1:80,299.440
prequal,157,srv-1:80,260.993
prequal,157,srv-1:80,113.899
prequal,157,srv-1:80,0.026
prequal,157,srv-2:80,287.305
prequal,157,srv-2:80,302.122
prequal,157,srv-2:80,313.977
prequal,157,srv-2:80,312.911
prequal,157,srv-2:80,299.892
prequal,157,srv-2:80,290.055
prequal,157,srv-2:80,299.433
prequal,157,srv-2:80,281.486
prequal,157,srv-2:80,270.703
prequal,157,srv-2:80,293.002
prequal,157,srv-2:80,265.946
prequal,157,srv-2:80,259.787
prequal,157,srv-2:80,286.998
prequal,157,srv-2:80,299.661
prequal,157,srv-2:80,306.201
prequal,157,srv-2:80,310.476
prequal,157,srv-2:80,319.386
prequal,157,srv-2:80,316.420
prequal,157,srv-2:80,313.704
prequal,157,srv-2:80,310.635
prequal,157,srv-2:80,312.238
prequal,157,srv-2:80,313.894
prequal,157,srv-2:80,304.008
prequal,157,srv-2:80,303.088
prequal,157,srv-2:80,305.218
prequal,157,srv-2:80,302.738
prequal,157,srv-2:80,304.130
prequal,157,srv-2:80,306.754
prequal,157,srv-2:80,302.356
prequal,157,srv-2:80,298.819
prequal,157,srv-2:80,301.878
prequal,157,srv-2:80,305.847
prequal,157,srv-2:80,308.053
prequal,157,srv-2:80,302.950
prequal,157,srv-2:80,296.279
prequal,157,srv-2:80,297.275
prequal,157,srv-2:80,311.903
prequal,157,srv-2:80,311.628
prequal,157,srv-2:80,302.986
prequal,157,srv-2:80,296.726
prequal,157,srv-2:80,287.769
prequal,157,srv-2:80,289.533
prequal,157,srv-2:80,303.812
prequal,157,srv-2:80,297.765
prequal,157,srv-2:80,298.478
prequal,157,srv-2:80,309.993
prequal,157,srv-2:80,312.981
prequal,157,srv-2:80,314.046
prequal,157,srv-2:80,313.003
prequal,157,srv-2:80,310.221
prequal,157,srv-2:80,312.396
prequal,157,srv-2:80,313.921
prequal,157,srv-2:80,317.035
prequal,157,srv-2:80,301.957
prequal,157,srv-2:80,295.252
prequal,157,srv-2:80,309.291
prequal,157,srv-2:80,317.625
prequal,157,srv-2:80,302.243
prequal,157,srv-2:80,255.930
prequal,157,srv-2:80,117.489
prequal,157,srv-2:80,0.040
prequal,157,srv-3:80,251.930
prequal,157,srv-3:80,298.582
prequal,157,srv-3:80,298.657
prequal,157,srv-3:80,296.952
prequal,157,srv-3:80,291.464
prequal,157,srv-3:80,294.065
prequal,157,srv-3:80,300.198
prequal,157,srv-3:80,293.017
prequal,157,srv-3:80,299.413
prequal,157,srv-3:80,306.054
prequal,157,srv-3:80,304.442
prequal,157,srv-3:80,293.366
prequal,157,srv-3:80,289.938
prequal,157,srv-3:80,284.421
prequal,157,srv-3:80,283.470
prequal,157,srv-3:80,296.298
prequal,157,srv-3:80,315.738
prequal,157,srv-3:80,308.183
prequal,157,srv-3:80,302.281
prequal,157,srv-3:80,317.333
prequal,157,srv-3:80,320.946
prequal,157,srv-3:80,302.229
prequal,157,srv-3:80,302.503
prequal,157,srv-3:80,302.043
prequal,157,srv-3:80,291.005
prequal,157,srv-3:80,296.817
prequal,157,srv-3:80,310.563
prequal,157,srv-3:80,304.389
prequal,157,srv-3:80,304.774
prequal,157,srv-3:80,322.055
prequal,157,srv-3:80,318.614
prequal,157,srv-3:80,306.896
prequal,157,srv-3:80,314.660
prequal,157,srv-3:80,305.478
prequal,157,srv-3:80,297.003
prequal,157,srv-3:80,306.606
prequal,157,srv-3:80,302.468
prequal,157,srv-3:80,307.828
prequal,157,srv-3:80,314.773
prequal,157,srv-3:80,289.983
prequal,157,srv-3:80,289.839
prequal,157,srv-3:80,313.115
prequal,157,srv-3:80,307.593
prequal,157,srv-3:80,309.429
prequal,157,srv-3:80,315.605
prequal,157,srv-3:80,312.764
prequal,157,srv-3:80,298.856
prequal,157,srv-3:80,288.211
prequal,157,srv-3:80,298.634
prequal,157,srv-3:80,302.216
prequal,157,srv-3:80,302.041
prequal,157,srv-3:80,300.320
prequal,157,srv-3:80,298.951
prequal,157,srv-3:80,310.618
prequal,157,srv-3:80,309.221
prequal,157,srv-3:80,306.744
prequal,157,srv-3:80,303.408
prequal,157,srv-3:80,311.802
prequal,157,srv-3:80,317.748
prequal,157,srv-3:80,206.869
prequal,157,srv-3:80,50.119
prequal,157,srv-4:80,303.748
prequal,157,srv-4:80,308.726
prequal,157,srv-4:80,309.297
prequal,157,srv-4:80,318.842
prequal,157,srv-4:80,316.877
prequal,157,srv-4:80,307.718
prequal,157,srv-4:80,305.716
prequal,157,srv-4:80,294.155
prequal,157,srv-4:80,288.020
prequal,157,srv-4:80,307.708
prequal,157,srv-4:80,300.985
prequal,157,srv-4:80,275.592
prequal,157,srv-4:80,278.980
prequal,157,srv-4:80,300.367
prequal,157,srv-4:80,293.655
prequal,157,srv-4:80,299.300
prequal,157,srv-4:80,311.329
prequal,157,srv-4:80,308.619
prequal,157,srv-4:80,300.073
prequal,157,srv-4:80,306.722
prequal,157,srv-4:80,306.560
prequal,157,srv-4:80,295.571
prequal,157,srv-4:80,292.202
prequal,157,srv-4:80,296.443
prequal,157,srv-4:80,291.518
prequal,157,srv-4:80,295.915
prequal,157,srv-4:80,301.137
prequal,157,srv-4:80,304.689
prequal,157,srv-4:80,316.508
prequal,157,srv-4:80,310.496
prequal,157,srv-4:80,297.149
prequal,157,srv-4:80,297.927
prequal,157,srv-4:80,317.173
prequal,157,srv-4:80,310.980
prequal,157,srv-4:80,298.177
prequal,157,srv-4:80,301.500
prequal,157,srv-4:80,304.959
prequal,157,srv-4:80,307.831
prequal,157,srv-4:80,314.646
prequal,157,srv-4:80,306.629
prequal,157,srv-4:80,301.981
prequal,157,srv-4:80,312.251
prequal,157,srv-4:80,314.820
prequal,157,srv-4:80,302.249
prequal,157,srv-4:80,308.507
prequal,157,srv-4:80,312.470
prequal,157,srv-4:80,314.925
prequal,157,srv-4:80,312.459
prequal,157,srv-4:80,309.597
prequal,157,srv-4:80,309.341
prequal,157,srv-4:80,308.673
prequal,157,srv-4:80,314.833
prequal,157,srv-4:80,310.878
prequal,157,srv-4:80,298.048
prequal,157,srv-4:80,291.252
prequal,157,srv-4:80,281.844
prequal,157,srv-4:80,289.174
prequal,157,srv-4:80,302.546
prequal,157,srv-4:80,249.587
prequal,157,srv-4:80,102.107
prequal,157,srv-4:80,0.040
prequal,157,srv-5:80,252.506
prequal,157,srv-5:80,246.732
prequal,157,srv-5:80,244.699
prequal,157,srv-5:80,213.028
prequal,157,srv-5:80,227.483
prequal,157,srv-5:80,250.126
prequal,157,srv-5:80,259.203
prequal,157,srv-5:80,241.640
prequal,157,srv-5:80,231.355
prequal,157,srv-5:80,234.818
prequal,157,srv-5:80,253.637
prequal,157,srv-5:80,249.207
prequal,157,srv-5:80,252.581
prequal,157,srv-5:80,233.678
prequal,157,srv-5:80,233.909
prequal,157,srv-5:80,241.755
prequal,157,srv-5:80,252.699
prequal,157,srv-5:80,241.151
prequal,157,srv-5:80,236.432
prequal,157,srv-5:80,244.717
prequal,157,srv-5:80,244.358
prequal,157,srv-5:80,236.651
prequal,157,srv-5:80,228.303
prequal,157,srv-5:80,234.698
prequal,157,srv-5:80,243.119
prequal,157,srv-5:80,239.371
prequal,157,srv-5:80,242.541
prequal,157,srv-5:80,244.244
prequal,157,srv-5:80,240.953
prequal,157,srv-5:80,238.958
prequal,157,srv-5:80,243.629
prequal,157,srv-5:80,254.430
prequal,157,srv-5:80,246.121
prequal,157,srv-5:80,253.259
prequal,157,srv-5:80,246.060
prequal,157,srv-5:80,246.016
prequal,157,srv-5:80,250.134
prequal,157,srv-5:80,258.769
prequal,157,srv-5:80,252.206
prequal,157,srv-5:80,255.213
prequal,157,srv-5:80,257.066
prequal,157,srv-5:80,259.573
prequal,157,srv-5:80,242.076
prequal,157,srv-5:80,252.225
prequal,157,srv-5:80,241.960
prequal,157,srv-5:80,236.396
prequal,157,srv-5:80,231.865
prequal,157,srv-5:80,252.249
prequal,157,srv-5:80,253.171
prequal,157,srv-5:80,258.309
prequal,157,srv-5:80,249.904
prequal,157,srv-5:80,239.906
prequal,157,srv-5:80,224.988
prequal,157,srv-5:80,227.808
prequal,157,srv-5:80,242.307
prequal,157,srv-5:80,242.136
prequal,157,srv-5:80,241.207
prequal,157,srv-5:80,239.001
prequal,157,srv-5:80,206.309
prequal,157,srv-5:80,61.757
prequal,157,srv-5:80,0.168
prequal,157,srv-6:80,248.356
prequal,157,srv-6:80,227.629
prequal,157,srv-6:80,224.189
prequal,157,srv-6:80,252.258
prequal,157,srv-6:80,256.606
prequal,157,srv-6:80,262.956
prequal,157,srv-6:80,232.261
prequal,157,srv-6:80,224.112
prequal,157,srv-6:80,229.899
prequal,157,srv-6:80,234.487
prequal,157,srv-6:80,229.875
prequal,157,srv-6:80,231.191
prequal,157,srv-6:80,241.470
prequal,157,srv-6:80,245.047
prequal,157,srv-6:80,229.289
prequal,157,srv-6:80,247.146
prequal,157,srv-6:80,225.182
prequal,157,srv-6:80,218.096
prequal,157,srv-6:80,231.534
prequal,157,srv-6:80,220.623
prequal,157,srv-6:80,233.986
prequal,157,srv-6:80,246.507
prequal,157,srv-6:80,248.484
prequal,157,srv-6:80,245.370
prequal,157,srv-6:80,251.526
prequal,157,srv-6:80,257.385
prequal,157,srv-6:80,258.716
prequal,157,srv-6:80,258.054
prequal,157,srv-6:80,266.393
prequal,157,srv-6:80,252.419
prequal,157,srv-6:80,242.211
prequal,157,srv-6:80,240.752
prequal,157,srv-6:80,258.963
prequal,157,srv-6:80,252.435
prequal,157,srv-6:80,260.692
prequal,157,srv-6:80,252.686
prequal,157,srv-6:80,257.750
prequal,157,srv-6:80,252.469
prequal,157,srv-6:80,256.441
prequal,157,srv-6:80,240.121
prequal,157,srv-6:80,248.407
prequal,157,srv-6:80,243.915
prequal,157,srv-6:80,252.882
prequal,157,srv-6:80,253.692
prequal,157,srv-6:80,253.775
prequal,157,srv-6:80,247.957
prequal,157,srv-6:80,257.951
prequal,157,srv-6:80,247.497
prequal,157,srv-6:80,245.772
prequal,157,srv-6:80,223.192
prequal,157,srv-6:80,223.971
prequal,157,srv-6:80,252.481
prequal,157,srv-6:80,257.198
prequal,157,srv-6:80,252.971
prequal,157,srv-6:80,253.603
prequal,157,srv-6:80,255.127
prequal,157,srv-6:80,249.670
prequal,157,srv-6:80,244.347
prequal,157,srv-6:80,242.397
prequal,157,srv-6:80,155.548
prequal,157,srv-6:80,0.057
prequal,157,srv-7:80,161.562
prequal,157,srv-7:80,179.579
prequal,157,srv-7:80,178.792
prequal,157,srv-7:80,172.869
prequal,157,srv-7:80,170.542
prequal,157,srv-7:80,172.860
prequal,157,srv-7:80,164.754
prequal,157,srv-7:80,166.663
prequal,157,srv-7:80,180.770
prequal,157,srv-7:80,148.712
prequal,157,srv-7:80,155.845
prequal,157,srv-7:80,167.165
prequal,157,srv-7:80,159.103
prequal,157,srv-7:80,165.919
prequal,157,srv-7:80,166.823
prequal,157,srv-7:80,154.532
prequal,157,srv-7:80,177.457
prequal,157,srv-7:80,174.355
prequal,157,srv-7:80,176.348
prequal,157,srv-7:80,166.482
prequal,157,srv-7:80,166.910
prequal,157,srv-7:80,165.942
prequal,157,srv-7:80,171.456
prequal,157,srv-7:80,162.668
prequal,157,srv-7:80,173.831
prequal,157,srv-7:80,166.187
prequal,157,srv-7:80,157.917
prequal,157,srv-7:80,159.367
prequal,157,srv-7:80,162.677
prequal,157,srv-7:80,159.307
prequal,157,srv-7:80,171.542
prequal,157,srv-7:80,172.469
prequal,157,srv-7:80,177.384
prequal,157,srv-7:80,179.526
prequal,157,srv-7:80,178.847
prequal,157,srv-7:80,168.128
prequal,157,srv-7:80,161.037
prequal,157,srv-7:80,162.214
prequal,157,srv-7:80,163.192
prequal,157,srv-7:80,164.225
prequal,157,srv-7:80,163.729
prequal,157,srv-7:80,168.561
prequal,157,srv-7:80,163.440
prequal,157,srv-7:80,168.052
prequal,157,srv-7:80,166.826
prequal,157,srv-7:80,165.321
prequal,157,srv-7:80,166.079
prequal,157,srv-7:80,178.339
prequal,157,srv-7:80,165.843
prequal,157,srv-7:80,169.618
prequal,157,srv-7:80,169.147
prequal,157,srv-7:80,184.906
prequal,157,srv-7:80,180.700
prequal,157,srv-7:80,180.076
prequal,157,srv-7:80,172.290
prequal,157,srv-7:80,180.945
prequal,157,srv-7:80,167.196
prequal,157,srv-7:80,158.430
prequal,157,srv-7:80,126.930
prequal,157,srv-7:80,36.658
prequal,157,srv-7:80,0.067
prequal,157,srv-8:80,174.810
prequal,157,srv-8:80,171.583
prequal,157,srv-8:80,167.870
prequal,157,srv-8:80,176.136
prequal,157,srv-8:80,181.469
prequal,157,srv-8:80,166.734
prequal,157,srv-8:80,172.768
prequal,157,srv-8:80,186.098
prequal,157,srv-8:80,191.178
prequal,157,srv-8:80,161.174
prequal,157,srv-8:80,164.627
prequal,157,srv-8:80,173.397
prequal,157,srv-8:80,188.699
prequal,157,srv-8:80,180.065
prequal,157,srv-8:80,170.012
prequal,157,srv-8:80,150.979
prequal,157,srv-8:80,165.774
prequal,157,srv-8:80,167.605
prequal,157,srv-8:80,159.280
prequal,157,srv-8:80,169.235
prequal,157,srv-8:80,174.814
prequal,157,srv-8:80,174.051
prequal,157,srv-8:80,178.347
prequal,157,srv-8:80,176.570
prequal,157,srv-8:80,178.429
prequal,157,srv-8:80,177.944
prequal,157,srv-8:80,175.973
prequal,157,srv-8:80,167.746
prequal,157,srv-8:80,171.165
prequal,157,srv-8:80,178.100
prequal,157,srv-8:80,183.012
prequal,157,srv-8:80,180.380
prequal,157,srv-8:80,163.970
prequal,157,srv-8:80,164.538
prequal,157,srv-8:80,169.188
prequal,157,srv-8:80,182.061
prequal,157,srv-8:80,159.641
prequal,157,srv-8:80,156.517
prequal,157,srv-8:80,164.477
prequal,157,srv-8:80,171.276
prequal,157,srv-8:80,168.445
prequal,157,srv-8:80,175.016
prequal,157,srv-8:80,157.203
prequal,157,srv-8:80,155.755
prequal,157,srv-8:80,156.668
prequal,157,srv-8:80,158.087
prequal,157,srv-8:80,140.011
prequal,157,srv-8:80,153.720
prequal,157,srv-8:80,173.645
prequal,157,srv-8:80,174.397
prequal,157,srv-8:80,161.766
prequal,157,srv-8:80,152.860
prequal,157,srv-8:80,148.205
prequal,157,srv-8:80,171.883
prequal,157,srv-8:80,169.161
prequal,157,srv-8:80,167.148
prequal,157,srv-8:80,167.429
prequal,157,srv-8:80,175.400
prequal,157,srv-8:80,151.257
prequal,157,srv-8:80,34.147
prequal,157,srv-8:80,0.053
prequal,157,srv-9:80,116.173
prequal,157,srv-9:80,99.627
prequal,157,srv-9:80,95.814
prequal,157,srv-9:80,111.033
prequal,157,srv-9:80,111.436
prequal,157,srv-9:80,104.844
prequal,157,srv-9:80,108.006
prequal,157,srv-9:80,133.096
prequal,157,srv-9:80,127.053
prequal,157,srv-9:80,112.777
prequal,157,srv-9:80,122.760
prequal,157,srv-9:80,128.710
prequal,157,srv-9:80,118.293
prequal,157,srv-9:80,115.165
prequal,157,srv-9:80,124.304
prequal,157,srv-9:80,119.881
prequal,157,srv-9:80,110.221
prequal,157,srv-9:80,110.517
prequal,157,srv-9:80,111.774
prequal,157,srv-9:80,103.346
prequal,157,srv-9:80,105.564
prequal,157,srv-9:80,117.356
prequal,157,srv-9:80,113.079
prequal,157,srv-9:80,105.203
prequal,157,srv-9:80,109.709
prequal,157,srv-9:80,111.936
prequal,157,srv-9:80,108.067
prequal,157,srv-9:80,111.703
prequal,157,srv-9:80,118.219
prequal,157,srv-9:80,117.978
prequal,157,srv-9:80,102.341
prequal,157,srv-9:80,106.023
prequal,157,srv-9:80,99.389
prequal,157,srv-9:80,96.564
prequal,157,srv-9:80,121.464
prequal,157,srv-9:80,117.005
prequal,157,srv-9:80,101.138
prequal,157,srv-9:80,99.432
prequal,157,srv-9:80,109.852
prequal,157,srv-9:80,114.439
prequal,157,srv-9:80,99.417
prequal,157,srv-9:80,85.407
prequal,157,srv-9:80,96.767
prequal,157,srv-9:80,106.304
prequal,157,srv-9:80,108.905
prequal,157,srv-9:80,111.734
prequal,157,srv-9:80,116.919
prequal,157,srv-9:80,112.751
prequal,157,srv-9:80,109.493
prequal,157,srv-9:80,120.427
prequal,157,srv-9:80,111.648
prequal,157,srv-9:80,100.088
prequal,157,srv-9:80,111.754
prequal,157,srv-9:80,110.290
prequal,157,srv-9:80,111.406
prequal,157,srv-9:80,113.115
prequal,157,srv-9:80,109.391
prequal,157,srv-9:80,106.135
prequal,157,srv-9:80,81.585
prequal,157,srv-9:80,32.285
prequal,157,srv-9:80,0.033
prequal,174,srv-10:80,102.786
prequal,174,srv-10:80,123.644
prequal,174,srv-10:80,122.853
prequal,174,srv-10:80,124.605
prequal,174,srv-10:80,117.527
prequal,174,srv-10:80,114.050
prequal,174,srv-10:80,122.833
prequal,174,srv-10:80,123.027
prequal,174,srv-10:80,125.869
prequal,174,srv-10:80,125.829
prequal,174,srv-10:80,118.372
prequal,174,srv-10:80,120.635
prequal,174,srv-10:80,128.277
prequal,174,srv-10:80,138.380
prequal,174,srv-10:80,130.763
prequal,174,srv-10:80,129.506
prequal,174,srv-10:80,123.230
prequal,174,srv-10:80,122.276
prequal,174,srv-10:80,128.536
prequal,174,srv-10:80,122.709
prequal,174,srv-10:80,124.987
prequal,174,srv-10:80,131.955
prequal,174,srv-10:80,128.146
prequal,174,srv-10:80,122.093
prequal,174,srv-10:80,110.612
prequal,174,srv-10:80,112.685
prequal,174,srv-10:80,121.299
prequal,174,srv-10:80,124.987
prequal,174,srv-10:80,113.371
prequal,174,srv-10:80,115.427
prequal,174,srv-10:80,135.067
prequal,174,srv-10:80,133.452
prequal,174,srv-10:80,118.559
prequal,174,srv-10:80,114.095
prequal,174,srv-10:80,127.402
prequal,174,srv-10:80,124.473
prequal,174,srv-10:80,123.348
prequal,174,srv-10:80,126.766
prequal,174,srv-10:80,131.173
prequal,174,srv-10:80,115.194
prequal,174,srv-10:80,109.921
prequal,174,srv-10:80,128.373
prequal,174,srv-10:80,130.168
prequal,174,srv-10:80,127.629
prequal,174,srv-10:80,126.119
prequal,174,srv-10:80,123.591
prequal,174,srv-10:80,129.705
prequal,174,srv-10:80,131.334
prequal,174,srv-10:80,123.829
prequal,174,srv-10:80,116.714
prequal,174,srv-10:80,121.987
prequal,174,srv-10:80,130.456
prequal,174,srv-10:80,128.772
prequal,174,srv-10:80,107.746
prequal,174,srv-10:80,113.070
prequal,174,srv-10:80,131.516
prequal,174,srv-10:80,129.408
prequal,174,srv-10:80,125.344
prequal,174,srv-10:80,120.801
prequal,174,srv-10:80,86.629
prequal,174,srv-10:80,24.798
prequal,174,srv-1:80,283.179
prequal,174,srv-1:80,343.936
prequal,174,srv-1:80,337.391
prequal,174,srv-1:80,331.466
prequal,174,srv-1:80,327.785
prequal,174,srv-1:80,327.307
prequal,174,srv-1:80,332.032
prequal,174,srv-1:80,335.021
prequal,174,srv-1:80,327.266
prequal,174,srv-1:80,326.017
prequal,174,srv-1:80,316.831
prequal,174,srv-1:80,320.038
prequal,174,srv-1:80,335.301
prequal,174,srv-1:80,333.874
prequal,174,srv-1:80,331.571
prequal,174,srv-1:80,330.642
prequal,174,srv-1:80,330.409
prequal,174,srv-1:80,336.542
prequal,174,srv-1:80,330.158
prequal,174,srv-1:80,331.852
prequal,174,srv-1:80,333.512
prequal,174,srv-1:80,332.574
prequal,174,srv-1:80,335.508
prequal,174,srv-1:80,336.747
prequal,174,srv-1:80,343.063
prequal,174,srv-1:80,344.531
prequal,174,srv-1:80,334.339
prequal,174,srv-1:80,329.073
prequal,174,srv-1:80,337.393
prequal,174,srv-1:80,334.298
prequal,174,srv-1:80,323.857
prequal,174,srv-1:80,322.384
prequal,174,srv-1:80,324.272
prequal,174,srv-1:80,331.326
prequal,174,srv-1:80,332.321
prequal,174,srv-1:80,327.156
prequal,174,srv-1:80,332.160
prequal,174,srv-1:80,331.762
prequal,174,srv-1:80,331.693
prequal,174,srv-1:80,331.537
prequal,174,srv-1:80,326.789
prequal,174,srv-1:80,327.526
prequal,174,srv-1:80,338.511
prequal,174,srv-1:80,336.661
prequal,174,srv-1:80,338.489
prequal,174,srv-1:80,336.005
prequal,174,srv-1:80,325.237
prequal,174,srv-1:80,325.733
prequal,174,srv-1:80,335.536
prequal,174,srv-1:80,331.092
prequal,174,srv-1:80,334.737
prequal,174,srv-1:80,330.138
prequal,174,srv-1:80,327.290
prequal,174,srv-1:80,334.400
prequal,174,srv-1:80,338.350
prequal,174,srv-1:80,335.150
prequal,174,srv-1:80,334.625
prequal,174,srv-1:80,328.183
prequal,174,srv-1:80,326.395
prequal,174,srv-1:80,223.016
prequal,174,srv-1:80,50.691
prequal,174,srv-2:80,286.819
prequal,174,srv-2:80,343.415
prequal,174,srv-2:80,343.543
prequal,174,srv-2:80,339.052
prequal,174,srv-2:80,335.369
prequal,174,srv-2:80,330.766
prequal,174,srv-2:80,331.300
prequal,174,srv-2:80,340.738
prequal,174,srv-2:80,336.000
prequal,174,srv-2:80,330.725
prequal,174,srv-2:80,332.370
prequal,174,srv-2:80,337.249
prequal,174,srv-2:80,334.404
prequal,174,srv-2:80,335.164
prequal,174,srv-2:80,335.711
prequal,174,srv-2:80,332.745
prequal,174,srv-2:80,332.457
prequal,174,srv-2:80,341.606
prequal,174,srv-2:80,342.518
prequal,174,srv-2:80,340.700
prequal,174,srv-2:80,341.153
prequal,174,srv-2:80,333.683
prequal,174,srv-2:80,325.744
prequal,174,srv-2:80,329.501
prequal,174,srv-2:80,332.538
prequal,174,srv-2:80,337.493
prequal,174,srv-2:80,337.604
prequal,174,srv-2:80,330.563
prequal,174,srv-2:80,331.269
prequal,174,srv-2:80,330.610
prequal,174,srv-2:80,326.025
prequal,174,srv-2:80,325.103
prequal,174,srv-2:80,328.710
prequal,174,srv-2:80,334.056
prequal,174,srv-2:80,332.776
prequal,174,srv-2:80,330.327
prequal,174,srv-2:80,333.701
prequal,174,srv-2:80,337.503
prequal,174,srv-2:80,341.943
prequal,174,srv-2:80,338.962
prequal,174,srv-2:80,338.891
prequal,174,srv-2:80,338.637
prequal,174,srv-2:80,337.514
prequal,174,srv-2:80,333.831
prequal,174,srv-2:80,337.956
prequal,174,srv-2:80,336.825
prequal,174,srv-2:80,338.464
prequal,174,srv-2:80,333.875
prequal,174,srv-2:80,330.549
prequal,174,srv-2:80,334.974
prequal,174,srv-2:80,341.437
prequal,174,srv-2:80,340.919
prequal,174,srv-2:80,335.040
prequal,174,srv-2:80,331.841
prequal,174,srv-2:80,341.655
prequal,174,srv-2:80,335.934
prequal,174,srv-2:80,329.901
prequal,174,srv-2:80,334.831
prequal,174,srv-2:80,333.860
prequal,174,srv-2:80,224.626
prequal,174,srv-2:80,52.747
prequal,174,srv-3:80,335.380
prequal,174,srv-3:80,323.856
prequal,174,srv-3:80,325.633
prequal,174,srv-3:80,336.182
prequal,174,srv-3:80,334.611
prequal,174,srv-3:80,332.545
prequal,174,srv-3:80,331.830
prequal,174,srv-3:80,340.989
prequal,174,srv-3:80,342.220
prequal,174,srv-3:80,339.712
prequal,174,srv-3:80,342.060
prequal,174,srv-3:80,327.851
prequal,174,srv-3:80,323.852
prequal,174,srv-3:80,334.738
prequal,174,srv-3:80,338.265
prequal,174,srv-3:80,334.388
prequal,174,srv-3:80,326.028
prequal,174,srv-3:80,327.837
prequal,174,srv-3:80,329.030
prequal,174,srv-3:80,332.567
prequal,174,srv-3:80,330.578
prequal,174,srv-3:80,336.765
prequal,174,srv-3:80,339.059
prequal,174,srv-3:80,341.012
prequal,174,srv-3:80,342.992
prequal,174,srv-3:80,340.588
prequal,174,srv-3:80,328.566
prequal,174,srv-3:80,327.486
prequal,174,srv-3:80,330.926
prequal,174,srv-3:80,330.010
prequal,174,srv-3:80,326.806
prequal,174,srv-3:80,325.178
prequal,174,srv-3:80,321.999
prequal,174,srv-3:80,327.614
prequal,174,srv-3:80,335.426
prequal,174,srv-3:80,334.895
prequal,174,srv-3:80,328.536
prequal,174,srv-3:80,332.493
prequal,174,srv-3:80,337.576
prequal,174,srv-3:80,339.357
prequal,174,srv-3:80,335.960
prequal,174,srv-3:80,329.806
prequal,174,srv-3:80,328.155
prequal,174,srv-3:80,328.005
prequal,174,srv-3:80,337.936
prequal,174,srv-3:80,337.539
prequal,174,srv-3:80,330.860
prequal,174,srv-3:80,329.677
prequal,174,srv-3:80,328.828
prequal,174,srv-3:80,326.558
prequal,174,srv-3:80,324.001
prequal,174,srv-3:80,325.995
prequal,174,srv-3:80,334.677
prequal,174,srv-3:80,333.205
prequal,174,srv-3:80,334.847
prequal,174,srv-3:80,339.402
prequal,174,srv-3:80,333.759
prequal,174,srv-3:80,332.024
prequal,174,srv-3:80,325.490
prequal,174,srv-3:80,154.960
prequal,174,srv-3:80,0.065
prequal,174,srv-4:80,302.738
prequal,174,srv-4:80,340.721
prequal,174,srv-4:80,340.453
prequal,174,srv-4:80,338.243
prequal,174,srv-4:80,332.663
prequal,174,srv-4:80,333.223
prequal,174,srv-4:80,332.875
prequal,174,srv-4:80,337.505
prequal,174,srv-4:80,337.970
prequal,174,srv-4:80,336.224
prequal,174,srv-4:80,330.663
prequal,174,srv-4:80,335.864
prequal,174,srv-4:80,330.959
prequal,174,srv-4:80,329.019
prequal,174,srv-4:80,333.579
prequal,174,srv-4:80,332.002
prequal,174,srv-4:80,332.808
prequal,174,srv-4:80,332.066
prequal,174,srv-4:80,329.452
prequal,174,srv-4:80,334.597
prequal,174,srv-4:80,326.408
prequal,174,srv-4:80,333.245
prequal,174,srv-4:80,335.941
prequal,174,srv-4:80,334.427
prequal,174,srv-4:80,340.478
prequal,174,srv-4:80,338.437
prequal,174,srv-4:80,327.047
prequal,174,srv-4:80,329.762
prequal,174,srv-4:80,343.799
prequal,174,srv-4:80,334.134
prequal,174,srv-4:80,316.386
prequal,174,srv-4:80,322.396
prequal,174,srv-4:80,332.250
prequal,174,srv-4:80,336.452
prequal,174,srv-4:80,338.103
prequal,174,srv-4:80,336.157
prequal,174,srv-4:80,337.009
prequal,174,srv-4:80,334.734
prequal,174,srv-4:80,339.073
prequal,174,srv-4:80,340.830
prequal,174,srv-4:80,334.929
prequal,174,srv-4:80,332.922
prequal,174,srv-4:80,337.863
prequal,174,srv-4:80,333.374
prequal,174,srv-4:80,331.851
prequal,174,srv-4:80,325.870
prequal,174,srv-4:80,332.338
prequal,174,srv-4:80,343.778
prequal,174,srv-4:80,341.549
prequal,174,srv-4:80,334.071
prequal,174,srv-4:80,339.212
prequal,174,srv-4:80,333.299
prequal,174,srv-4:80,329.635
prequal,174,srv-4:80,329.998
prequal,174,srv-4:80,335.490
prequal,174,srv-4:80,338.998
prequal,174,srv-4:80,334.913
prequal,174,srv-4:80,338.097
prequal,174,srv-4:80,341.272
prequal,174,srv-4:80,213.318
prequal,174,srv-4:80,38.804
prequal,174,srv-5:80,224.124
prequal,174,srv-5:80,274.047
prequal,174,srv-5:80,276.422
prequal,174,srv-5:80,275.088
prequal,174,srv-5:80,283.121
prequal,174,srv-5:80,271.379
prequal,174,srv-5:80,273.271
prequal,174,srv-5:80,264.166
prequal,174,srv-5:80,270.879
prequal,174,srv-5:80,270.745
prequal,174,srv-5:80,278.824
prequal,174,srv-5:80,271.282
prequal,174,srv-5:80,280.147
prequal,174,srv-5:80,262.694
prequal,174,srv-5:80,266.890
prequal,174,srv-5:80,270.616
prequal,174,srv-5:80,271.509
prequal,174,srv-5:80,271.443
prequal,174,srv-5:80,281.570
prequal,174,srv-5:80,273.020
prequal,174,srv-5:80,271.666
prequal,174,srv-5:80,266.731
prequal,174,srv-5:80,264.340
prequal,174,srv-5:80,263.982
prequal,174,srv-5:80,271.641
prequal,174,srv-5:80,272.059
prequal,174,srv-5:80,270.488
prequal,174,srv-5:80,266.301
prequal,174,srv-5:80,259.747
prequal,174,srv-5:80,262.922
prequal,174,srv-5:80,265.601
prequal,174,srv-5:80,264.277
prequal,174,srv-5:80,267.331
prequal,174,srv-5:80,263.736
prequal,174,srv-5:80,259.977
prequal,174,srv-5:80,265.983
prequal,174,srv-5:80,265.446
prequal,174,srv-5:80,267.400
prequal,174,srv-5:80,256.680
prequal,174,srv-5:80,265.785
prequal,174,srv-5:80,274.443
prequal,174,srv-5:80,271.762
prequal,174,srv-5:80,260.226
prequal,174,srv-5:80,274.890
prequal,174,srv-5:80,272.045
prequal,174,srv-5:80,277.675
prequal,174,srv-5:80,269.542
prequal,174,srv-5:80,274.517
prequal,174,srv-5:80,268.902
prequal,174,srv-5:80,275.596
prequal,174,srv-5:80,270.272
prequal,174,srv-5:80,269.965
prequal,174,srv-5:80,267.399
prequal,174,srv-5:80,278.986
prequal,174,srv-5:80,278.426
prequal,174,srv-5:80,281.757
prequal,174,srv-5:80,271.747
prequal,174,srv-5:80,269.157
prequal,174,srv-5:80,267.153
prequal,174,srv-5:80,152.011
prequal,174,srv-5:80,44.740
prequal,174,srv-6:80,270.951
prequal,174,srv-6:80,262.546
prequal,174,srv-6:80,262.934
prequal,174,srv-6:80,259.308
prequal,174,srv-6:80,275.292
prequal,174,srv-6:80,277.266
prequal,174,srv-6:80,280.464
prequal,174,srv-6:80,254.731
prequal,174,srv-6:80,264.223
prequal,174,srv-6:80,258.180
prequal,174,srv-6:80,265.077
prequal,174,srv-6:80,265.329
prequal,174,srv-6:80,278.244
prequal,174,srv-6:80,269.094
prequal,174,srv-6:80,270.452
prequal,174,srv-6:80,267.950
prequal,174,srv-6:80,274.890
prequal,174,srv-6:80,271.460
prequal,174,srv-6:80,272.029
prequal,174,srv-6:80,265.762
prequal,174,srv-6:80,269.619
prequal,174,srv-6:80,265.881
prequal,174,srv-6:80,265.304
prequal,174,srv-6:80,262.101
prequal,174,srv-6:80,260.351
prequal,174,srv-6:80,270.774
prequal,174,srv-6:80,268.891
prequal,174,srv-6:80,272.911
prequal,174,srv-6:80,267.722
prequal,174,srv-6:80,270.955
prequal,174,srv-6:80,273.366
prequal,174,srv-6:80,281.898
prequal,174,srv-6:80,275.100
prequal,174,srv-6:80,271.644
prequal,174,srv-6:80,256.262
prequal,174,srv-6:80,270.837
prequal,174,srv-6:80,276.075
prequal,174,srv-6:80,279.538
prequal,174,srv-6:80,272.736
prequal,174,srv-6:80,278.991
prequal,174,srv-6:80,270.781
prequal,174,srv-6:80,280.413
prequal,174,srv-6:80,271.718
prequal,174,srv-6:80,279.996
prequal,174,srv-6:80,269.032
prequal,174,srv-6:80,277.257
prequal,174,srv-6:80,256.459
prequal,174,srv-6:80,257.147
prequal,174,srv-6:80,268.733
prequal,174,srv-6:80,271.238
prequal,174,srv-6:80,266.011
prequal,174,srv-6:80,280.472
prequal,174,srv-6:80,275.331
prequal,174,srv-6:80,278.787
prequal,174,srv-6:80,265.336
prequal,174,srv-6:80,259.784
prequal,174,srv-6:80,267.831
prequal,174,srv-6:80,270.302
prequal,174,srv-6:80,227.083
prequal,174,srv-6:80,52.215
prequal,174,srv-6:80,0.039
prequal,174,srv-7:80,132.844
prequal,174,srv-7:80,192.011
prequal,174,srv-7:80,197.170
prequal,174,srv-7:80,188.057
prequal,174,srv-7:80,186.204
prequal,174,srv-7:80,182.471
prequal,174,srv-7:80,175.060
prequal,174,srv-7:80,186.164
prequal,174,srv-7:80,192.132
prequal,174,srv-7:80,192.634
prequal,174,srv-7:80,197.934
prequal,174,srv-7:80,190.301
prequal,174,srv-7:80,185.879
prequal,174,srv-7:80,182.574
prequal,174,srv-7:80,194.538
prequal,174,srv-7:80,190.920
prequal,174,srv-7:80,191.867
prequal,174,srv-7:80,183.761
prequal,174,srv-7:80,188.106
prequal,174,srv-7:80,183.557
prequal,174,srv-7:80,191.670
prequal,174,srv-7:80,185.163
prequal,174,srv-7:80,192.357
prequal,174,srv-7:80,187.986
prequal,174,srv-7:80,194.412
prequal,174,srv-7:80,186.604
prequal,174,srv-7:80,186.418
prequal,174,srv-7:80,181.199
prequal,174,srv-7:80,197.926
prequal,174,srv-7:80,195.408
prequal,174,srv-7:80,200.462
prequal,174,srv-7:80,192.939
prequal,174,srv-7:80,197.025
prequal,174,srv-7:80,194.611
prequal,174,srv-7:80,193.386
prequal,174,srv-7:80,195.744
prequal,174,srv-7:80,189.331
prequal,174,srv-7:80,186.451
prequal,174,srv-7:80,196.262
prequal,174,srv-7:80,193.598
prequal,174,srv-7:80,197.683
prequal,174,srv-7:80,203.043
prequal,174,srv-7:80,202.272
prequal,174,srv-7:80,199.012
prequal,174,srv-7:80,181.095
prequal,174,srv-7:80,182.682
prequal,174,srv-7:80,190.401
prequal,174,srv-7:80,192.757
prequal,174,srv-7:80,182.977
prequal,174,srv-7:80,191.753
prequal,174,srv-7:80,187.909
prequal,174,srv-7:80,189.580
prequal,174,srv-7:80,183.928
prequal,174,srv-7:80,188.584
prequal,174,srv-7:80,180.743
prequal,174,srv-7:80,174.423
prequal,174,srv-7:80,167.706
prequal,174,srv-7:80,178.105
prequal,174,srv-7:80,174.524
prequal,174,srv-7:80,137.431
prequal,174,srv-7:80,52.020
prequal,174,srv-8:80,176.041
prequal,174,srv-8:80,179.553
prequal,174,srv-8:80,184.451
prequal,174,srv-8:80,186.076
prequal,174,srv-8:80,192.641
prequal,174,srv-8:80,190.196
prequal,174,srv-8:80,194.286
prequal,174,srv-8:80,180.371
prequal,174,srv-8:80,184.196
prequal,174,srv-8:80,184.486
prequal,174,srv-8:80,192.408
prequal,174,srv-8:80,184.358
prequal,174,srv-8:80,185.523
prequal,174,srv-8:80,186.471
prequal,174,srv-8:80,189.214
prequal,174,srv-8:80,179.899
prequal,174,srv-8:80,193.485
prequal,174,srv-8:80,180.297
prequal,174,srv-8:80,184.070
prequal,174,srv-8:80,184.743
prequal,174,srv-8:80,187.548
prequal,174,srv-8:80,176.871
prequal,174,srv-8:80,184.471
prequal,174,srv-8:80,186.997
prequal,174,srv-8:80,179.147
prequal,174,srv-8:80,179.060
prequal,174,srv-8:80,181.964
prequal,174,srv-8:80,182.727
prequal,174,srv-8:80,193.801
prequal,174,srv-8:80,193.715
prequal,174,srv-8:80,187.069
prequal,174,srv-8:80,180.017
prequal,174,srv-8:80,179.201
prequal,174,srv-8:80,188.185
prequal,174,srv-8:80,180.095
prequal,174,srv-8:80,176.831
prequal,174,srv-8:80,193.730
prequal,174,srv-8:80,197.763
prequal,174,srv-8:80,187.000
prequal,174,srv-8:80,189.220
prequal,174,srv-8:80,178.086
prequal,174,srv-8:80,186.142
prequal,174,srv-8:80,182.996
prequal,174,srv-8:80,182.953
prequal,174,srv-8:80,184.566
prequal,174,srv-8:80,187.421
prequal,174,srv-8:80,167.206
prequal,174,srv-8:80,171.319
prequal,174,srv-8:80,186.004
prequal,174,srv-8:80,197.293
prequal,174,srv-8:80,188.392
prequal,174,srv-8:80,193.991
prequal,174,srv-8:80,189.157
prequal,174,srv-8:80,193.292
prequal,174,srv-8:80,183.415
prequal,174,srv-8:80,189.963
prequal,174,srv-8:80,188.414
prequal,174,srv-8:80,192.232
prequal,174,srv-8:80,177.694
prequal,174,srv-8:80,72.740
prequal,174,srv-8:80,13.170
prequal,174,srv-9:80,111.499
prequal,174,srv-9:80,122.263
prequal,174,srv-9:80,123.759
prequal,174,srv-9:80,125.549
prequal,174,srv-9:80,125.336
prequal,174,srv-9:80,119.990
prequal,174,srv-9:80,119.557
prequal,174,srv-9:80,128.071
prequal,174,srv-9:80,122.174
prequal,174,srv-9:80,118.310
prequal,174,srv-9:80,124.682
prequal,174,srv-9:80,123.416
prequal,174,srv-9:80,120.761
prequal,174,srv-9:80,119.642
prequal,174,srv-9:80,114.796
prequal,174,srv-9:80,120.647
prequal,174,srv-9:80,116.112
prequal,174,srv-9:80,118.901
prequal,174,srv-9:80,129.853
prequal,174,srv-9:80,128.209
prequal,174,srv-9:80,129.456
prequal,174,srv-9:80,130.093
prequal,174,srv-9:80,122.539
prequal,174,srv-9:80,127.503
prequal,174,srv-9:80,126.445
prequal,174,srv-9:80,120.258
prequal,174,srv-9:80,125.474
prequal,174,srv-9:80,125.201
prequal,174,srv-9:80,115.270
prequal,174,srv-9:80,122.572
prequal,174,srv-9:80,134.062
prequal,174,srv-9:80,128.770
prequal,174,srv-9:80,125.566
prequal,174,srv-9:80,128.512
prequal,174,srv-9:80,124.936
prequal,174,srv-9:80,120.463
prequal,174,srv-9:80,124.037
prequal,174,srv-9:80,128.282
prequal,174,srv-9:80,128.121
prequal,174,srv-9:80,128.666
prequal,174,srv-9:80,123.068
prequal,174,srv-9:80,114.011
prequal,174,srv-9:80,115.994
prequal,174,srv-9:80,122.744
prequal,174,srv-9:80,125.590
prequal,174,srv-9:80,120.822
prequal,174,srv-9:80,122.115
prequal,174,srv-9:80,125.770
prequal,174,srv-9:80,123.090
prequal,174,srv-9:80,123.173
prequal,174,srv-9:80,122.377
prequal,174,srv-9:80,121.919
prequal,174,srv-9:80,122.384
prequal,174,srv-9:80,119.250
prequal,174,srv-9:80,124.399
prequal,174,srv-9:80,123.159
prequal,174,srv-9:80,127.832
prequal,174,srv-9:80,133.871
prequal,174,srv-9:80,130.582
prequal,174,srv-9:80,76.371
prequal,174,srv-9:80,10.759
