algorithm,level_pct,instance,cpu_pct
roundrobin,30,srv-10:80,45.098
roundrobin,30,srv-10:80,42.549
roundrobin,30,srv-10:80,40.567
roundrobin,30,srv-10:80,40.828
roundrobin,30,srv-10:80,41.290
roundrobin,30,srv-10:80,41.270
roundrobin,30,srv-10:80,40.159
roundrobin,30,srv-10:80,40.647
roundrobin,30,srv-10:80,41.519
roundrobin,30,srv-10:80,41.145
roundrobin,30,srv-10:80,40.472
roundrobin,30,srv-10:80,40.717
roundrobin,30,srv-10:80,41.733
roundrobin,30,srv-10:80,40.374
roundrobin,30,srv-10:80,41.139
roundrobin,30,srv-10:80,42.979
roundrobin,30,srv-10:80,41.124
roundrobin,30,srv-10:80,40.418
roundrobin,30,srv-10:80,39.514
roundrobin,30,srv-10:80,39.259
roundrobin,30,srv-10:80,40.074
roundrobin,30,srv-10:80,39.547
roundrobin,30,srv-10:80,41.790
roundrobin,30,srv-10:80,42.056
roundrobin,30,srv-10:80,43.230
roundrobin,30,srv-10:80,41.693
roundrobin,30,srv-10:80,38.234
roundrobin,30,srv-10:80,39.377
roundrobin,30,srv-10:80,39.852
roundrobin,30,srv-10:80,40.268
roundrobin,30,srv-10:80,41.043
roundrobin,30,srv-10:80,43.733
roundrobin,30,srv-10:80,42.968
roundrobin,30,srv-10:80,41.498
roundrobin,30,srv-10:80,42.076
roundrobin,30,srv-10:80,40.819
roundrobin,30,srv-10:80,39.942
roundrobin,30,srv-10:80,41.682
roundrobin,30,srv-10:80,43.647
roundrobin,30,srv-10:80,41.908
roundrobin,30,srv-10:80,39.569
roundrobin,30,srv-10:80,40.059
roundrobin,30,srv-10:80,41.009
roundrobin,30,srv-10:80,44.110
roundrobin,30,srv-10:80,45.045
roundrobin,30,srv-10:80,42.226
roundrobin,30,srv-10:80,39.858
roundrobin,30,srv-10:80,39.501
roundrobin,30,srv-10:80,43.272
roundrobin,30,srv-10:80,43.338
roundrobin,30,srv-10:80,42.775
roundrobin,30,srv-10:80,44.735
roundrobin,30,srv-10:80,42.479
roundrobin,30,srv-10:80,42.640
roundrobin,30,srv-10:80,43.268
roundrobin,30,srv-10:80,42.036
roundrobin,30,srv-10:80,41.550
roundrobin,30,srv-10:80,40.076
roundrobin,30,srv-10:80,34.004
roundrobin,30,srv-1:80,34.298
roundrobin,30,srv-1:80,33.253
roundrobin,30,srv-1:80,34.391
roundrobin,30,srv-1:80,33.442
roundrobin,30,srv-1:80,33.007
roundrobin,30,srv-1:80,34.526
roundrobin,30,srv-1:80,32.121
roundrobin,30,srv-1:80,34.604
roundrobin,30,srv-1:80,37.011
roundrobin,30,srv-1:80,33.848
roundrobin,30,srv-1:80,33.149
roundrobin,30,srv-1:80,34.144
roundrobin,30,srv-1:80,35.805
roundrobin,30,srv-1:80,35.478
roundrobin,30,srv-1:80,33.992
roundrobin,30,srv-1:80,34.912
roundrobin,30,srv-1:80,34.554
roundrobin,30,srv-1:80,32.616
roundrobin,30,srv-1:80,32.707
roundrobin,30,srv-1:80,34.844
roundrobin,30,srv-1:80,33.778
roundrobin,30,srv-1:80,31.951
roundrobin,30,srv-1:80,33.235
roundrobin,30,srv-1:80,33.442
roundrobin,30,srv-1:80,33.805
roundrobin,30,srv-1:80,35.021
roundrobin,30,srv-1:80,33.831
roundrobin,30,srv-1:80,33.457
roundrobin,30,srv-1:80,34.478
roundrobin,30,srv-1:80,34.265
roundrobin,30,srv-1:80,35.352
roundrobin,30,srv-1:80,34.618
roundrobin,30,srv-1:80,33.534
roundrobin,30,srv-1:80,33.578
roundrobin,30,srv-1:80,31.659
roundrobin,30,srv-1:80,31.010
roundrobin,30,srv-1:80,32.525
roundrobin,30,srv-1:80,33.375
roundrobin,30,srv-1:80,32.853
roundrobin,30,srv-1:80,32.619
roundrobin,30,srv-1:80,33.430
roundrobin,30,srv-1:80,33.465
roundrobin,30,srv-1:80,33.936
roundrobin,30,srv-1:80,35.452
roundrobin,30,srv-1:80,34.051
roundrobin,30,srv-1:80,32.497
roundrobin,30,srv-1:80,34.058
roundrobin,30,srv-1:80,33.003
roundrobin,30,srv-1:80,30.590
roundrobin,30,srv-1:80,31.639
roundrobin,30,srv-1:80,32.927
roundrobin,30,srv-1:80,33.012
roundrobin,30,srv-1:80,31.941
roundrobin,30,srv-1:80,32.389
roundrobin,30,srv-1:80,34.415
roundrobin,30,srv-1:80,34.044
roundrobin,30,srv-1:80,33.040
roundrobin,30,srv-1:80,33.707
roundrobin,30,srv-1:80,27.551
roundrobin,30,srv-2:80,34.651
roundrobin,30,srv-2:80,32.743
roundrobin,30,srv-2:80,30.218
roundrobin,30,srv-2:80,32.095
roundrobin,30,srv-2:80,34.378
roundrobin,30,srv-2:80,33.346
roundrobin,30,srv-2:80,32.615
roundrobin,30,srv-2:80,32.916
roundrobin,30,srv-2:80,34.793
roundrobin,30,srv-2:80,34.935
roundrobin,30,srv-2:80,34.504
roundrobin,30,srv-2:80,35.008
roundrobin,30,srv-2:80,33.115
roundrobin,30,srv-2:80,32.519
roundrobin,30,srv-2:80,33.778
roundrobin,30,srv-2:80,35.378
roundrobin,30,srv-2:80,34.673
roundrobin,30,srv-2:80,32.840
roundrobin,30,srv-2:80,33.435
roundrobin,30,srv-2:80,35.080
roundrobin,30,srv-2:80,35.326
roundrobin,30,srv-2:80,34.269
roundrobin,30,srv-2:80,33.965
roundrobin,30,srv-2:80,33.910
roundrobin,30,srv-2:80,34.612
roundrobin,30,srv-2:80,34.765
roundrobin,30,srv-2:80,31.871
roundrobin,30,srv-2:80,31.742
roundrobin,30,srv-2:80,33.535
roundrobin,30,srv-2:80,33.185
roundrobin,30,srv-2:80,32.897
roundrobin,30,srv-2:80,33.346
roundrobin,30,srv-2:80,33.246
roundrobin,30,srv-2:80,32.351
roundrobin,30,srv-2:80,32.128
roundrobin,30,srv-2:80,32.333
roundrobin,30,srv-2:80,33.088
roundrobin,30,srv-2:80,34.741
roundrobin,30,srv-2:80,37.057
roundrobin,30,srv-2:80,35.259
roundrobin,30,srv-2:80,32.725
roundrobin,30,srv-2:80,32.812
roundrobin,30,srv-2:80,32.041
roundrobin,30,srv-2:80,32.746
roundrobin,30,srv-2:80,33.115
roundrobin,30,srv-2:80,34.463
roundrobin,30,srv-2:80,33.883
roundrobin,30,srv-2:80,32.654
roundrobin,30,srv-2:80,33.010
roundrobin,30,srv-2:80,33.907
roundrobin,30,srv-2:80,34.488
roundrobin,30,srv-2:80,33.030
roundrobin,30,srv-2:80,32.812
roundrobin,30,srv-2:80,32.944
roundrobin,30,srv-2:80,34.784
roundrobin,30,srv-2:80,36.060
roundrobin,30,srv-2:80,35.030
roundrobin,30,srv-2:80,32.349
roundrobin,30,srv-2:80,26.534
roundrobin,30,srv-3:80,29.931
roundrobin,30,srv-3:80,34.563
roundrobin,30,srv-3:80,34.935
roundrobin,30,srv-3:80,33.493
roundrobin,30,srv-3:80,34.173
roundrobin,30,srv-3:80,32.353
roundrobin,30,srv-3:80,30.985
roundrobin,30,srv-3:80,33.002
roundrobin,30,srv-3:80,32.455
roundrobin,30,srv-3:80,32.582
roundrobin,30,srv-3:80,32.712
roundrobin,30,srv-3:80,33.406
roundrobin,30,srv-3:80,33.402
roundrobin,30,srv-3:80,31.647
roundrobin,30,srv-3:80,32.056
roundrobin,30,srv-3:80,33.849
roundrobin,30,srv-3:80,34.525
roundrobin,30,srv-3:80,33.914
roundrobin,30,srv-3:80,33.703
roundrobin,30,srv-3:80,34.054
roundrobin,30,srv-3:80,33.432
roundrobin,30,srv-3:80,33.154
roundrobin,30,srv-3:80,33.775
roundrobin,30,srv-3:80,34.560
roundrobin,30,srv-3:80,34.299
roundrobin,30,srv-3:80,34.392
roundrobin,30,srv-3:80,34.421
roundrobin,30,srv-3:80,34.629
roundrobin,30,srv-3:80,34.888
roundrobin,30,srv-3:80,34.156
roundrobin,30,srv-3:80,34.065
roundrobin,30,srv-3:80,33.507
roundrobin,30,srv-3:80,33.694
roundrobin,30,srv-3:80,33.245
roundrobin,30,srv-3:80,33.297
roundrobin,30,srv-3:80,32.667
roundrobin,30,srv-3:80,31.668
roundrobin,30,srv-3:80,32.562
roundrobin,30,srv-3:80,33.063
roundrobin,30,srv-3:80,33.310
roundrobin,30,srv-3:80,32.440
roundrobin,30,srv-3:80,32.295
roundrobin,30,srv-3:80,33.930
roundrobin,30,srv-3:80,33.707
roundrobin,30,srv-3:80,34.799
roundrobin,30,srv-3:80,34.388
roundrobin,30,srv-3:80,32.108
roundrobin,30,srv-3:80,32.623
roundrobin,30,srv-3:80,34.030
roundrobin,30,srv-3:80,34.413
roundrobin,30,srv-3:80,33.234
roundrobin,30,srv-3:80,33.074
roundrobin,30,srv-3:80,32.315
roundrobin,30,srv-3:80,32.303
roundrobin,30,srv-3:80,34.882
roundrobin,30,srv-3:80,34.078
roundrobin,30,srv-3:80,32.365
roundrobin,30,srv-3:80,33.679
roundrobin,30,srv-3:80,34.535
roundrobin,30,srv-4:80,32.926
roundrobin,30,srv-4:80,33.646
roundrobin,30,srv-4:80,33.136
roundrobin,30,srv-4:80,33.947
roundrobin,30,srv-4:80,34.486
roundrobin,30,srv-4:80,33.136
roundrobin,30,srv-4:80,33.360
roundrobin,30,srv-4:80,34.495
roundrobin,30,srv-4:80,35.414
roundrobin,30,srv-4:80,36.152
roundrobin,30,srv-4:80,33.739
roundrobin,30,srv-4:80,31.831
roundrobin,30,srv-4:80,33.182
roundrobin,30,srv-4:80,34.359
roundrobin,30,srv-4:80,34.540
roundrobin,30,srv-4:80,33.623
roundrobin,30,srv-4:80,33.486
roundrobin,30,srv-4:80,36.171
roundrobin,30,srv-4:80,34.860
roundrobin,30,srv-4:80,32.291
roundrobin,30,srv-4:80,32.866
roundrobin,30,srv-4:80,34.231
roundrobin,30,srv-4:80,35.176
roundrobin,30,srv-4:80,33.311
roundrobin,30,srv-4:80,33.824
roundrobin,30,srv-4:80,34.863
roundrobin,30,srv-4:80,33.022
roundrobin,30,srv-4:80,32.522
roundrobin,30,srv-4:80,32.890
roundrobin,30,srv-4:80,32.481
roundrobin,30,srv-4:80,32.830
roundrobin,30,srv-4:80,34.227
roundrobin,30,srv-4:80,33.759
roundrobin,30,srv-4:80,34.619
roundrobin,30,srv-4:80,35.129
roundrobin,30,srv-4:80,33.399
roundrobin,30,srv-4:80,33.868
roundrobin,30,srv-4:80,33.765
roundrobin,30,srv-4:80,33.645
roundrobin,30,srv-4:80,33.508
roundrobin,30,srv-4:80,34.334
roundrobin,30,srv-4:80,33.635
roundrobin,30,srv-4:80,31.039
roundrobin,30,srv-4:80,32.444
roundrobin,30,srv-4:80,33.254
roundrobin,30,srv-4:80,33.960
roundrobin,30,srv-4:80,34.392
roundrobin,30,srv-4:80,33.256
roundrobin,30,srv-4:80,34.348
roundrobin,30,srv-4:80,34.790
roundrobin,30,srv-4:80,34.813
roundrobin,30,srv-4:80,34.951
roundrobin,30,srv-4:80,34.138
roundrobin,30,srv-4:80,33.265
roundrobin,30,srv-4:80,32.375
roundrobin,30,srv-4:80,32.990
roundrobin,30,srv-4:80,33.091
roundrobin,30,srv-4:80,33.616
roundrobin,30,srv-4:80,25.862
roundrobin,30,srv-5:80,33.908
roundrobin,30,srv-5:80,35.053
roundrobin,30,srv-5:80,35.196
roundrobin,30,srv-5:80,36.343
roundrobin,30,srv-5:80,36.607
roundrobin,30,srv-5:80,34.691
roundrobin,30,srv-5:80,36.352
roundrobin,30,srv-5:80,36.469
roundrobin,30,srv-5:80,36.581
roundrobin,30,srv-5:80,36.317
roundrobin,30,srv-5:80,38.018
roundrobin,30,srv-5:80,37.480
roundrobin,30,srv-5:80,35.353
roundrobin,30,srv-5:80,34.396
roundrobin,30,srv-5:80,34.660
roundrobin,30,srv-5:80,34.923
roundrobin,30,srv-5:80,33.174
roundrobin,30,srv-5:80,32.862
roundrobin,30,srv-5:80,35.700
roundrobin,30,srv-5:80,36.941
roundrobin,30,srv-5:80,35.741
roundrobin,30,srv-5:80,35.241
roundrobin,30,srv-5:80,36.165
roundrobin,30,srv-5:80,36.032
roundrobin,30,srv-5:80,37.735
roundrobin,30,srv-5:80,37.856
roundrobin,30,srv-5:80,35.220
roundrobin,30,srv-5:80,35.507
roundrobin,30,srv-5:80,37.715
roundrobin,30,srv-5:80,35.840
roundrobin,30,srv-5:80,34.215
roundrobin,30,srv-5:80,35.780
roundrobin,30,srv-5:80,34.440
roundrobin,30,srv-5:80,35.478
roundrobin,30,srv-5:80,38.005
roundrobin,30,srv-5:80,36.776
roundrobin,30,srv-5:80,34.657
roundrobin,30,srv-5:80,33.796
roundrobin,30,srv-5:80,32.800
roundrobin,30,srv-5:80,35.275
roundrobin,30,srv-5:80,35.718
roundrobin,30,srv-5:80,34.709
roundrobin,30,srv-5:80,34.540
roundrobin,30,srv-5:80,35.706
roundrobin,30,srv-5:80,35.587
roundrobin,30,srv-5:80,36.255
roundrobin,30,srv-5:80,36.718
roundrobin,30,srv-5:80,34.336
roundrobin,30,srv-5:80,34.371
roundrobin,30,srv-5:80,35.920
roundrobin,30,srv-5:80,34.704
roundrobin,30,srv-5:80,34.514
roundrobin,30,srv-5:80,35.247
roundrobin,30,srv-5:80,35.930
roundrobin,30,srv-5:80,36.663
roundrobin,30,srv-5:80,37.023
roundrobin,30,srv-5:80,36.246
roundrobin,30,srv-5:80,36.645
roundrobin,30,srv-5:80,29.754
roundrobin,30,srv-6:80,36.557
roundrobin,30,srv-6:80,35.838
roundrobin,30,srv-6:80,34.967
roundrobin,30,srv-6:80,35.289
roundrobin,30,srv-6:80,34.090
roundrobin,30,srv-6:80,35.347
roundrobin,30,srv-6:80,36.432
roundrobin,30,srv-6:80,36.880
roundrobin,30,srv-6:80,36.482
roundrobin,30,srv-6:80,37.553
roundrobin,30,srv-6:80,37.590
roundrobin,30,srv-6:80,35.011
roundrobin,30,srv-6:80,34.318
roundrobin,30,srv-6:80,36.783
roundrobin,30,srv-6:80,36.128
roundrobin,30,srv-6:80,35.305
roundrobin,30,srv-6:80,34.688
roundrobin,30,srv-6:80,35.858
roundrobin,30,srv-6:80,37.148
roundrobin,30,srv-6:80,34.720
roundrobin,30,srv-6:80,34.441
roundrobin,30,srv-6:80,35.462
roundrobin,30,srv-6:80,34.550
roundrobin,30,srv-6:80,36.233
roundrobin,30,srv-6:80,37.506
roundrobin,30,srv-6:80,36.186
roundrobin,30,srv-6:80,36.640
roundrobin,30,srv-6:80,36.791
roundrobin,30,srv-6:80,36.171
roundrobin,30,srv-6:80,34.820
roundrobin,30,srv-6:80,34.913
roundrobin,30,srv-6:80,36.850
roundrobin,30,srv-6:80,37.696
roundrobin,30,srv-6:80,37.050
roundrobin,30,srv-6:80,36.994
roundrobin,30,srv-6:80,35.444
roundrobin,30,srv-6:80,34.553
roundrobin,30,srv-6:80,35.053
roundrobin,30,srv-6:80,33.870
roundrobin,30,srv-6:80,34.723
roundrobin,30,srv-6:80,36.119
roundrobin,30,srv-6:80,35.830
roundrobin,30,srv-6:80,36.466
roundrobin,30,srv-6:80,34.467
roundrobin,30,srv-6:80,35.319
roundrobin,30,srv-6:80,37.350
roundrobin,30,srv-6:80,37.251
roundrobin,30,srv-6:80,36.581
roundrobin,30,srv-6:80,36.113
roundrobin,30,srv-6:80,36.646
roundrobin,30,srv-6:80,35.205
roundrobin,30,srv-6:80,33.807
roundrobin,30,srv-6:80,35.553
roundrobin,30,srv-6:80,34.948
roundrobin,30,srv-6:80,34.332
roundrobin,30,srv-6:80,35.688
roundrobin,30,srv-6:80,35.078
roundrobin,30,srv-6:80,33.016
roundrobin,30,srv-6:80,32.684
roundrobin,30,srv-7:80,40.624
roundrobin,30,srv-7:80,37.890
roundrobin,30,srv-7:80,36.741
roundrobin,30,srv-7:80,37.537
roundrobin,30,srv-7:80,38.430
roundrobin,30,srv-7:80,38.699
roundrobin,30,srv-7:80,40.267
roundrobin,30,srv-7:80,37.947
roundrobin,30,srv-7:80,39.594
roundrobin,30,srv-7:80,40.147
roundrobin,30,srv-7:80,37.320
roundrobin,30,srv-7:80,37.971
roundrobin,30,srv-7:80,38.789
roundrobin,30,srv-7:80,37.538
roundrobin,30,srv-7:80,36.763
roundrobin,30,srv-7:80,37.533
roundrobin,30,srv-7:80,39.700
roundrobin,30,srv-7:80,39.494
roundrobin,30,srv-7:80,37.305
roundrobin,30,srv-7:80,36.990
roundrobin,30,srv-7:80,37.317
roundrobin,30,srv-7:80,38.791
roundrobin,30,srv-7:80,38.282
roundrobin,30,srv-7:80,38.037
roundrobin,30,srv-7:80,38.957
roundrobin,30,srv-7:80,38.510
roundrobin,30,srv-7:80,36.833
roundrobin,30,srv-7:80,36.995
roundrobin,30,srv-7:80,38.168
roundrobin,30,srv-7:80,36.802
roundrobin,30,srv-7:80,36.880
roundrobin,30,srv-7:80,38.584
roundrobin,30,srv-7:80,38.430
roundrobin,30,srv-7:80,37.217
roundrobin,30,srv-7:80,37.781
roundrobin,30,srv-7:80,39.578
roundrobin,30,srv-7:80,37.598
roundrobin,30,srv-7:80,37.650
roundrobin,30,srv-7:80,39.017
roundrobin,30,srv-7:80,38.693
roundrobin,30,srv-7:80,38.007
roundrobin,30,srv-7:80,37.992
roundrobin,30,srv-7:80,39.391
roundrobin,30,srv-7:80,39.738
roundrobin,30,srv-7:80,37.408
roundrobin,30,srv-7:80,38.060
roundrobin,30,srv-7:80,37.173
roundrobin,30,srv-7:80,36.354
roundrobin,30,srv-7:80,38.655
roundrobin,30,srv-7:80,39.053
roundrobin,30,srv-7:80,36.738
roundrobin,30,srv-7:80,37.761
roundrobin,30,srv-7:80,37.897
roundrobin,30,srv-7:80,36.508
roundrobin,30,srv-7:80,38.718
roundrobin,30,srv-7:80,40.712
roundrobin,30,srv-7:80,39.324
roundrobin,30,srv-7:80,38.881
roundrobin,30,srv-7:80,31.578
roundrobin,30,srv-8:80,33.131
roundrobin,30,srv-8:80,38.950
roundrobin,30,srv-8:80,39.693
roundrobin,30,srv-8:80,39.491
roundrobin,30,srv-8:80,37.326
roundrobin,30,srv-8:80,36.985
roundrobin,30,srv-8:80,38.417
roundrobin,30,srv-8:80,38.986
roundrobin,30,srv-8:80,38.135
roundrobin,30,srv-8:80,37.016
roundrobin,30,srv-8:80,37.737
roundrobin,30,srv-8:80,36.723
roundrobin,30,srv-8:80,36.911
roundrobin,30,srv-8:80,38.340
roundrobin,30,srv-8:80,38.015
roundrobin,30,srv-8:80,35.795
roundrobin,30,srv-8:80,34.973
roundrobin,30,srv-8:80,37.034
roundrobin,30,srv-8:80,39.013
roundrobin,30,srv-8:80,37.849
roundrobin,30,srv-8:80,36.013
roundrobin,30,srv-8:80,36.398
roundrobin,30,srv-8:80,37.917
roundrobin,30,srv-8:80,37.679
roundrobin,30,srv-8:80,36.277
roundrobin,30,srv-8:80,36.132
roundrobin,30,srv-8:80,36.998
roundrobin,30,srv-8:80,36.205
roundrobin,30,srv-8:80,36.142
roundrobin,30,srv-8:80,37.944
roundrobin,30,srv-8:80,39.217
roundrobin,30,srv-8:80,37.896
roundrobin,30,srv-8:80,37.656
roundrobin,30,srv-8:80,38.211
roundrobin,30,srv-8:80,36.760
roundrobin,30,srv-8:80,36.512
roundrobin,30,srv-8:80,35.996
roundrobin,30,srv-8:80,36.181
roundrobin,30,srv-8:80,37.328
roundrobin,30,srv-8:80,37.700
roundrobin,30,srv-8:80,35.611
roundrobin,30,srv-8:80,35.699
roundrobin,30,srv-8:80,37.254
roundrobin,30,srv-8:80,39.293
roundrobin,30,srv-8:80,39.465
roundrobin,30,srv-8:80,39.291
roundrobin,30,srv-8:80,38.945
roundrobin,30,srv-8:80,37.989
roundrobin,30,srv-8:80,36.792
roundrobin,30,srv-8:80,37.460
roundrobin,30,srv-8:80,38.541
roundrobin,30,srv-8:80,39.082
roundrobin,30,srv-8:80,38.327
roundrobin,30,srv-8:80,37.433
roundrobin,30,srv-8:80,37.107
roundrobin,30,srv-8:80,38.417
roundrobin,30,srv-8:80,37.454
roundrobin,30,srv-8:80,36.500
roundrobin,30,srv-8:80,36.770
roundrobin,30,srv-9:80,30.264
roundrobin,30,srv-9:80,38.691
roundrobin,30,srv-9:80,38.897
roundrobin,30,srv-9:80,38.359
roundrobin,30,srv-9:80,39.505
roundrobin,30,srv-9:80,41.217
roundrobin,30,srv-9:80,39.189
roundrobin,30,srv-9:80,37.492
roundrobin,30,srv-9:80,37.027
roundrobin,30,srv-9:80,39.085
roundrobin,30,srv-9:80,39.515
roundrobin,30,srv-9:80,38.283
roundrobin,30,srv-9:80,39.486
roundrobin,30,srv-9:80,38.254
roundrobin,30,srv-9:80,38.041
roundrobin,30,srv-9:80,41.048
roundrobin,30,srv-9:80,40.269
roundrobin,30,srv-9:80,38.341
roundrobin,30,srv-9:80,39.974
roundrobin,30,srv-9:80,41.012
roundrobin,30,srv-9:80,40.244
roundrobin,30,srv-9:80,41.149
roundrobin,30,srv-9:80,40.290
roundrobin,30,srv-9:80,39.237
roundrobin,30,srv-9:80,38.767
roundrobin,30,srv-9:80,38.251
roundrobin,30,srv-9:80,41.959
roundrobin,30,srv-9:80,42.732
roundrobin,30,srv-9:80,41.005
roundrobin,30,srv-9:80,41.507
roundrobin,30,srv-9:80,42.784
roundrobin,30,srv-9:80,42.487
roundrobin,30,srv-9:80,39.206
roundrobin,30,srv-9:80,39.169
roundrobin,30,srv-9:80,40.487
roundrobin,30,srv-9:80,41.212
roundrobin,30,srv-9:80,41.085
roundrobin,30,srv-9:80,40.290
roundrobin,30,srv-9:80,39.402
roundrobin,30,srv-9:80,39.422
roundrobin,30,srv-9:80,40.879
roundrobin,30,srv-9:80,39.855
roundrobin,30,srv-9:80,39.967
roundrobin,30,srv-9:80,41.601
roundrobin,30,srv-9:80,41.624
roundrobin,30,srv-9:80,40.356
roundrobin,30,srv-9:80,39.180
roundrobin,30,srv-9:80,39.260
roundrobin,30,srv-9:80,41.499
roundrobin,30,srv-9:80,40.439
roundrobin,30,srv-9:80,40.019
roundrobin,30,srv-9:80,42.409
roundrobin,30,srv-9:80,40.199
roundrobin,30,srv-9:80,40.084
roundrobin,30,srv-9:80,40.362
roundrobin,30,srv-9:80,40.310
roundrobin,30,srv-9:80,40.060
roundrobin,30,srv-9:80,40.940
roundrobin,30,srv-9:80,41.146
roundrobin,75,srv-10:80,102.254
roundrobin,75,srv-10:80,109.162
roundrobin,75,srv-10:80,110.346
roundrobin,75,srv-10:80,108.631
roundrobin,75,srv-10:80,106.043
roundrobin,75,srv-10:80,111.602
roundrobin,75,srv-10:80,108.240
roundrobin,75,srv-10:80,101.601
roundrobin,75,srv-10:80,106.624
roundrobin,75,srv-10:80,106.267
roundrobin,75,srv-10:80,103.005
roundrobin,75,srv-10:80,107.886
roundrobin,75,srv-10:80,109.504
roundrobin,75,srv-10:80,107.795
roundrobin,75,srv-10:80,108.286
roundrobin,75,srv-10:80,104.392
roundrobin,75,srv-10:80,103.675
roundrobin,75,srv-10:80,107.996
roundrobin,75,srv-10:80,106.450
roundrobin,75,srv-10:80,103.757
roundrobin,75,srv-10:80,103.157
roundrobin,75,srv-10:80,104.159
roundrobin,75,srv-10:80,105.100
roundrobin,75,srv-10:80,107.612
roundrobin,75,srv-10:80,108.394
roundrobin,75,srv-10:80,108.792
roundrobin,75,srv-10:80,108.717
roundrobin,75,srv-10:80,106.704
roundrobin,75,srv-10:80,109.010
roundrobin,75,srv-10:80,107.831
roundrobin,75,srv-10:80,106.075
roundrobin,75,srv-10:80,106.702
roundrobin,75,srv-10:80,105.610
roundrobin,75,srv-10:80,108.112
roundrobin,75,srv-10:80,111.236
roundrobin,75,srv-10:80,108.810
roundrobin,75,srv-10:80,106.087
roundrobin,75,srv-10:80,106.200
roundrobin,75,srv-10:80,104.018
roundrobin,75,srv-10:80,102.116
roundrobin,75,srv-10:80,105.442
roundrobin,75,srv-10:80,102.844
roundrobin,75,srv-10:80,99.240
roundrobin,75,srv-10:80,105.706
roundrobin,75,srv-10:80,106.464
roundrobin,75,srv-10:80,105.651
roundrobin,75,srv-10:80,104.630
roundrobin,75,srv-10:80,103.826
roundrobin,75,srv-10:80,106.073
roundrobin,75,srv-10:80,107.737
roundrobin,75,srv-10:80,110.966
roundrobin,75,srv-10:80,112.012
roundrobin,75,srv-10:80,112.458
roundrobin,75,srv-10:80,108.000
roundrobin,75,srv-10:80,103.806
roundrobin,75,srv-10:80,105.719
roundrobin,75,srv-10:80,104.870
roundrobin,75,srv-10:80,104.043
roundrobin,75,srv-10:80,106.279
roundrobin,75,srv-1:80,80.864
roundrobin,75,srv-1:80,83.267
roundrobin,75,srv-1:80,83.458
roundrobin,75,srv-1:80,84.721
roundrobin,75,srv-1:80,83.507
roundrobin,75,srv-1:80,81.050
roundrobin,75,srv-1:80,81.697
roundrobin,75,srv-1:80,83.378
roundrobin,75,srv-1:80,82.357
roundrobin,75,srv-1:80,81.240
roundrobin,75,srv-1:80,82.420
roundrobin,75,srv-1:80,84.477
roundrobin,75,srv-1:80,84.960
roundrobin,75,srv-1:80,87.118
roundrobin,75,srv-1:80,87.397
roundrobin,75,srv-1:80,83.350
roundrobin,75,srv-1:80,81.809
roundrobin,75,srv-1:80,84.652
roundrobin,75,srv-1:80,84.241
roundrobin,75,srv-1:80,83.105
roundrobin,75,srv-1:80,85.301
roundrobin,75,srv-1:80,86.576
roundrobin,75,srv-1:80,83.467
roundrobin,75,srv-1:80,81.794
roundrobin,75,srv-1:80,82.985
roundrobin,75,srv-1:80,83.382
roundrobin,75,srv-1:80,85.902
roundrobin,75,srv-1:80,85.134
roundrobin,75,srv-1:80,82.904
roundrobin,75,srv-1:80,83.800
roundrobin,75,srv-1:80,85.212
roundrobin,75,srv-1:80,83.226
roundrobin,75,srv-1:80,81.124
roundrobin,75,srv-1:80,83.999
roundrobin,75,srv-1:80,86.399
roundrobin,75,srv-1:80,83.828
roundrobin,75,srv-1:80,83.368
roundrobin,75,srv-1:80,86.689
roundrobin,75,srv-1:80,83.952
roundrobin,75,srv-1:80,82.635
roundrobin,75,srv-1:80,86.888
roundrobin,75,srv-1:80,87.518
roundrobin,75,srv-1:80,84.814
roundrobin,75,srv-1:80,81.019
roundrobin,75,srv-1:80,81.166
roundrobin,75,srv-1:80,82.140
roundrobin,75,srv-1:80,82.195
roundrobin,75,srv-1:80,85.381
roundrobin,75,srv-1:80,86.236
roundrobin,75,srv-1:80,83.024
roundrobin,75,srv-1:80,83.078
roundrobin,75,srv-1:80,84.199
roundrobin,75,srv-1:80,83.519
roundrobin,75,srv-1:80,85.706
roundrobin,75,srv-1:80,85.431
roundrobin,75,srv-1:80,84.646
roundrobin,75,srv-1:80,88.220
roundrobin,75,srv-1:80,89.061
roundrobin,75,srv-1:80,85.205
roundrobin,75,srv-2:80,82.214
roundrobin,75,srv-2:80,87.005
roundrobin,75,srv-2:80,83.579
roundrobin,75,srv-2:80,82.650
roundrobin,75,srv-2:80,83.437
roundrobin,75,srv-2:80,85.836
roundrobin,75,srv-2:80,87.665
roundrobin,75,srv-2:80,86.173
roundrobin,75,srv-2:80,86.815
roundrobin,75,srv-2:80,87.219
roundrobin,75,srv-2:80,85.340
roundrobin,75,srv-2:80,84.561
roundrobin,75,srv-2:80,84.384
roundrobin,75,srv-2:80,85.363
roundrobin,75,srv-2:80,83.552
roundrobin,75,srv-2:80,81.708
roundrobin,75,srv-2:80,85.882
roundrobin,75,srv-2:80,86.354
roundrobin,75,srv-2:80,82.872
roundrobin,75,srv-2:80,82.557
roundrobin,75,srv-2:80,84.057
roundrobin,75,srv-2:80,85.445
roundrobin,75,srv-2:80,86.560
roundrobin,75,srv-2:80,84.975
roundrobin,75,srv-2:80,84.363
roundrobin,75,srv-2:80,86.730
roundrobin,75,srv-2:80,86.517
roundrobin,75,srv-2:80,84.444
roundrobin,75,srv-2:80,82.795
roundrobin,75,srv-2:80,82.501
roundrobin,75,srv-2:80,85.874
roundrobin,75,srv-2:80,87.651
roundrobin,75,srv-2:80,87.700
roundrobin,75,srv-2:80,87.706
roundrobin,75,srv-2:80,86.116
roundrobin,75,srv-2:80,86.881
roundrobin,75,srv-2:80,86.901
roundrobin,75,srv-2:80,82.997
roundrobin,75,srv-2:80,82.935
roundrobin,75,srv-2:80,86.336
roundrobin,75,srv-2:80,85.960
roundrobin,75,srv-2:80,86.543
roundrobin,75,srv-2:80,85.193
roundrobin,75,srv-2:80,82.483
roundrobin,75,srv-2:80,82.992
roundrobin,75,srv-2:80,83.844
roundrobin,75,srv-2:80,86.028
roundrobin,75,srv-2:80,85.845
roundrobin,75,srv-2:80,86.158
roundrobin,75,srv-2:80,86.073
roundrobin,75,srv-2:80,85.702
roundrobin,75,srv-2:80,85.338
roundrobin,75,srv-2:80,83.759
roundrobin,75,srv-2:80,82.956
roundrobin,75,srv-2:80,81.487
roundrobin,75,srv-2:80,83.503
roundrobin,75,srv-2:80,87.758
roundrobin,75,srv-2:80,86.582
roundrobin,75,srv-2:80,85.367
roundrobin,75,srv-3:80,85.692
roundrobin,75,srv-3:80,82.695
roundrobin,75,srv-3:80,82.137
roundrobin,75,srv-3:80,85.685
roundrobin,75,srv-3:80,87.313
roundrobin,75,srv-3:80,86.501
roundrobin,75,srv-3:80,85.531
roundrobin,75,srv-3:80,86.171
roundrobin,75,srv-3:80,87.469
roundrobin,75,srv-3:80,85.428
roundrobin,75,srv-3:80,82.167
roundrobin,75,srv-3:80,83.514
roundrobin,75,srv-3:80,85.428
roundrobin,75,srv-3:80,84.305
roundrobin,75,srv-3:80,83.489
roundrobin,75,srv-3:80,84.355
roundrobin,75,srv-3:80,84.359
roundrobin,75,srv-3:80,85.636
roundrobin,75,srv-3:80,84.729
roundrobin,75,srv-3:80,83.173
roundrobin,75,srv-3:80,83.860
roundrobin,75,srv-3:80,83.889
roundrobin,75,srv-3:80,83.990
roundrobin,75,srv-3:80,86.030
roundrobin,75,srv-3:80,86.641
roundrobin,75,srv-3:80,85.118
roundrobin,75,srv-3:80,84.791
roundrobin,75,srv-3:80,82.225
roundrobin,75,srv-3:80,81.437
roundrobin,75,srv-3:80,80.986
roundrobin,75,srv-3:80,80.677
roundrobin,75,srv-3:80,83.466
roundrobin,75,srv-3:80,83.027
roundrobin,75,srv-3:80,81.165
roundrobin,75,srv-3:80,82.233
roundrobin,75,srv-3:80,83.348
roundrobin,75,srv-3:80,84.702
roundrobin,75,srv-3:80,87.133
roundrobin,75,srv-3:80,87.565
roundrobin,75,srv-3:80,88.064
roundrobin,75,srv-3:80,84.917
roundrobin,75,srv-3:80,82.753
roundrobin,75,srv-3:80,83.723
roundrobin,75,srv-3:80,82.801
roundrobin,75,srv-3:80,84.511
roundrobin,75,srv-3:80,83.670
roundrobin,75,srv-3:80,84.718
roundrobin,75,srv-3:80,84.893
roundrobin,75,srv-3:80,83.279
roundrobin,75,srv-3:80,83.635
roundrobin,75,srv-3:80,81.872
roundrobin,75,srv-3:80,84.352
roundrobin,75,srv-3:80,84.382
roundrobin,75,srv-3:80,83.464
roundrobin,75,srv-3:80,85.615
roundrobin,75,srv-3:80,85.436
roundrobin,75,srv-3:80,85.216
roundrobin,75,srv-3:80,85.673
roundrobin,75,srv-3:80,70.010
roundrobin,75,srv-4:80,83.303
roundrobin,75,srv-4:80,83.272
roundrobin,75,srv-4:80,84.050
roundrobin,75,srv-4:80,84.702
roundrobin,75,srv-4:80,84.207
roundrobin,75,srv-4:80,80.815
roundrobin,75,srv-4:80,80.471
roundrobin,75,srv-4:80,85.085
roundrobin,75,srv-4:80,86.243
roundrobin,75,srv-4:80,81.906
roundrobin,75,srv-4:80,82.441
roundrobin,75,srv-4:80,83.434
roundrobin,75,srv-4:80,83.800
roundrobin,75,srv-4:80,86.601
roundrobin,75,srv-4:80,86.732
roundrobin,75,srv-4:80,85.488
roundrobin,75,srv-4:80,84.584
roundrobin,75,srv-4:80,81.054
roundrobin,75,srv-4:80,85.004
roundrobin,75,srv-4:80,88.557
roundrobin,75,srv-4:80,87.318
roundrobin,75,srv-4:80,89.108
roundrobin,75,srv-4:80,87.031
roundrobin,75,srv-4:80,83.698
roundrobin,75,srv-4:80,83.200
roundrobin,75,srv-4:80,82.521
roundrobin,75,srv-4:80,82.929
roundrobin,75,srv-4:80,87.462
roundrobin,75,srv-4:80,87.574
roundrobin,75,srv-4:80,84.967
roundrobin,75,srv-4:80,83.370
roundrobin,75,srv-4:80,81.465
roundrobin,75,srv-4:80,82.372
roundrobin,75,srv-4:80,85.395
roundrobin,75,srv-4:80,84.401
roundrobin,75,srv-4:80,85.671
roundrobin,75,srv-4:80,87.930
roundrobin,75,srv-4:80,83.932
roundrobin,75,srv-4:80,82.641
roundrobin,75,srv-4:80,81.819
roundrobin,75,srv-4:80,78.772
roundrobin,75,srv-4:80,81.600
roundrobin,75,srv-4:80,86.959
roundrobin,75,srv-4:80,85.681
roundrobin,75,srv-4:80,81.862
roundrobin,75,srv-4:80,82.500
roundrobin,75,srv-4:80,83.581
roundrobin,75,srv-4:80,82.749
roundrobin,75,srv-4:80,83.837
roundrobin,75,srv-4:80,85.123
roundrobin,75,srv-4:80,87.256
roundrobin,75,srv-4:80,85.209
roundrobin,75,srv-4:80,81.329
roundrobin,75,srv-4:80,83.058
roundrobin,75,srv-4:80,81.741
roundrobin,75,srv-4:80,81.951
roundrobin,75,srv-4:80,83.656
roundrobin,75,srv-4:80,81.041
roundrobin,75,srv-4:80,80.897
roundrobin,75,srv-5:80,92.567
roundrobin,75,srv-5:80,94.179
roundrobin,75,srv-5:80,91.939
roundrobin,75,srv-5:80,93.774
roundrobin,75,srv-5:80,94.337
roundrobin,75,srv-5:80,93.778
roundrobin,75,srv-5:80,93.309
roundrobin,75,srv-5:80,89.672
roundrobin,75,srv-5:80,92.564
roundrobin,75,srv-5:80,91.500
roundrobin,75,srv-5:80,91.977
roundrobin,75,srv-5:80,92.376
roundrobin,75,srv-5:80,95.613
roundrobin,75,srv-5:80,93.815
roundrobin,75,srv-5:80,89.557
roundrobin,75,srv-5:80,92.254
roundrobin,75,srv-5:80,94.280
roundrobin,75,srv-5:80,91.912
roundrobin,75,srv-5:80,92.891
roundrobin,75,srv-5:80,93.889
roundrobin,75,srv-5:80,94.525
roundrobin,75,srv-5:80,89.555
roundrobin,75,srv-5:80,89.271
roundrobin,75,srv-5:80,91.326
roundrobin,75,srv-5:80,91.886
roundrobin,75,srv-5:80,90.151
roundrobin,75,srv-5:80,90.201
roundrobin,75,srv-5:80,92.839
roundrobin,75,srv-5:80,93.046
roundrobin,75,srv-5:80,92.038
roundrobin,75,srv-5:80,94.638
roundrobin,75,srv-5:80,96.293
roundrobin,75,srv-5:80,97.212
roundrobin,75,srv-5:80,94.773
roundrobin,75,srv-5:80,90.801
roundrobin,75,srv-5:80,91.804
roundrobin,75,srv-5:80,93.914
roundrobin,75,srv-5:80,97.240
roundrobin,75,srv-5:80,95.824
roundrobin,75,srv-5:80,92.235
roundrobin,75,srv-5:80,90.820
roundrobin,75,srv-5:80,91.238
roundrobin,75,srv-5:80,91.635
roundrobin,75,srv-5:80,92.819
roundrobin,75,srv-5:80,96.411
roundrobin,75,srv-5:80,94.262
roundrobin,75,srv-5:80,90.727
roundrobin,75,srv-5:80,93.144
roundrobin,75,srv-5:80,92.012
roundrobin,75,srv-5:80,94.272
roundrobin,75,srv-5:80,95.374
roundrobin,75,srv-5:80,93.343
roundrobin,75,srv-5:80,90.541
roundrobin,75,srv-5:80,91.363
roundrobin,75,srv-5:80,93.810
roundrobin,75,srv-5:80,93.897
roundrobin,75,srv-5:80,91.179
roundrobin,75,srv-5:80,92.921
roundrobin,75,srv-5:80,90.154
roundrobin,75,srv-6:80,76.923
roundrobin,75,srv-6:80,89.541
roundrobin,75,srv-6:80,90.853
roundrobin,75,srv-6:80,91.499
roundrobin,75,srv-6:80,94.593
roundrobin,75,srv-6:80,96.198
roundrobin,75,srv-6:80,93.757
roundrobin,75,srv-6:80,92.594
roundrobin,75,srv-6:80,93.819
roundrobin,75,srv-6:80,96.351
roundrobin,75,srv-6:80,95.777
roundrobin,75,srv-6:80,96.291
roundrobin,75,srv-6:80,95.504
roundrobin,75,srv-6:80,95.317
roundrobin,75,srv-6:80,92.327
roundrobin,75,srv-6:80,90.548
roundrobin,75,srv-6:80,88.851
roundrobin,75,srv-6:80,88.093
roundrobin,75,srv-6:80,89.939
roundrobin,75,srv-6:80,92.093
roundrobin,75,srv-6:80,91.294
roundrobin,75,srv-6:80,92.031
roundrobin,75,srv-6:80,92.458
roundrobin,75,srv-6:80,92.821
roundrobin,75,srv-6:80,89.474
roundrobin,75,srv-6:80,92.084
roundrobin,75,srv-6:80,98.098
roundrobin,75,srv-6:80,96.378
roundrobin,75,srv-6:80,90.881
roundrobin,75,srv-6:80,91.804
roundrobin,75,srv-6:80,92.061
roundrobin,75,srv-6:80,93.715
roundrobin,75,srv-6:80,93.095
roundrobin,75,srv-6:80,90.945
roundrobin,75,srv-6:80,90.147
roundrobin,75,srv-6:80,91.447
roundrobin,75,srv-6:80,94.004
roundrobin,75,srv-6:80,95.095
roundrobin,75,srv-6:80,91.937
roundrobin,75,srv-6:80,90.430
roundrobin,75,srv-6:80,91.799
roundrobin,75,srv-6:80,93.854
roundrobin,75,srv-6:80,92.889
roundrobin,75,srv-6:80,92.386
roundrobin,75,srv-6:80,94.459
roundrobin,75,srv-6:80,92.208
roundrobin,75,srv-6:80,90.499
roundrobin,75,srv-6:80,89.830
roundrobin,75,srv-6:80,89.932
roundrobin,75,srv-6:80,88.771
roundrobin,75,srv-6:80,89.604
roundrobin,75,srv-6:80,90.822
roundrobin,75,srv-6:80,93.408
roundrobin,75,srv-6:80,91.786
roundrobin,75,srv-6:80,91.799
roundrobin,75,srv-6:80,90.608
roundrobin,75,srv-6:80,94.085
roundrobin,75,srv-6:80,94.839
roundrobin,75,srv-6:80,90.176
roundrobin,75,srv-7:80,100.420
roundrobin,75,srv-7:80,105.787
roundrobin,75,srv-7:80,100.067
roundrobin,75,srv-7:80,97.204
roundrobin,75,srv-7:80,98.146
roundrobin,75,srv-7:80,103.023
roundrobin,75,srv-7:80,99.817
roundrobin,75,srv-7:80,93.901
roundrobin,75,srv-7:80,99.666
roundrobin,75,srv-7:80,101.838
roundrobin,75,srv-7:80,101.415
roundrobin,75,srv-7:80,100.329
roundrobin,75,srv-7:80,98.949
roundrobin,75,srv-7:80,98.395
roundrobin,75,srv-7:80,99.244
roundrobin,75,srv-7:80,97.584
roundrobin,75,srv-7:80,100.409
roundrobin,75,srv-7:80,103.221
roundrobin,75,srv-7:80,105.221
roundrobin,75,srv-7:80,101.289
roundrobin,75,srv-7:80,99.213
roundrobin,75,srv-7:80,102.121
roundrobin,75,srv-7:80,103.349
roundrobin,75,srv-7:80,101.398
roundrobin,75,srv-7:80,103.879
roundrobin,75,srv-7:80,101.891
roundrobin,75,srv-7:80,102.837
roundrobin,75,srv-7:80,103.455
roundrobin,75,srv-7:80,98.791
roundrobin,75,srv-7:80,98.561
roundrobin,75,srv-7:80,101.059
roundrobin,75,srv-7:80,99.865
roundrobin,75,srv-7:80,98.729
roundrobin,75,srv-7:80,103.867
roundrobin,75,srv-7:80,98.952
roundrobin,75,srv-7:80,96.067
roundrobin,75,srv-7:80,96.878
roundrobin,75,srv-7:80,95.504
roundrobin,75,srv-7:80,101.233
roundrobin,75,srv-7:80,103.519
roundrobin,75,srv-7:80,99.910
roundrobin,75,srv-7:80,103.500
roundrobin,75,srv-7:80,105.687
roundrobin,75,srv-7:80,97.760
roundrobin,75,srv-7:80,96.616
roundrobin,75,srv-7:80,102.881
roundrobin,75,srv-7:80,101.192
roundrobin,75,srv-7:80,99.717
roundrobin,75,srv-7:80,97.550
roundrobin,75,srv-7:80,101.864
roundrobin,75,srv-7:80,103.950
roundrobin,75,srv-7:80,102.289
roundrobin,75,srv-7:80,102.501
roundrobin,75,srv-7:80,100.648
roundrobin,75,srv-7:80,101.928
roundrobin,75,srv-7:80,103.871
roundrobin,75,srv-7:80,99.110
roundrobin,75,srv-7:80,99.957
roundrobin,75,srv-7:80,100.948
roundrobin,75,srv-8:80,98.082
roundrobin,75,srv-8:80,104.316
roundrobin,75,srv-8:80,103.964
roundrobin,75,srv-8:80,101.129
roundrobin,75,srv-8:80,101.415
roundrobin,75,srv-8:80,103.390
roundrobin,75,srv-8:80,103.853
roundrobin,75,srv-8:80,99.480
roundrobin,75,srv-8:80,98.411
roundrobin,75,srv-8:80,99.566
roundrobin,75,srv-8:80,99.752
roundrobin,75,srv-8:80,100.941
roundrobin,75,srv-8:80,104.955
roundrobin,75,srv-8:80,101.396
roundrobin,75,srv-8:80,98.438
roundrobin,75,srv-8:80,103.524
roundrobin,75,srv-8:80,103.507
roundrobin,75,srv-8:80,99.007
roundrobin,75,srv-8:80,95.030
roundrobin,75,srv-8:80,97.722
roundrobin,75,srv-8:80,99.460
roundrobin,75,srv-8:80,98.795
roundrobin,75,srv-8:80,97.047
roundrobin,75,srv-8:80,99.480
roundrobin,75,srv-8:80,101.805
roundrobin,75,srv-8:80,101.140
roundrobin,75,srv-8:80,101.121
roundrobin,75,srv-8:80,101.738
roundrobin,75,srv-8:80,99.575
roundrobin,75,srv-8:80,97.447
roundrobin,75,srv-8:80,96.867
roundrobin,75,srv-8:80,100.960
roundrobin,75,srv-8:80,97.389
roundrobin,75,srv-8:80,93.783
roundrobin,75,srv-8:80,94.503
roundrobin,75,srv-8:80,98.502
roundrobin,75,srv-8:80,99.916
roundrobin,75,srv-8:80,95.190
roundrobin,75,srv-8:80,96.635
roundrobin,75,srv-8:80,98.433
roundrobin,75,srv-8:80,98.989
roundrobin,75,srv-8:80,99.317
roundrobin,75,srv-8:80,93.872
roundrobin,75,srv-8:80,95.628
roundrobin,75,srv-8:80,101.480
roundrobin,75,srv-8:80,102.614
roundrobin,75,srv-8:80,100.638
roundrobin,75,srv-8:80,100.779
roundrobin,75,srv-8:80,102.710
roundrobin,75,srv-8:80,101.761
roundrobin,75,srv-8:80,101.748
roundrobin,75,srv-8:80,101.906
roundrobin,75,srv-8:80,100.114
roundrobin,75,srv-8:80,100.373
roundrobin,75,srv-8:80,102.585
roundrobin,75,srv-8:80,101.476
roundrobin,75,srv-8:80,101.312
roundrobin,75,srv-8:80,99.271
roundrobin,75,srv-8:80,91.361
roundrobin,75,srv-9:80,106.408
roundrobin,75,srv-9:80,106.044
roundrobin,75,srv-9:80,103.662
roundrobin,75,srv-9:80,103.041
roundrobin,75,srv-9:80,106.329
roundrobin,75,srv-9:80,107.512
roundrobin,75,srv-9:80,105.781
roundrobin,75,srv-9:80,106.572
roundrobin,75,srv-9:80,107.347
roundrobin,75,srv-9:80,111.480
roundrobin,75,srv-9:80,109.107
roundrobin,75,srv-9:80,101.165
roundrobin,75,srv-9:80,101.393
roundrobin,75,srv-9:80,104.677
roundrobin,75,srv-9:80,104.001
roundrobin,75,srv-9:80,107.278
roundrobin,75,srv-9:80,108.404
roundrobin,75,srv-9:80,105.938
roundrobin,75,srv-9:80,103.302
roundrobin,75,srv-9:80,103.729
roundrobin,75,srv-9:80,107.435
roundrobin,75,srv-9:80,104.871
roundrobin,75,srv-9:80,101.635
roundrobin,75,srv-9:80,104.267
roundrobin,75,srv-9:80,108.708
roundrobin,75,srv-9:80,109.624
roundrobin,75,srv-9:80,107.763
roundrobin,75,srv-9:80,105.610
roundrobin,75,srv-9:80,104.413
roundrobin,75,srv-9:80,105.826
roundrobin,75,srv-9:80,106.318
roundrobin,75,srv-9:80,101.996
roundrobin,75,srv-9:80,99.880
roundrobin,75,srv-9:80,102.414
roundrobin,75,srv-9:80,103.615
roundrobin,75,srv-9:80,104.862
roundrobin,75,srv-9:80,107.095
roundrobin,75,srv-9:80,108.035
roundrobin,75,srv-9:80,107.408
roundrobin,75,srv-9:80,105.122
roundrobin,75,srv-9:80,107.008
roundrobin,75,srv-9:80,109.423
roundrobin,75,srv-9:80,107.742
roundrobin,75,srv-9:80,103.740
roundrobin,75,srv-9:80,102.511
roundrobin,75,srv-9:80,105.355
roundrobin,75,srv-9:80,105.965
roundrobin,75,srv-9:80,105.280
roundrobin,75,srv-9:80,108.047
roundrobin,75,srv-9:80,110.330
roundrobin,75,srv-9:80,106.341
roundrobin,75,srv-9:80,104.318
roundrobin,75,srv-9:80,106.350
roundrobin,75,srv-9:80,103.627
roundrobin,75,srv-9:80,104.525
roundrobin,75,srv-9:80,115.807
roundrobin,75,srv-9:80,112.810
roundrobin,75,srv-9:80,101.783
roundrobin,75,srv-9:80,98.968
roundrobin,83,srv-10:80,111.395
roundrobin,83,srv-10:80,114.277
roundrobin,83,srv-10:80,119.221
roundrobin,83,srv-10:80,116.975
roundrobin,83,srv-10:80,116.408
roundrobin,83,srv-10:80,114.351
roundrobin,83,srv-10:80,114.723
roundrobin,83,srv-10:80,123.882
roundrobin,83,srv-10:80,118.426
roundrobin,83,srv-10:80,114.112
roundrobin,83,srv-10:80,122.569
roundrobin,83,srv-10:80,114.178
roundrobin,83,srv-10:80,112.436
roundrobin,83,srv-10:80,126.378
roundrobin,83,srv-10:80,119.003
roundrobin,83,srv-10:80,114.299
roundrobin,83,srv-10:80,116.635
roundrobin,83,srv-10:80,115.307
roundrobin,83,srv-10:80,118.811
roundrobin,83,srv-10:80,117.372
roundrobin,83,srv-10:80,117.587
roundrobin,83,srv-10:80,117.713
roundrobin,83,srv-10:80,137.719
roundrobin,83,srv-10:80,120.592
roundrobin,83,srv-10:80,101.320
roundrobin,83,srv-10:80,119.408
roundrobin,83,srv-10:80,121.962
roundrobin,83,srv-10:80,121.940
roundrobin,83,srv-10:80,119.527
roundrobin,83,srv-10:80,117.841
roundrobin,83,srv-10:80,116.808
roundrobin,83,srv-10:80,116.637
roundrobin,83,srv-10:80,121.753
roundrobin,83,srv-10:80,111.629
roundrobin,83,srv-10:80,104.876
roundrobin,83,srv-10:80,115.049
roundrobin,83,srv-10:80,118.336
roundrobin,83,srv-10:80,120.158
roundrobin,83,srv-10:80,116.004
roundrobin,83,srv-10:80,112.444
roundrobin,83,srv-10:80,115.980
roundrobin,83,srv-10:80,115.433
roundrobin,83,srv-10:80,115.062
roundrobin,83,srv-10:80,117.647
roundrobin,83,srv-10:80,116.391
roundrobin,83,srv-10:80,113.666
roundrobin,83,srv-10:80,118.497
roundrobin,83,srv-10:80,122.483
roundrobin,83,srv-10:80,112.959
roundrobin,83,srv-10:80,115.418
roundrobin,83,srv-10:80,131.054
roundrobin,83,srv-10:80,115.536
roundrobin,83,srv-10:80,102.903
roundrobin,83,srv-10:80,115.417
roundrobin,83,srv-10:80,115.953
roundrobin,83,srv-10:80,119.904
roundrobin,83,srv-10:80,120.208
roundrobin,83,srv-10:80,120.437
roundrobin,83,srv-10:80,122.195
roundrobin,83,srv-10:80,60.571
roundrobin,83,srv-1:80,88.250
roundrobin,83,srv-1:80,91.949
roundrobin,83,srv-1:80,93.060
roundrobin,83,srv-1:80,91.185
roundrobin,83,srv-1:80,91.738
roundrobin,83,srv-1:80,91.915
roundrobin,83,srv-1:80,91.586
roundrobin,83,srv-1:80,93.195
roundrobin,83,srv-1:80,94.782
roundrobin,83,srv-1:80,94.919
roundrobin,83,srv-1:80,93.663
roundrobin,83,srv-1:80,92.072
roundrobin,83,srv-1:80,94.169
roundrobin,83,srv-1:80,91.620
roundrobin,83,srv-1:80,88.539
roundrobin,83,srv-1:80,88.666
roundrobin,83,srv-1:80,91.444
roundrobin,83,srv-1:80,93.877
roundrobin,83,srv-1:80,92.256
roundrobin,83,srv-1:80,92.086
roundrobin,83,srv-1:80,92.539
roundrobin,83,srv-1:80,94.294
roundrobin,83,srv-1:80,93.034
roundrobin,83,srv-1:80,92.811
roundrobin,83,srv-1:80,95.147
roundrobin,83,srv-1:80,92.025
roundrobin,83,srv-1:80,92.665
roundrobin,83,srv-1:80,95.618
roundrobin,83,srv-1:80,93.044
roundrobin,83,srv-1:80,90.059
roundrobin,83,srv-1:80,91.817
roundrobin,83,srv-1:80,94.467
roundrobin,83,srv-1:80,92.148
roundrobin,83,srv-1:80,93.035
roundrobin,83,srv-1:80,94.382
roundrobin,83,srv-1:80,94.439
roundrobin,83,srv-1:80,96.477
roundrobin,83,srv-1:80,94.670
roundrobin,83,srv-1:80,95.505
roundrobin,83,srv-1:80,96.275
roundrobin,83,srv-1:80,92.833
roundrobin,83,srv-1:80,91.202
roundrobin,83,srv-1:80,95.028
roundrobin,83,srv-1:80,96.635
roundrobin,83,srv-1:80,92.421
roundrobin,83,srv-1:80,91.985
roundrobin,83,srv-1:80,92.767
roundrobin,83,srv-1:80,92.087
roundrobin,83,srv-1:80,94.139
roundrobin,83,srv-1:80,95.525
roundrobin,83,srv-1:80,93.116
roundrobin,83,srv-1:80,88.540
roundrobin,83,srv-1:80,90.880
roundrobin,83,srv-1:80,95.289
roundrobin,83,srv-1:80,91.861
roundrobin,83,srv-1:80,92.263
roundrobin,83,srv-1:80,95.212
roundrobin,83,srv-1:80,92.745
roundrobin,83,srv-1:80,88.008
roundrobin,83,srv-1:80,42.808
roundrobin,83,srv-2:80,95.419
roundrobin,83,srv-2:80,95.117
roundrobin,83,srv-2:80,93.001
roundrobin,83,srv-2:80,94.869
roundrobin,83,srv-2:80,95.052
roundrobin,83,srv-2:80,94.334
roundrobin,83,srv-2:80,94.743
roundrobin,83,srv-2:80,93.952
roundrobin,83,srv-2:80,92.559
roundrobin,83,srv-2:80,92.352
roundrobin,83,srv-2:80,95.027
roundrobin,83,srv-2:80,94.603
roundrobin,83,srv-2:80,91.980
roundrobin,83,srv-2:80,94.891
roundrobin,83,srv-2:80,98.507
roundrobin,83,srv-2:80,96.964
roundrobin,83,srv-2:80,95.231
roundrobin,83,srv-2:80,94.473
roundrobin,83,srv-2:80,93.114
roundrobin,83,srv-2:80,91.912
roundrobin,83,srv-2:80,92.332
roundrobin,83,srv-2:80,94.538
roundrobin,83,srv-2:80,94.411
roundrobin,83,srv-2:80,96.470
roundrobin,83,srv-2:80,94.524
roundrobin,83,srv-2:80,93.905
roundrobin,83,srv-2:80,98.327
roundrobin,83,srv-2:80,96.680
roundrobin,83,srv-2:80,98.442
roundrobin,83,srv-2:80,97.399
roundrobin,83,srv-2:80,94.500
roundrobin,83,srv-2:80,93.863
roundrobin,83,srv-2:80,92.901
roundrobin,83,srv-2:80,94.511
roundrobin,83,srv-2:80,93.194
roundrobin,83,srv-2:80,91.317
roundrobin,83,srv-2:80,91.139
roundrobin,83,srv-2:80,93.337
roundrobin,83,srv-2:80,94.827
roundrobin,83,srv-2:80,93.769
roundrobin,83,srv-2:80,97.093
roundrobin,83,srv-2:80,96.636
roundrobin,83,srv-2:80,92.558
roundrobin,83,srv-2:80,91.849
roundrobin,83,srv-2:80,93.740
roundrobin,83,srv-2:80,95.525
roundrobin,83,srv-2:80,95.243
roundrobin,83,srv-2:80,93.910
roundrobin,83,srv-2:80,93.671
roundrobin,83,srv-2:80,97.707
roundrobin,83,srv-2:80,98.511
roundrobin,83,srv-2:80,94.243
roundrobin,83,srv-2:80,90.636
roundrobin,83,srv-2:80,91.806
roundrobin,83,srv-2:80,95.972
roundrobin,83,srv-2:80,94.896
roundrobin,83,srv-2:80,92.164
roundrobin,83,srv-2:80,93.060
roundrobin,83,srv-2:80,90.371
roundrobin,83,srv-2:80,43.482
roundrobin,83,srv-3:80,92.679
roundrobin,83,srv-3:80,91.299
roundrobin,83,srv-3:80,92.396
roundrobin,83,srv-3:80,92.939
roundrobin,83,srv-3:80,92.127
roundrobin,83,srv-3:80,95.150
roundrobin,83,srv-3:80,95.706
roundrobin,83,srv-3:80,94.807
roundrobin,83,srv-3:80,94.485
roundrobin,83,srv-3:80,93.850
roundrobin,83,srv-3:80,93.700
roundrobin,83,srv-3:80,93.647
roundrobin,83,srv-3:80,92.099
roundrobin,83,srv-3:80,91.369
roundrobin,83,srv-3:80,93.905
roundrobin,83,srv-3:80,95.085
roundrobin,83,srv-3:80,92.347
roundrobin,83,srv-3:80,90.707
roundrobin,83,srv-3:80,90.993
roundrobin,83,srv-3:80,93.441
roundrobin,83,srv-3:80,90.940
roundrobin,83,srv-3:80,90.996
roundrobin,83,srv-3:80,96.481
roundrobin,83,srv-3:80,92.887
roundrobin,83,srv-3:80,93.941
roundrobin,83,srv-3:80,98.375
roundrobin,83,srv-3:80,97.764
roundrobin,83,srv-3:80,94.203
roundrobin,83,srv-3:80,91.857
roundrobin,83,srv-3:80,92.754
roundrobin,83,srv-3:80,94.198
roundrobin,83,srv-3:80,95.370
roundrobin,83,srv-3:80,93.744
roundrobin,83,srv-3:80,95.286
roundrobin,83,srv-3:80,94.808
roundrobin,83,srv-3:80,92.562
roundrobin,83,srv-3:80,94.831
roundrobin,83,srv-3:80,92.900
roundrobin,83,srv-3:80,91.936
roundrobin,83,srv-3:80,94.838
roundrobin,83,srv-3:80,92.761
roundrobin,83,srv-3:80,90.769
roundrobin,83,srv-3:80,92.846
roundrobin,83,srv-3:80,93.726
roundrobin,83,srv-3:80,92.552
roundrobin,83,srv-3:80,93.850
roundrobin,83,srv-3:80,94.547
roundrobin,83,srv-3:80,92.685
roundrobin,83,srv-3:80,92.415
roundrobin,83,srv-3:80,94.364
roundrobin,83,srv-3:80,95.292
roundrobin,83,srv-3:80,94.040
roundrobin,83,srv-3:80,93.154
roundrobin,83,srv-3:80,93.494
roundrobin,83,srv-3:80,93.278
roundrobin,83,srv-3:80,94.426
roundrobin,83,srv-3:80,93.402
roundrobin,83,srv-3:80,90.315
roundrobin,83,srv-3:80,70.483
roundrobin,83,srv-3:80,25.480
roundrobin,83,srv-4:80,95.833
roundrobin,83,srv-4:80,93.315
roundrobin,83,srv-4:80,92.499
roundrobin,83,srv-4:80,93.427
roundrobin,83,srv-4:80,94.163
roundrobin,83,srv-4:80,95.214
roundrobin,83,srv-4:80,94.026
roundrobin,83,srv-4:80,92.166
roundrobin,83,srv-4:80,92.693
roundrobin,83,srv-4:80,96.057
roundrobin,83,srv-4:80,96.395
roundrobin,83,srv-4:80,91.298
roundrobin,83,srv-4:80,91.826
roundrobin,83,srv-4:80,96.746
roundrobin,83,srv-4:80,97.284
roundrobin,83,srv-4:80,96.633
roundrobin,83,srv-4:80,96.716
roundrobin,83,srv-4:80,92.937
roundrobin,83,srv-4:80,90.859
roundrobin,83,srv-4:80,93.376
roundrobin,83,srv-4:80,95.379
roundrobin,83,srv-4:80,94.680
roundrobin,83,srv-4:80,95.805
roundrobin,83,srv-4:80,95.000
roundrobin,83,srv-4:80,92.966
roundrobin,83,srv-4:80,96.064
roundrobin,83,srv-4:80,96.933
roundrobin,83,srv-4:80,93.847
roundrobin,83,srv-4:80,92.835
roundrobin,83,srv-4:80,92.448
roundrobin,83,srv-4:80,93.177
roundrobin,83,srv-4:80,94.457
roundrobin,83,srv-4:80,94.977
roundrobin,83,srv-4:80,95.728
roundrobin,83,srv-4:80,95.375
roundrobin,83,srv-4:80,93.548
roundrobin,83,srv-4:80,93.117
roundrobin,83,srv-4:80,95.281
roundrobin,83,srv-4:80,95.969
roundrobin,83,srv-4:80,94.604
roundrobin,83,srv-4:80,92.621
roundrobin,83,srv-4:80,93.480
roundrobin,83,srv-4:80,93.207
roundrobin,83,srv-4:80,91.239
roundrobin,83,srv-4:80,93.675
roundrobin,83,srv-4:80,96.227
roundrobin,83,srv-4:80,96.123
roundrobin,83,srv-4:80,93.203
roundrobin,83,srv-4:80,93.027
roundrobin,83,srv-4:80,94.674
roundrobin,83,srv-4:80,94.430
roundrobin,83,srv-4:80,94.169
roundrobin,83,srv-4:80,93.469
roundrobin,83,srv-4:80,97.799
roundrobin,83,srv-4:80,93.297
roundrobin,83,srv-4:80,86.789
roundrobin,83,srv-4:80,90.932
roundrobin,83,srv-4:80,94.807
roundrobin,83,srv-4:80,88.529
roundrobin,83,srv-4:80,40.321
roundrobin,83,srv-5:80,101.829
roundrobin,83,srv-5:80,104.277
roundrobin,83,srv-5:80,104.731
roundrobin,83,srv-5:80,102.542
roundrobin,83,srv-5:80,100.547
roundrobin,83,srv-5:80,103.734
roundrobin,83,srv-5:80,107.572
roundrobin,83,srv-5:80,106.595
roundrobin,83,srv-5:80,106.295
roundrobin,83,srv-5:80,103.293
roundrobin,83,srv-5:80,100.402
roundrobin,83,srv-5:80,103.851
roundrobin,83,srv-5:80,104.619
roundrobin,83,srv-5:80,103.662
roundrobin,83,srv-5:80,102.808
roundrobin,83,srv-5:80,101.123
roundrobin,83,srv-5:80,104.517
roundrobin,83,srv-5:80,103.186
roundrobin,83,srv-5:80,104.107
roundrobin,83,srv-5:80,106.988
roundrobin,83,srv-5:80,105.373
roundrobin,83,srv-5:80,103.534
roundrobin,83,srv-5:80,105.660
roundrobin,83,srv-5:80,103.510
roundrobin,83,srv-5:80,106.699
roundrobin,83,srv-5:80,104.491
roundrobin,83,srv-5:80,101.626
roundrobin,83,srv-5:80,99.207
roundrobin,83,srv-5:80,104.204
roundrobin,83,srv-5:80,109.667
roundrobin,83,srv-5:80,105.465
roundrobin,83,srv-5:80,97.303
roundrobin,83,srv-5:80,98.159
roundrobin,83,srv-5:80,103.611
roundrobin,83,srv-5:80,105.294
roundrobin,83,srv-5:80,105.152
roundrobin,83,srv-5:80,103.160
roundrobin,83,srv-5:80,102.513
roundrobin,83,srv-5:80,104.623
roundrobin,83,srv-5:80,104.134
roundrobin,83,srv-5:80,103.384
roundrobin,83,srv-5:80,102.946
roundrobin,83,srv-5:80,105.905
roundrobin,83,srv-5:80,108.515
roundrobin,83,srv-5:80,106.293
roundrobin,83,srv-5:80,102.873
roundrobin,83,srv-5:80,103.301
roundrobin,83,srv-5:80,105.362
roundrobin,83,srv-5:80,102.554
roundrobin,83,srv-5:80,103.000
roundrobin,83,srv-5:80,106.861
roundrobin,83,srv-5:80,103.908
roundrobin,83,srv-5:80,99.982
roundrobin,83,srv-5:80,105.296
roundrobin,83,srv-5:80,105.828
roundrobin,83,srv-5:80,103.125
roundrobin,83,srv-5:80,101.407
roundrobin,83,srv-5:80,103.536
roundrobin,83,srv-5:80,96.630
roundrobin,83,srv-5:80,45.573
roundrobin,83,srv-6:80,95.244
roundrobin,83,srv-6:80,102.218
roundrobin,83,srv-6:80,102.156
roundrobin,83,srv-6:80,103.530
roundrobin,83,srv-6:80,102.022
roundrobin,83,srv-6:80,102.713
roundrobin,83,srv-6:80,104.361
roundrobin,83,srv-6:80,101.302
roundrobin,83,srv-6:80,99.392
roundrobin,83,srv-6:80,100.566
roundrobin,83,srv-6:80,103.378
roundrobin,83,srv-6:80,105.370
roundrobin,83,srv-6:80,104.674
roundrobin,83,srv-6:80,104.524
roundrobin,83,srv-6:80,103.826
roundrobin,83,srv-6:80,102.376
roundrobin,83,srv-6:80,105.973
roundrobin,83,srv-6:80,107.770
roundrobin,83,srv-6:80,103.440
roundrobin,83,srv-6:80,101.777
roundrobin,83,srv-6:80,99.587
roundrobin,83,srv-6:80,102.382
roundrobin,83,srv-6:80,101.723
roundrobin,83,srv-6:80,102.917
roundrobin,83,srv-6:80,103.025
roundrobin,83,srv-6:80,106.624
roundrobin,83,srv-6:80,111.841
roundrobin,83,srv-6:80,107.002
roundrobin,83,srv-6:80,102.571
roundrobin,83,srv-6:80,106.827
roundrobin,83,srv-6:80,104.737
roundrobin,83,srv-6:80,101.584
roundrobin,83,srv-6:80,100.336
roundrobin,83,srv-6:80,104.269
roundrobin,83,srv-6:80,107.094
roundrobin,83,srv-6:80,101.534
roundrobin,83,srv-6:80,102.745
roundrobin,83,srv-6:80,105.658
roundrobin,83,srv-6:80,101.830
roundrobin,83,srv-6:80,104.429
roundrobin,83,srv-6:80,101.999
roundrobin,83,srv-6:80,101.763
roundrobin,83,srv-6:80,105.800
roundrobin,83,srv-6:80,106.224
roundrobin,83,srv-6:80,104.041
roundrobin,83,srv-6:80,103.591
roundrobin,83,srv-6:80,104.352
roundrobin,83,srv-6:80,104.015
roundrobin,83,srv-6:80,103.476
roundrobin,83,srv-6:80,103.043
roundrobin,83,srv-6:80,102.329
roundrobin,83,srv-6:80,102.569
roundrobin,83,srv-6:80,102.934
roundrobin,83,srv-6:80,106.335
roundrobin,83,srv-6:80,110.130
roundrobin,83,srv-6:80,105.862
roundrobin,83,srv-6:80,102.773
roundrobin,83,srv-6:80,103.457
roundrobin,83,srv-6:80,103.113
roundrobin,83,srv-6:80,58.329
roundrobin,83,srv-7:80,111.738
roundrobin,83,srv-7:80,109.582
roundrobin,83,srv-7:80,116.622
roundrobin,83,srv-7:80,115.078
roundrobin,83,srv-7:80,113.628
roundrobin,83,srv-7:80,114.736
roundrobin,83,srv-7:80,113.113
roundrobin,83,srv-7:80,114.171
roundrobin,83,srv-7:80,107.628
roundrobin,83,srv-7:80,103.008
roundrobin,83,srv-7:80,111.842
roundrobin,83,srv-7:80,116.860
roundrobin,83,srv-7:80,115.626
roundrobin,83,srv-7:80,114.350
roundrobin,83,srv-7:80,114.114
roundrobin,83,srv-7:80,114.003
roundrobin,83,srv-7:80,112.995
roundrobin,83,srv-7:80,111.878
roundrobin,83,srv-7:80,114.276
roundrobin,83,srv-7:80,116.621
roundrobin,83,srv-7:80,114.330
roundrobin,83,srv-7:80,115.269
roundrobin,83,srv-7:80,113.289
roundrobin,83,srv-7:80,110.573
roundrobin,83,srv-7:80,111.656
roundrobin,83,srv-7:80,111.679
roundrobin,83,srv-7:80,114.618
roundrobin,83,srv-7:80,113.962
roundrobin,83,srv-7:80,115.422
roundrobin,83,srv-7:80,113.530
roundrobin,83,srv-7:80,112.417
roundrobin,83,srv-7:80,108.968
roundrobin,83,srv-7:80,110.489
roundrobin,83,srv-7:80,113.839
roundrobin,83,srv-7:80,111.338
roundrobin,83,srv-7:80,109.984
roundrobin,83,srv-7:80,112.772
roundrobin,83,srv-7:80,116.590
roundrobin,83,srv-7:80,110.507
roundrobin,83,srv-7:80,106.175
roundrobin,83,srv-7:80,105.886
roundrobin,83,srv-7:80,110.072
roundrobin,83,srv-7:80,113.361
roundrobin,83,srv-7:80,111.559
roundrobin,83,srv-7:80,112.169
roundrobin,83,srv-7:80,113.229
roundrobin,83,srv-7:80,113.701
roundrobin,83,srv-7:80,111.447
roundrobin,83,srv-7:80,111.504
roundrobin,83,srv-7:80,114.649
roundrobin,83,srv-7:80,113.118
roundrobin,83,srv-7:80,112.065
roundrobin,83,srv-7:80,109.757
roundrobin,83,srv-7:80,109.920
roundrobin,83,srv-7:80,111.358
roundrobin,83,srv-7:80,115.174
roundrobin,83,srv-7:80,121.371
roundrobin,83,srv-7:80,114.890
roundrobin,83,srv-7:80,109.388
roundrobin,83,srv-7:80,56.124
roundrobin,83,srv-8:80,114.447
roundrobin,83,srv-8:80,114.945
roundrobin,83,srv-8:80,111.304
roundrobin,83,srv-8:80,111.788
roundrobin,83,srv-8:80,113.959
roundrobin,83,srv-8:80,115.965
roundrobin,83,srv-8:80,115.173
roundrobin,83,srv-8:80,116.823
roundrobin,83,srv-8:80,112.604
roundrobin,83,srv-8:80,113.737
roundrobin,83,srv-8:80,118.816
roundrobin,83,srv-8:80,114.405
roundrobin,83,srv-8:80,116.212
roundrobin,83,srv-8:80,115.415
roundrobin,83,srv-8:80,108.564
roundrobin,83,srv-8:80,111.754
roundrobin,83,srv-8:80,113.622
roundrobin,83,srv-8:80,108.388
roundrobin,83,srv-8:80,104.827
roundrobin,83,srv-8:80,104.198
roundrobin,83,srv-8:80,115.148
roundrobin,83,srv-8:80,119.025
roundrobin,83,srv-8:80,111.625
roundrobin,83,srv-8:80,112.522
roundrobin,83,srv-8:80,109.578
roundrobin,83,srv-8:80,111.239
roundrobin,83,srv-8:80,113.467
roundrobin,83,srv-8:80,110.743
roundrobin,83,srv-8:80,107.551
roundrobin,83,srv-8:80,111.172
roundrobin,83,srv-8:80,116.869
roundrobin,83,srv-8:80,113.601
roundrobin,83,srv-8:80,110.122
roundrobin,83,srv-8:80,117.483
roundrobin,83,srv-8:80,113.244
roundrobin,83,srv-8:80,106.473
roundrobin,83,srv-8:80,109.463
roundrobin,83,srv-8:80,115.942
roundrobin,83,srv-8:80,114.046
roundrobin,83,srv-8:80,110.988
roundrobin,83,srv-8:80,110.795
roundrobin,83,srv-8:80,116.536
roundrobin,83,srv-8:80,116.352
roundrobin,83,srv-8:80,108.911
roundrobin,83,srv-8:80,112.943
roundrobin,83,srv-8:80,111.687
roundrobin,83,srv-8:80,111.619
roundrobin,83,srv-8:80,113.860
roundrobin,83,srv-8:80,114.084
roundrobin,83,srv-8:80,111.652
roundrobin,83,srv-8:80,113.515
roundrobin,83,srv-8:80,118.110
roundrobin,83,srv-8:80,115.391
roundrobin,83,srv-8:80,111.707
roundrobin,83,srv-8:80,112.303
roundrobin,83,srv-8:80,113.260
roundrobin,83,srv-8:80,110.558
roundrobin,83,srv-8:80,109.799
roundrobin,83,srv-8:80,98.754
roundrobin,83,srv-8:80,42.405
roundrobin,83,srv-9:80,116.023
roundrobin,83,srv-9:80,111.189
roundrobin,83,srv-9:80,112.865
roundrobin,83,srv-9:80,117.322
roundrobin,83,srv-9:80,114.737
roundrobin,83,srv-9:80,119.845
roundrobin,83,srv-9:80,118.361
roundrobin,83,srv-9:80,114.037
roundrobin,83,srv-9:80,115.180
roundrobin,83,srv-9:80,119.522
roundrobin,83,srv-9:80,116.715
roundrobin,83,srv-9:80,116.337
roundrobin,83,srv-9:80,123.364
roundrobin,83,srv-9:80,113.187
roundrobin,83,srv-9:80,108.177
roundrobin,83,srv-9:80,114.568
roundrobin,83,srv-9:80,116.995
roundrobin,83,srv-9:80,118.248
roundrobin,83,srv-9:80,115.900
roundrobin,83,srv-9:80,118.772
roundrobin,83,srv-9:80,115.693
roundrobin,83,srv-9:80,117.535
roundrobin,83,srv-9:80,115.521
roundrobin,83,srv-9:80,112.806
roundrobin,83,srv-9:80,120.276
roundrobin,83,srv-9:80,123.966
roundrobin,83,srv-9:80,120.010
roundrobin,83,srv-9:80,110.827
roundrobin,83,srv-9:80,115.717
roundrobin,83,srv-9:80,117.823
roundrobin,83,srv-9:80,114.555
roundrobin,83,srv-9:80,114.239
roundrobin,83,srv-9:80,114.077
roundrobin,83,srv-9:80,112.613
roundrobin,83,srv-9:80,112.693
roundrobin,83,srv-9:80,114.282
roundrobin,83,srv-9:80,116.162
roundrobin,83,srv-9:80,117.189
roundrobin,83,srv-9:80,120.597
roundrobin,83,srv-9:80,127.342
roundrobin,83,srv-9:80,123.315
roundrobin,83,srv-9:80,113.570
roundrobin,83,srv-9:80,110.516
roundrobin,83,srv-9:80,112.649
roundrobin,83,srv-9:80,113.465
roundrobin,83,srv-9:80,116.657
roundrobin,83,srv-9:80,120.281
roundrobin,83,srv-9:80,112.002
roundrobin,83,srv-9:80,109.987
roundrobin,83,srv-9:80,122.004
roundrobin,83,srv-9:80,124.189
roundrobin,83,srv-9:80,116.932
roundrobin,83,srv-9:80,112.769
roundrobin,83,srv-9:80,111.765
roundrobin,83,srv-9:80,113.685
roundrobin,83,srv-9:80,115.040
roundrobin,83,srv-9:80,115.648
roundrobin,83,srv-9:80,122.051
roundrobin,83,srv-9:80,110.927
roundrobin,83,srv-9:80,47.423
roundrobin,93,srv-10:80,107.704
roundrobin,93,srv-10:80,116.348
roundrobin,93,srv-10:80,127.708
roundrobin,93,srv-10:80,128.873
roundrobin,93,srv-10:80,132.318
roundrobin,93,srv-10:80,134.801
roundrobin,93,srv-10:80,130.767
roundrobin,93,srv-10:80,138.459
roundrobin,93,srv-10:80,139.591
roundrobin,93,srv-10:80,124.027
roundrobin,93,srv-10:80,120.590
roundrobin,93,srv-10:80,129.984
roundrobin,93,srv-10:80,122.641
roundrobin,93,srv-10:80,120.575
roundrobin,93,srv-10:80,130.766
roundrobin,93,srv-10:80,142.617
roundrobin,93,srv-10:80,136.000
roundrobin,93,srv-10:80,119.941
roundrobin,93,srv-10:80,154.120
roundrobin,93,srv-10:80,126.415
roundrobin,93,srv-10:80,100.102
roundrobin,93,srv-10:80,127.368
roundrobin,93,srv-10:80,122.353
roundrobin,93,srv-10:80,123.344
roundrobin,93,srv-10:80,126.501
roundrobin,93,srv-10:80,144.867
roundrobin,93,srv-10:80,127.780
roundrobin,93,srv-10:80,109.154
roundrobin,93,srv-10:80,129.969
roundrobin,93,srv-10:80,149.384
roundrobin,93,srv-10:80,151.090
roundrobin,93,srv-10:80,118.515
roundrobin,93,srv-10:80,108.463
roundrobin,93,srv-10:80,120.011
roundrobin,93,srv-10:80,123.741
roundrobin,93,srv-10:80,127.898
roundrobin,93,srv-10:80,130.496
roundrobin,93,srv-10:80,132.698
roundrobin,93,srv-10:80,132.225
roundrobin,93,srv-10:80,142.385
roundrobin,93,srv-10:80,131.815
roundrobin,93,srv-10:80,124.696
roundrobin,93,srv-10:80,127.250
roundrobin,93,srv-10:80,121.248
roundrobin,93,srv-10:80,123.956
roundrobin,93,srv-10:80,126.020
roundrobin,93,srv-10:80,130.105
roundrobin,93,srv-10:80,135.603
roundrobin,93,srv-10:80,127.626
roundrobin,93,srv-10:80,121.123
roundrobin,93,srv-10:80,137.714
roundrobin,93,srv-10:80,138.526
roundrobin,93,srv-10:80,119.303
roundrobin,93,srv-10:80,137.562
roundrobin,93,srv-10:80,127.256
roundrobin,93,srv-10:80,108.145
roundrobin,93,srv-10:80,127.170
roundrobin,93,srv-10:80,128.755
roundrobin,93,srv-10:80,132.296
roundrobin,93,srv-10:80,89.342
roundrobin,93,srv-1:80,98.980
roundrobin,93,srv-1:80,100.996
roundrobin,93,srv-1:80,104.331
roundrobin,93,srv-1:80,108.340
roundrobin,93,srv-1:80,106.771
roundrobin,93,srv-1:80,106.846
roundrobin,93,srv-1:80,106.983
roundrobin,93,srv-1:80,104.829
roundrobin,93,srv-1:80,106.249
roundrobin,93,srv-1:80,107.494
roundrobin,93,srv-1:80,105.882
roundrobin,93,srv-1:80,103.611
roundrobin,93,srv-1:80,102.817
roundrobin,93,srv-1:80,102.166
roundrobin,93,srv-1:80,104.639
roundrobin,93,srv-1:80,104.663
roundrobin,93,srv-1:80,101.072
roundrobin,93,srv-1:80,104.030
roundrobin,93,srv-1:80,108.612
roundrobin,93,srv-1:80,107.513
roundrobin,93,srv-1:80,105.782
roundrobin,93,srv-1:80,105.702
roundrobin,93,srv-1:80,104.486
roundrobin,93,srv-1:80,106.067
roundrobin,93,srv-1:80,105.635
roundrobin,93,srv-1:80,102.704
roundrobin,93,srv-1:80,104.887
roundrobin,93,srv-1:80,106.787
roundrobin,93,srv-1:80,103.467
roundrobin,93,srv-1:80,102.684
roundrobin,93,srv-1:80,106.549
roundrobin,93,srv-1:80,104.983
roundrobin,93,srv-1:80,103.530
roundrobin,93,srv-1:80,104.520
roundrobin,93,srv-1:80,104.735
roundrobin,93,srv-1:80,104.229
roundrobin,93,srv-1:80,104.466
roundrobin,93,srv-1:80,103.958
roundrobin,93,srv-1:80,103.163
roundrobin,93,srv-1:80,101.435
roundrobin,93,srv-1:80,102.560
roundrobin,93,srv-1:80,106.695
roundrobin,93,srv-1:80,102.682
roundrobin,93,srv-1:80,100.600
roundrobin,93,srv-1:80,105.110
roundrobin,93,srv-1:80,109.166
roundrobin,93,srv-1:80,108.219
roundrobin,93,srv-1:80,105.165
roundrobin,93,srv-1:80,102.550
roundrobin,93,srv-1:80,102.855
roundrobin,93,srv-1:80,104.351
roundrobin,93,srv-1:80,103.851
roundrobin,93,srv-1:80,105.396
roundrobin,93,srv-1:80,105.628
roundrobin,93,srv-1:80,104.028
roundrobin,93,srv-1:80,106.399
roundrobin,93,srv-1:80,105.440
roundrobin,93,srv-1:80,103.370
roundrobin,93,srv-1:80,103.886
roundrobin,93,srv-1:80,56.350
roundrobin,93,srv-2:80,100.452
roundrobin,93,srv-2:80,102.738
roundrobin,93,srv-2:80,103.247
roundrobin,93,srv-2:80,107.020
roundrobin,93,srv-2:80,106.457
roundrobin,93,srv-2:80,105.204
roundrobin,93,srv-2:80,106.203
roundrobin,93,srv-2:80,107.319
roundrobin,93,srv-2:80,106.437
roundrobin,93,srv-2:80,106.106
roundrobin,93,srv-2:80,106.020
roundrobin,93,srv-2:80,108.068
roundrobin,93,srv-2:80,107.527
roundrobin,93,srv-2:80,109.910
roundrobin,93,srv-2:80,109.091
roundrobin,93,srv-2:80,104.449
roundrobin,93,srv-2:80,109.179
roundrobin,93,srv-2:80,107.063
roundrobin,93,srv-2:80,106.651
roundrobin,93,srv-2:80,110.501
roundrobin,93,srv-2:80,105.061
roundrobin,93,srv-2:80,100.694
roundrobin,93,srv-2:80,103.247
roundrobin,93,srv-2:80,105.331
roundrobin,93,srv-2:80,106.198
roundrobin,93,srv-2:80,106.293
roundrobin,93,srv-2:80,106.051
roundrobin,93,srv-2:80,103.968
roundrobin,93,srv-2:80,101.690
roundrobin,93,srv-2:80,105.979
roundrobin,93,srv-2:80,106.204
roundrobin,93,srv-2:80,103.238
roundrobin,93,srv-2:80,105.027
roundrobin,93,srv-2:80,106.889
roundrobin,93,srv-2:80,104.670
roundrobin,93,srv-2:80,104.714
roundrobin,93,srv-2:80,108.487
roundrobin,93,srv-2:80,107.147
roundrobin,93,srv-2:80,103.135
roundrobin,93,srv-2:80,100.493
roundrobin,93,srv-2:80,103.010
roundrobin,93,srv-2:80,105.053
roundrobin,93,srv-2:80,103.577
roundrobin,93,srv-2:80,103.656
roundrobin,93,srv-2:80,104.498
roundrobin,93,srv-2:80,106.700
roundrobin,93,srv-2:80,103.874
roundrobin,93,srv-2:80,102.196
roundrobin,93,srv-2:80,105.968
roundrobin,93,srv-2:80,106.995
roundrobin,93,srv-2:80,106.796
roundrobin,93,srv-2:80,105.667
roundrobin,93,srv-2:80,103.988
roundrobin,93,srv-2:80,105.723
roundrobin,93,srv-2:80,104.268
roundrobin,93,srv-2:80,104.325
roundrobin,93,srv-2:80,108.046
roundrobin,93,srv-2:80,108.433
roundrobin,93,srv-2:80,107.678
roundrobin,93,srv-2:80,58.630
roundrobin,93,srv-3:80,105.084
roundrobin,93,srv-3:80,105.207
roundrobin,93,srv-3:80,103.813
roundrobin,93,srv-3:80,103.620
roundrobin,93,srv-3:80,105.021
roundrobin,93,srv-3:80,103.675
roundrobin,93,srv-3:80,104.486
roundrobin,93,srv-3:80,107.147
roundrobin,93,srv-3:80,108.025
roundrobin,93,srv-3:80,105.557
roundrobin,93,srv-3:80,106.012
roundrobin,93,srv-3:80,106.395
roundrobin,93,srv-3:80,106.929
roundrobin,93,srv-3:80,107.327
roundrobin,93,srv-3:80,106.464
roundrobin,93,srv-3:80,105.037
roundrobin,93,srv-3:80,101.467
roundrobin,93,srv-3:80,98.808
roundrobin,93,srv-3:80,102.752
roundrobin,93,srv-3:80,105.159
roundrobin,93,srv-3:80,102.409
roundrobin,93,srv-3:80,102.585
roundrobin,93,srv-3:80,102.740
roundrobin,93,srv-3:80,102.217
roundrobin,93,srv-3:80,103.256
roundrobin,93,srv-3:80,105.131
roundrobin,93,srv-3:80,104.572
roundrobin,93,srv-3:80,104.206
roundrobin,93,srv-3:80,106.689
roundrobin,93,srv-3:80,107.428
roundrobin,93,srv-3:80,103.955
roundrobin,93,srv-3:80,106.820
roundrobin,93,srv-3:80,107.190
roundrobin,93,srv-3:80,101.097
roundrobin,93,srv-3:80,101.510
roundrobin,93,srv-3:80,103.714
roundrobin,93,srv-3:80,103.411
roundrobin,93,srv-3:80,103.883
roundrobin,93,srv-3:80,104.400
roundrobin,93,srv-3:80,106.108
roundrobin,93,srv-3:80,106.600
roundrobin,93,srv-3:80,105.642
roundrobin,93,srv-3:80,108.254
roundrobin,93,srv-3:80,108.584
roundrobin,93,srv-3:80,107.937
roundrobin,93,srv-3:80,108.798
roundrobin,93,srv-3:80,106.939
roundrobin,93,srv-3:80,105.157
roundrobin,93,srv-3:80,104.912
roundrobin,93,srv-3:80,103.251
roundrobin,93,srv-3:80,101.868
roundrobin,93,srv-3:80,103.099
roundrobin,93,srv-3:80,104.934
roundrobin,93,srv-3:80,107.374
roundrobin,93,srv-3:80,108.993
roundrobin,93,srv-3:80,108.179
roundrobin,93,srv-3:80,105.992
roundrobin,93,srv-3:80,105.548
roundrobin,93,srv-3:80,90.998
roundrobin,93,srv-3:80,37.709
roundrobin,93,srv-4:80,107.543
roundrobin,93,srv-4:80,108.153
roundrobin,93,srv-4:80,104.622
roundrobin,93,srv-4:80,103.627
roundrobin,93,srv-4:80,110.917
roundrobin,93,srv-4:80,113.332
roundrobin,93,srv-4:80,110.232
roundrobin,93,srv-4:80,115.148
roundrobin,93,srv-4:80,113.557
roundrobin,93,srv-4:80,107.915
roundrobin,93,srv-4:80,106.159
roundrobin,93,srv-4:80,106.434
roundrobin,93,srv-4:80,105.984
roundrobin,93,srv-4:80,105.495
roundrobin,93,srv-4:80,105.262
roundrobin,93,srv-4:80,105.718
roundrobin,93,srv-4:80,107.218
roundrobin,93,srv-4:80,108.729
roundrobin,93,srv-4:80,107.613
roundrobin,93,srv-4:80,105.597
roundrobin,93,srv-4:80,105.847
roundrobin,93,srv-4:80,106.681
roundrobin,93,srv-4:80,106.046
roundrobin,93,srv-4:80,104.455
roundrobin,93,srv-4:80,105.849
roundrobin,93,srv-4:80,108.807
roundrobin,93,srv-4:80,108.083
roundrobin,93,srv-4:80,106.322
roundrobin,93,srv-4:80,107.457
roundrobin,93,srv-4:80,108.301
roundrobin,93,srv-4:80,108.114
roundrobin,93,srv-4:80,107.189
roundrobin,93,srv-4:80,104.015
roundrobin,93,srv-4:80,103.727
roundrobin,93,srv-4:80,108.169
roundrobin,93,srv-4:80,109.425
roundrobin,93,srv-4:80,104.483
roundrobin,93,srv-4:80,102.959
roundrobin,93,srv-4:80,104.117
roundrobin,93,srv-4:80,106.022
roundrobin,93,srv-4:80,109.758
roundrobin,93,srv-4:80,107.375
roundrobin,93,srv-4:80,106.107
roundrobin,93,srv-4:80,106.704
roundrobin,93,srv-4:80,105.940
roundrobin,93,srv-4:80,108.543
roundrobin,93,srv-4:80,107.388
roundrobin,93,srv-4:80,103.523
roundrobin,93,srv-4:80,103.802
roundrobin,93,srv-4:80,102.667
roundrobin,93,srv-4:80,102.202
roundrobin,93,srv-4:80,106.713
roundrobin,93,srv-4:80,106.812
roundrobin,93,srv-4:80,102.468
roundrobin,93,srv-4:80,102.277
roundrobin,93,srv-4:80,106.819
roundrobin,93,srv-4:80,107.377
roundrobin,93,srv-4:80,103.864
roundrobin,93,srv-4:80,103.760
roundrobin,93,srv-4:80,53.011
roundrobin,93,srv-5:80,109.225
roundrobin,93,srv-5:80,121.513
roundrobin,93,srv-5:80,126.460
roundrobin,93,srv-5:80,122.800
roundrobin,93,srv-5:80,122.846
roundrobin,93,srv-5:80,126.714
roundrobin,93,srv-5:80,128.911
roundrobin,93,srv-5:80,127.589
roundrobin,93,srv-5:80,127.654
roundrobin,93,srv-5:80,125.003
roundrobin,93,srv-5:80,121.907
roundrobin,93,srv-5:80,119.745
roundrobin,93,srv-5:80,118.363
roundrobin,93,srv-5:80,117.660
roundrobin,93,srv-5:80,123.361
roundrobin,93,srv-5:80,127.360
roundrobin,93,srv-5:80,124.232
roundrobin,93,srv-5:80,121.710
roundrobin,93,srv-5:80,120.783
roundrobin,93,srv-5:80,122.326
roundrobin,93,srv-5:80,115.467
roundrobin,93,srv-5:80,111.946
roundrobin,93,srv-5:80,122.859
roundrobin,93,srv-5:80,120.255
roundrobin,93,srv-5:80,121.505
roundrobin,93,srv-5:80,124.812
roundrobin,93,srv-5:80,120.415
roundrobin,93,srv-5:80,121.347
roundrobin,93,srv-5:80,123.430
roundrobin,93,srv-5:80,116.143
roundrobin,93,srv-5:80,120.280
roundrobin,93,srv-5:80,122.462
roundrobin,93,srv-5:80,121.147
roundrobin,93,srv-5:80,124.284
roundrobin,93,srv-5:80,120.953
roundrobin,93,srv-5:80,118.686
roundrobin,93,srv-5:80,122.764
roundrobin,93,srv-5:80,125.115
roundrobin,93,srv-5:80,122.419
roundrobin,93,srv-5:80,117.199
roundrobin,93,srv-5:80,120.909
roundrobin,93,srv-5:80,125.627
roundrobin,93,srv-5:80,125.352
roundrobin,93,srv-5:80,125.385
roundrobin,93,srv-5:80,124.428
roundrobin,93,srv-5:80,126.764
roundrobin,93,srv-5:80,127.256
roundrobin,93,srv-5:80,123.831
roundrobin,93,srv-5:80,119.513
roundrobin,93,srv-5:80,119.675
roundrobin,93,srv-5:80,120.929
roundrobin,93,srv-5:80,119.879
roundrobin,93,srv-5:80,118.790
roundrobin,93,srv-5:80,121.924
roundrobin,93,srv-5:80,120.469
roundrobin,93,srv-5:80,119.666
roundrobin,93,srv-5:80,121.450
roundrobin,93,srv-5:80,122.586
roundrobin,93,srv-5:80,118.803
roundrobin,93,srv-5:80,65.389
roundrobin,93,srv-6:80,98.688
roundrobin,93,srv-6:80,114.869
roundrobin,93,srv-6:80,118.009
roundrobin,93,srv-6:80,120.966
roundrobin,93,srv-6:80,121.400
roundrobin,93,srv-6:80,121.802
roundrobin,93,srv-6:80,121.943
roundrobin,93,srv-6:80,119.563
roundrobin,93,srv-6:80,119.696
roundrobin,93,srv-6:80,125.580
roundrobin,93,srv-6:80,124.052
roundrobin,93,srv-6:80,121.550
roundrobin,93,srv-6:80,123.485
roundrobin,93,srv-6:80,123.147
roundrobin,93,srv-6:80,122.270
roundrobin,93,srv-6:80,120.080
roundrobin,93,srv-6:80,119.515
roundrobin,93,srv-6:80,122.260
roundrobin,93,srv-6:80,122.761
roundrobin,93,srv-6:80,120.958
roundrobin,93,srv-6:80,120.287
roundrobin,93,srv-6:80,118.171
roundrobin,93,srv-6:80,117.251
roundrobin,93,srv-6:80,119.839
roundrobin,93,srv-6:80,123.273
roundrobin,93,srv-6:80,125.054
roundrobin,93,srv-6:80,118.295
roundrobin,93,srv-6:80,121.368
roundrobin,93,srv-6:80,122.348
roundrobin,93,srv-6:80,123.421
roundrobin,93,srv-6:80,120.678
roundrobin,93,srv-6:80,117.399
roundrobin,93,srv-6:80,116.572
roundrobin,93,srv-6:80,121.237
roundrobin,93,srv-6:80,121.383
roundrobin,93,srv-6:80,122.793
roundrobin,93,srv-6:80,126.170
roundrobin,93,srv-6:80,120.824
roundrobin,93,srv-6:80,116.089
roundrobin,93,srv-6:80,122.257
roundrobin,93,srv-6:80,127.073
roundrobin,93,srv-6:80,125.772
roundrobin,93,srv-6:80,125.094
roundrobin,93,srv-6:80,125.258
roundrobin,93,srv-6:80,129.295
roundrobin,93,srv-6:80,123.406
roundrobin,93,srv-6:80,119.416
roundrobin,93,srv-6:80,125.736
roundrobin,93,srv-6:80,125.811
roundrobin,93,srv-6:80,121.965
roundrobin,93,srv-6:80,123.340
roundrobin,93,srv-6:80,122.817
roundrobin,93,srv-6:80,120.273
roundrobin,93,srv-6:80,126.822
roundrobin,93,srv-6:80,124.269
roundrobin,93,srv-6:80,122.271
roundrobin,93,srv-6:80,125.238
roundrobin,93,srv-6:80,122.519
roundrobin,93,srv-6:80,122.835
roundrobin,93,srv-6:80,81.865
roundrobin,93,srv-7:80,113.513
roundrobin,93,srv-7:80,128.784
roundrobin,93,srv-7:80,137.850
roundrobin,93,srv-7:80,133.122
roundrobin,93,srv-7:80,126.551
roundrobin,93,srv-7:80,127.256
roundrobin,93,srv-7:80,126.105
roundrobin,93,srv-7:80,126.835
roundrobin,93,srv-7:80,128.727
roundrobin,93,srv-7:80,123.526
roundrobin,93,srv-7:80,127.233
roundrobin,93,srv-7:80,134.876
roundrobin,93,srv-7:80,130.914
roundrobin,93,srv-7:80,116.690
roundrobin,93,srv-7:80,123.705
roundrobin,93,srv-7:80,126.496
roundrobin,93,srv-7:80,122.774
roundrobin,93,srv-7:80,127.493
roundrobin,93,srv-7:80,129.941
roundrobin,93,srv-7:80,127.856
roundrobin,93,srv-7:80,129.297
roundrobin,93,srv-7:80,136.005
roundrobin,93,srv-7:80,127.733
roundrobin,93,srv-7:80,139.316
roundrobin,93,srv-7:80,130.437
roundrobin,93,srv-7:80,108.737
roundrobin,93,srv-7:80,125.780
roundrobin,93,srv-7:80,127.862
roundrobin,93,srv-7:80,131.485
roundrobin,93,srv-7:80,130.625
roundrobin,93,srv-7:80,125.996
roundrobin,93,srv-7:80,126.192
roundrobin,93,srv-7:80,123.948
roundrobin,93,srv-7:80,125.310
roundrobin,93,srv-7:80,130.053
roundrobin,93,srv-7:80,127.639
roundrobin,93,srv-7:80,126.834
roundrobin,93,srv-7:80,132.187
roundrobin,93,srv-7:80,129.888
roundrobin,93,srv-7:80,123.859
roundrobin,93,srv-7:80,128.773
roundrobin,93,srv-7:80,133.822
roundrobin,93,srv-7:80,128.541
roundrobin,93,srv-7:80,129.563
roundrobin,93,srv-7:80,129.303
roundrobin,93,srv-7:80,124.053
roundrobin,93,srv-7:80,122.883
roundrobin,93,srv-7:80,126.523
roundrobin,93,srv-7:80,127.829
roundrobin,93,srv-7:80,122.964
roundrobin,93,srv-7:80,126.766
roundrobin,93,srv-7:80,131.058
roundrobin,93,srv-7:80,118.798
roundrobin,93,srv-7:80,123.051
roundrobin,93,srv-7:80,128.853
roundrobin,93,srv-7:80,128.034
roundrobin,93,srv-7:80,135.577
roundrobin,93,srv-7:80,123.839
roundrobin,93,srv-7:80,113.462
roundrobin,93,srv-7:80,76.047
roundrobin,93,srv-8:80,133.540
roundrobin,93,srv-8:80,138.802
roundrobin,93,srv-8:80,126.068
roundrobin,93,srv-8:80,124.618
roundrobin,93,srv-8:80,132.074
roundrobin,93,srv-8:80,132.901
roundrobin,93,srv-8:80,124.528
roundrobin,93,srv-8:80,120.218
roundrobin,93,srv-8:80,124.857
roundrobin,93,srv-8:80,126.190
roundrobin,93,srv-8:80,131.045
roundrobin,93,srv-8:80,133.873
roundrobin,93,srv-8:80,125.639
roundrobin,93,srv-8:80,122.509
roundrobin,93,srv-8:80,119.440
roundrobin,93,srv-8:80,125.762
roundrobin,93,srv-8:80,133.262
roundrobin,93,srv-8:80,125.280
roundrobin,93,srv-8:80,120.155
roundrobin,93,srv-8:80,122.329
roundrobin,93,srv-8:80,120.536
roundrobin,93,srv-8:80,129.016
roundrobin,93,srv-8:80,123.407
roundrobin,93,srv-8:80,124.671
roundrobin,93,srv-8:80,136.180
roundrobin,93,srv-8:80,125.995
roundrobin,93,srv-8:80,119.995
roundrobin,93,srv-8:80,126.732
roundrobin,93,srv-8:80,126.030
roundrobin,93,srv-8:80,130.728
roundrobin,93,srv-8:80,127.112
roundrobin,93,srv-8:80,129.744
roundrobin,93,srv-8:80,132.288
roundrobin,93,srv-8:80,125.267
roundrobin,93,srv-8:80,125.043
roundrobin,93,srv-8:80,128.212
roundrobin,93,srv-8:80,129.052
roundrobin,93,srv-8:80,127.414
roundrobin,93,srv-8:80,126.903
roundrobin,93,srv-8:80,125.085
roundrobin,93,srv-8:80,124.965
roundrobin,93,srv-8:80,128.705
roundrobin,93,srv-8:80,137.068
roundrobin,93,srv-8:80,129.605
roundrobin,93,srv-8:80,121.492
roundrobin,93,srv-8:80,129.473
roundrobin,93,srv-8:80,129.555
roundrobin,93,srv-8:80,125.724
roundrobin,93,srv-8:80,129.511
roundrobin,93,srv-8:80,126.785
roundrobin,93,srv-8:80,121.770
roundrobin,93,srv-8:80,119.307
roundrobin,93,srv-8:80,127.849
roundrobin,93,srv-8:80,126.513
roundrobin,93,srv-8:80,129.733
roundrobin,93,srv-8:80,132.092
roundrobin,93,srv-8:80,132.002
roundrobin,93,srv-8:80,134.052
roundrobin,93,srv-8:80,125.690
roundrobin,93,srv-8:80,62.775
roundrobin,93,srv-9:80,119.465
roundrobin,93,srv-9:80,119.385
roundrobin,93,srv-9:80,127.198
roundrobin,93,srv-9:80,142.513
roundrobin,93,srv-9:80,127.079
roundrobin,93,srv-9:80,117.853
roundrobin,93,srv-9:80,126.563
roundrobin,93,srv-9:80,173.113
roundrobin,93,srv-9:80,138.827
roundrobin,93,srv-9:80,78.410
roundrobin,93,srv-9:80,119.542
roundrobin,93,srv-9:80,130.237
roundrobin,93,srv-9:80,143.311
roundrobin,93,srv-9:80,124.937
roundrobin,93,srv-9:80,109.499
roundrobin,93,srv-9:80,126.852
roundrobin,93,srv-9:80,144.036
roundrobin,93,srv-9:80,143.404
roundrobin,93,srv-9:80,111.640
roundrobin,93,srv-9:80,111.421
roundrobin,93,srv-9:80,128.721
roundrobin,93,srv-9:80,129.112
roundrobin,93,srv-9:80,124.881
roundrobin,93,srv-9:80,125.961
roundrobin,93,srv-9:80,138.520
roundrobin,93,srv-9:80,125.219
roundrobin,93,srv-9:80,120.695
roundrobin,93,srv-9:80,151.584
roundrobin,93,srv-9:80,127.957
roundrobin,93,srv-9:80,112.555
roundrobin,93,srv-9:80,132.696
roundrobin,93,srv-9:80,130.187
roundrobin,93,srv-9:80,135.874
roundrobin,93,srv-9:80,148.167
roundrobin,93,srv-9:80,118.484
roundrobin,93,srv-9:80,105.766
roundrobin,93,srv-9:80,150.713
roundrobin,93,srv-9:80,122.088
roundrobin,93,srv-9:80,113.076
roundrobin,93,srv-9:80,132.184
roundrobin,93,srv-9:80,120.332
roundrobin,93,srv-9:80,147.391
roundrobin,93,srv-9:80,132.332
roundrobin,93,srv-9:80,132.739
roundrobin,93,srv-9:80,130.248
roundrobin,93,srv-9:80,124.749
roundrobin,93,srv-9:80,125.966
roundrobin,93,srv-9:80,112.961
roundrobin,93,srv-9:80,126.655
roundrobin,93,srv-9:80,132.523
roundrobin,93,srv-9:80,135.580
roundrobin,93,srv-9:80,135.482
roundrobin,93,srv-9:80,135.806
roundrobin,93,srv-9:80,131.329
roundrobin,93,srv-9:80,128.272
roundrobin,93,srv-9:80,127.060
roundrobin,93,srv-9:80,124.542
roundrobin,93,srv-9:80,149.317
roundrobin,93,srv-9:80,128.205
roundrobin,93,srv-9:80,50.302
roundrobin,103,srv-10:80,120.174
roundrobin,103,srv-10:80,132.735
roundrobin,103,srv-10:80,129.577
roundrobin,103,srv-10:80,122.699
roundrobin,103,srv-10:80,139.571
roundrobin,103,srv-10:80,138.393
roundrobin,103,srv-10:80,144.004
roundrobin,103,srv-10:80,149.734
roundrobin,103,srv-10:80,131.787
roundrobin,103,srv-10:80,145.184
roundrobin,103,srv-10:80,133.272
roundrobin,103,srv-10:80,107.267
roundrobin,103,srv-10:80,130.735
roundrobin,103,srv-10:80,159.797
roundrobin,103,srv-10:80,204.876
roundrobin,103,srv-10:80,113.913
roundrobin,103,srv-10:80,69.804
roundrobin,103,srv-10:80,132.774
roundrobin,103,srv-10:80,171.733
roundrobin,103,srv-10:80,136.416
roundrobin,103,srv-10:80,104.779
roundrobin,103,srv-10:80,158.831
roundrobin,103,srv-10:80,127.226
roundrobin,103,srv-10:80,111.571
roundrobin,103,srv-10:80,145.562
roundrobin,103,srv-10:80,145.831
roundrobin,103,srv-10:80,127.249
roundrobin,103,srv-10:80,122.744
roundrobin,103,srv-10:80,131.728
roundrobin,103,srv-10:80,133.720
roundrobin,103,srv-10:80,134.397
roundrobin,103,srv-10:80,179.762
roundrobin,103,srv-10:80,138.810
roundrobin,103,srv-10:80,86.585
roundrobin,103,srv-10:80,156.244
roundrobin,103,srv-10:80,133.654
roundrobin,103,srv-10:80,108.371
roundrobin,103,srv-10:80,139.408
roundrobin,103,srv-10:80,164.615
roundrobin,103,srv-10:80,130.357
roundrobin,103,srv-10:80,111.115
roundrobin,103,srv-10:80,130.343
roundrobin,103,srv-10:80,166.503
roundrobin,103,srv-10:80,135.089
roundrobin,103,srv-10:80,93.336
roundrobin,103,srv-10:80,135.987
roundrobin,103,srv-10:80,138.201
roundrobin,103,srv-10:80,132.362
roundrobin,103,srv-10:80,129.196
roundrobin,103,srv-10:80,137.243
roundrobin,103,srv-10:80,133.272
roundrobin,103,srv-10:80,132.593
roundrobin,103,srv-10:80,134.266
roundrobin,103,srv-10:80,137.397
roundrobin,103,srv-10:80,173.375
roundrobin,103,srv-10:80,146.932
roundrobin,103,srv-10:80,149.188
roundrobin,103,srv-10:80,17.551
roundrobin,103,srv-10:80,81.742
roundrobin,103,srv-10:80,73.542
roundrobin,103,srv-1:80,113.913
roundrobin,103,srv-1:80,116.421
roundrobin,103,srv-1:80,120.148
roundrobin,103,srv-1:80,118.931
roundrobin,103,srv-1:80,117.126
roundrobin,103,srv-1:80,114.577
roundrobin,103,srv-1:80,113.342
roundrobin,103,srv-1:80,115.095
roundrobin,103,srv-1:80,118.509
roundrobin,103,srv-1:80,121.343
roundrobin,103,srv-1:80,114.628
roundrobin,103,srv-1:80,112.272
roundrobin,103,srv-1:80,114.905
roundrobin,103,srv-1:80,112.892
roundrobin,103,srv-1:80,111.686
roundrobin,103,srv-1:80,113.228
roundrobin,103,srv-1:80,112.206
roundrobin,103,srv-1:80,113.404
roundrobin,103,srv-1:80,114.132
roundrobin,103,srv-1:80,113.340
roundrobin,103,srv-1:80,118.722
roundrobin,103,srv-1:80,116.886
roundrobin,103,srv-1:80,115.045
roundrobin,103,srv-1:80,115.799
roundrobin,103,srv-1:80,113.363
roundrobin,103,srv-1:80,114.451
roundrobin,103,srv-1:80,113.441
roundrobin,103,srv-1:80,113.908
roundrobin,103,srv-1:80,118.426
roundrobin,103,srv-1:80,119.775
roundrobin,103,srv-1:80,118.247
roundrobin,103,srv-1:80,120.268
roundrobin,103,srv-1:80,122.940
roundrobin,103,srv-1:80,120.854
roundrobin,103,srv-1:80,115.829
roundrobin,103,srv-1:80,113.281
roundrobin,103,srv-1:80,115.927
roundrobin,103,srv-1:80,117.397
roundrobin,103,srv-1:80,116.947
roundrobin,103,srv-1:80,115.650
roundrobin,103,srv-1:80,114.706
roundrobin,103,srv-1:80,115.768
roundrobin,103,srv-1:80,120.834
roundrobin,103,srv-1:80,120.452
roundrobin,103,srv-1:80,116.015
roundrobin,103,srv-1:80,114.567
roundrobin,103,srv-1:80,112.823
roundrobin,103,srv-1:80,115.106
roundrobin,103,srv-1:80,117.262
roundrobin,103,srv-1:80,117.076
roundrobin,103,srv-1:80,118.317
roundrobin,103,srv-1:80,117.637
roundrobin,103,srv-1:80,117.810
roundrobin,103,srv-1:80,120.480
roundrobin,103,srv-1:80,117.841
roundrobin,103,srv-1:80,112.965
roundrobin,103,srv-1:80,113.544
roundrobin,103,srv-1:80,119.197
roundrobin,103,srv-1:80,103.447
roundrobin,103,srv-1:80,41.956
roundrobin,103,srv-2:80,117.967
roundrobin,103,srv-2:80,121.341
roundrobin,103,srv-2:80,117.673
roundrobin,103,srv-2:80,116.102
roundrobin,103,srv-2:80,118.931
roundrobin,103,srv-2:80,120.531
roundrobin,103,srv-2:80,120.545
roundrobin,103,srv-2:80,119.618
roundrobin,103,srv-2:80,118.551
roundrobin,103,srv-2:80,116.935
roundrobin,103,srv-2:80,117.325
roundrobin,103,srv-2:80,119.366
roundrobin,103,srv-2:80,118.267
roundrobin,103,srv-2:80,114.146
roundrobin,103,srv-2:80,115.930
roundrobin,103,srv-2:80,115.835
roundrobin,103,srv-2:80,115.311
roundrobin,103,srv-2:80,117.806
roundrobin,103,srv-2:80,121.575
roundrobin,103,srv-2:80,119.500
roundrobin,103,srv-2:80,115.720
roundrobin,103,srv-2:80,119.741
roundrobin,103,srv-2:80,122.750
roundrobin,103,srv-2:80,122.548
roundrobin,103,srv-2:80,119.708
roundrobin,103,srv-2:80,116.432
roundrobin,103,srv-2:80,115.979
roundrobin,103,srv-2:80,115.939
roundrobin,103,srv-2:80,118.798
roundrobin,103,srv-2:80,118.630
roundrobin,103,srv-2:80,115.227
roundrobin,103,srv-2:80,117.974
roundrobin,103,srv-2:80,119.912
roundrobin,103,srv-2:80,118.468
roundrobin,103,srv-2:80,117.815
roundrobin,103,srv-2:80,115.999
roundrobin,103,srv-2:80,115.670
roundrobin,103,srv-2:80,119.958
roundrobin,103,srv-2:80,118.480
roundrobin,103,srv-2:80,115.475
roundrobin,103,srv-2:80,116.872
roundrobin,103,srv-2:80,117.133
roundrobin,103,srv-2:80,119.290
roundrobin,103,srv-2:80,119.594
roundrobin,103,srv-2:80,116.511
roundrobin,103,srv-2:80,116.971
roundrobin,103,srv-2:80,116.105
roundrobin,103,srv-2:80,114.094
roundrobin,103,srv-2:80,115.318
roundrobin,103,srv-2:80,120.455
roundrobin,103,srv-2:80,122.202
roundrobin,103,srv-2:80,119.060
roundrobin,103,srv-2:80,120.344
roundrobin,103,srv-2:80,121.013
roundrobin,103,srv-2:80,121.125
roundrobin,103,srv-2:80,121.045
roundrobin,103,srv-2:80,120.035
roundrobin,103,srv-2:80,123.265
roundrobin,103,srv-2:80,103.850
roundrobin,103,srv-2:80,40.923
roundrobin,103,srv-3:80,95.494
roundrobin,103,srv-3:80,116.911
roundrobin,103,srv-3:80,118.252
roundrobin,103,srv-3:80,118.880
roundrobin,103,srv-3:80,119.070
roundrobin,103,srv-3:80,119.998
roundrobin,103,srv-3:80,120.414
roundrobin,103,srv-3:80,117.492
roundrobin,103,srv-3:80,116.218
roundrobin,103,srv-3:80,113.139
roundrobin,103,srv-3:80,114.314
roundrobin,103,srv-3:80,119.000
roundrobin,103,srv-3:80,119.796
roundrobin,103,srv-3:80,116.727
roundrobin,103,srv-3:80,114.678
roundrobin,103,srv-3:80,116.557
roundrobin,103,srv-3:80,116.461
roundrobin,103,srv-3:80,117.131
roundrobin,103,srv-3:80,118.193
roundrobin,103,srv-3:80,115.753
roundrobin,103,srv-3:80,115.168
roundrobin,103,srv-3:80,119.359
roundrobin,103,srv-3:80,118.275
roundrobin,103,srv-3:80,113.888
roundrobin,103,srv-3:80,114.220
roundrobin,103,srv-3:80,115.598
roundrobin,103,srv-3:80,119.158
roundrobin,103,srv-3:80,121.011
roundrobin,103,srv-3:80,121.008
roundrobin,103,srv-3:80,120.974
roundrobin,103,srv-3:80,119.640
roundrobin,103,srv-3:80,117.603
roundrobin,103,srv-3:80,118.211
roundrobin,103,srv-3:80,116.076
roundrobin,103,srv-3:80,116.023
roundrobin,103,srv-3:80,117.451
roundrobin,103,srv-3:80,119.240
roundrobin,103,srv-3:80,122.235
roundrobin,103,srv-3:80,118.582
roundrobin,103,srv-3:80,118.555
roundrobin,103,srv-3:80,115.547
roundrobin,103,srv-3:80,115.409
roundrobin,103,srv-3:80,116.778
roundrobin,103,srv-3:80,116.880
roundrobin,103,srv-3:80,118.540
roundrobin,103,srv-3:80,118.018
roundrobin,103,srv-3:80,117.852
roundrobin,103,srv-3:80,114.930
roundrobin,103,srv-3:80,119.327
roundrobin,103,srv-3:80,119.382
roundrobin,103,srv-3:80,117.645
roundrobin,103,srv-3:80,119.465
roundrobin,103,srv-3:80,120.247
roundrobin,103,srv-3:80,118.632
roundrobin,103,srv-3:80,115.936
roundrobin,103,srv-3:80,116.093
roundrobin,103,srv-3:80,114.646
roundrobin,103,srv-3:80,115.097
roundrobin,103,srv-3:80,117.483
roundrobin,103,srv-3:80,75.783
roundrobin,103,srv-4:80,119.936
roundrobin,103,srv-4:80,118.039
roundrobin,103,srv-4:80,118.948
roundrobin,103,srv-4:80,117.217
roundrobin,103,srv-4:80,114.487
roundrobin,103,srv-4:80,115.838
roundrobin,103,srv-4:80,118.314
roundrobin,103,srv-4:80,118.770
roundrobin,103,srv-4:80,116.839
roundrobin,103,srv-4:80,117.381
roundrobin,103,srv-4:80,118.582
roundrobin,103,srv-4:80,119.860
roundrobin,103,srv-4:80,121.223
roundrobin,103,srv-4:80,121.880
roundrobin,103,srv-4:80,121.817
roundrobin,103,srv-4:80,119.981
roundrobin,103,srv-4:80,118.617
roundrobin,103,srv-4:80,116.901
roundrobin,103,srv-4:80,118.851
roundrobin,103,srv-4:80,118.454
roundrobin,103,srv-4:80,115.825
roundrobin,103,srv-4:80,115.990
roundrobin,103,srv-4:80,116.473
roundrobin,103,srv-4:80,115.243
roundrobin,103,srv-4:80,116.172
roundrobin,103,srv-4:80,121.043
roundrobin,103,srv-4:80,120.035
roundrobin,103,srv-4:80,119.996
roundrobin,103,srv-4:80,122.156
roundrobin,103,srv-4:80,119.294
roundrobin,103,srv-4:80,114.785
roundrobin,103,srv-4:80,112.061
roundrobin,103,srv-4:80,114.930
roundrobin,103,srv-4:80,116.524
roundrobin,103,srv-4:80,115.987
roundrobin,103,srv-4:80,118.262
roundrobin,103,srv-4:80,117.945
roundrobin,103,srv-4:80,118.672
roundrobin,103,srv-4:80,122.998
roundrobin,103,srv-4:80,118.234
roundrobin,103,srv-4:80,115.821
roundrobin,103,srv-4:80,121.664
roundrobin,103,srv-4:80,122.349
roundrobin,103,srv-4:80,118.806
roundrobin,103,srv-4:80,114.061
roundrobin,103,srv-4:80,112.997
roundrobin,103,srv-4:80,116.727
roundrobin,103,srv-4:80,116.158
roundrobin,103,srv-4:80,115.362
roundrobin,103,srv-4:80,117.395
roundrobin,103,srv-4:80,117.346
roundrobin,103,srv-4:80,118.099
roundrobin,103,srv-4:80,118.785
roundrobin,103,srv-4:80,117.190
roundrobin,103,srv-4:80,115.998
roundrobin,103,srv-4:80,113.553
roundrobin,103,srv-4:80,115.331
roundrobin,103,srv-4:80,120.195
roundrobin,103,srv-4:80,96.564
roundrobin,103,srv-4:80,36.053
roundrobin,103,srv-5:80,137.044
roundrobin,103,srv-5:80,134.409
roundrobin,103,srv-5:80,135.706
roundrobin,103,srv-5:80,143.778
roundrobin,103,srv-5:80,135.102
roundrobin,103,srv-5:80,131.196
roundrobin,103,srv-5:80,134.421
roundrobin,103,srv-5:80,132.009
roundrobin,103,srv-5:80,132.360
roundrobin,103,srv-5:80,134.693
roundrobin,103,srv-5:80,133.919
roundrobin,103,srv-5:80,135.784
roundrobin,103,srv-5:80,134.398
roundrobin,103,srv-5:80,129.427
roundrobin,103,srv-5:80,133.419
roundrobin,103,srv-5:80,137.208
roundrobin,103,srv-5:80,138.005
roundrobin,103,srv-5:80,138.656
roundrobin,103,srv-5:80,134.968
roundrobin,103,srv-5:80,129.836
roundrobin,103,srv-5:80,130.167
roundrobin,103,srv-5:80,138.913
roundrobin,103,srv-5:80,133.811
roundrobin,103,srv-5:80,132.942
roundrobin,103,srv-5:80,130.915
roundrobin,103,srv-5:80,134.405
roundrobin,103,srv-5:80,137.502
roundrobin,103,srv-5:80,130.958
roundrobin,103,srv-5:80,127.636
roundrobin,103,srv-5:80,137.364
roundrobin,103,srv-5:80,137.006
roundrobin,103,srv-5:80,129.986
roundrobin,103,srv-5:80,128.338
roundrobin,103,srv-5:80,134.091
roundrobin,103,srv-5:80,136.103
roundrobin,103,srv-5:80,136.939
roundrobin,103,srv-5:80,152.649
roundrobin,103,srv-5:80,137.726
roundrobin,103,srv-5:80,125.385
roundrobin,103,srv-5:80,139.959
roundrobin,103,srv-5:80,142.206
roundrobin,103,srv-5:80,137.763
roundrobin,103,srv-5:80,137.731
roundrobin,103,srv-5:80,136.442
roundrobin,103,srv-5:80,136.984
roundrobin,103,srv-5:80,133.899
roundrobin,103,srv-5:80,129.176
roundrobin,103,srv-5:80,135.158
roundrobin,103,srv-5:80,139.883
roundrobin,103,srv-5:80,137.860
roundrobin,103,srv-5:80,134.875
roundrobin,103,srv-5:80,133.366
roundrobin,103,srv-5:80,134.368
roundrobin,103,srv-5:80,137.279
roundrobin,103,srv-5:80,136.183
roundrobin,103,srv-5:80,132.770
roundrobin,103,srv-5:80,133.090
roundrobin,103,srv-5:80,134.658
roundrobin,103,srv-5:80,114.549
roundrobin,103,srv-5:80,45.360
roundrobin,103,srv-6:80,119.278
roundrobin,103,srv-6:80,133.162
roundrobin,103,srv-6:80,143.949
roundrobin,103,srv-6:80,132.952
roundrobin,103,srv-6:80,131.949
roundrobin,103,srv-6:80,140.891
roundrobin,103,srv-6:80,134.095
roundrobin,103,srv-6:80,131.072
roundrobin,103,srv-6:80,132.360
roundrobin,103,srv-6:80,132.795
roundrobin,103,srv-6:80,136.536
roundrobin,103,srv-6:80,132.211
roundrobin,103,srv-6:80,137.071
roundrobin,103,srv-6:80,135.326
roundrobin,103,srv-6:80,128.933
roundrobin,103,srv-6:80,129.877
roundrobin,103,srv-6:80,131.658
roundrobin,103,srv-6:80,138.829
roundrobin,103,srv-6:80,137.981
roundrobin,103,srv-6:80,129.106
roundrobin,103,srv-6:80,129.622
roundrobin,103,srv-6:80,135.149
roundrobin,103,srv-6:80,134.978
roundrobin,103,srv-6:80,135.886
roundrobin,103,srv-6:80,136.883
roundrobin,103,srv-6:80,135.177
roundrobin,103,srv-6:80,131.843
roundrobin,103,srv-6:80,133.257
roundrobin,103,srv-6:80,139.148
roundrobin,103,srv-6:80,137.873
roundrobin,103,srv-6:80,133.648
roundrobin,103,srv-6:80,134.313
roundrobin,103,srv-6:80,139.871
roundrobin,103,srv-6:80,133.425
roundrobin,103,srv-6:80,138.894
roundrobin,103,srv-6:80,138.975
roundrobin,103,srv-6:80,135.836
roundrobin,103,srv-6:80,152.568
roundrobin,103,srv-6:80,136.320
roundrobin,103,srv-6:80,115.136
roundrobin,103,srv-6:80,137.821
roundrobin,103,srv-6:80,139.459
roundrobin,103,srv-6:80,138.797
roundrobin,103,srv-6:80,137.918
roundrobin,103,srv-6:80,135.897
roundrobin,103,srv-6:80,137.109
roundrobin,103,srv-6:80,134.766
roundrobin,103,srv-6:80,141.674
roundrobin,103,srv-6:80,138.097
roundrobin,103,srv-6:80,134.139
roundrobin,103,srv-6:80,138.066
roundrobin,103,srv-6:80,138.134
roundrobin,103,srv-6:80,138.043
roundrobin,103,srv-6:80,140.794
roundrobin,103,srv-6:80,141.354
roundrobin,103,srv-6:80,141.093
roundrobin,103,srv-6:80,138.327
roundrobin,103,srv-6:80,137.177
roundrobin,103,srv-6:80,133.753
roundrobin,103,srv-6:80,67.762
roundrobin,103,srv-7:80,142.820
roundrobin,103,srv-7:80,138.876
roundrobin,103,srv-7:80,138.573
roundrobin,103,srv-7:80,140.780
roundrobin,103,srv-7:80,138.249
roundrobin,103,srv-7:80,140.194
roundrobin,103,srv-7:80,142.537
roundrobin,103,srv-7:80,139.504
roundrobin,103,srv-7:80,141.983
roundrobin,103,srv-7:80,146.905
roundrobin,103,srv-7:80,143.008
roundrobin,103,srv-7:80,139.649
roundrobin,103,srv-7:80,139.286
roundrobin,103,srv-7:80,142.978
roundrobin,103,srv-7:80,133.732
roundrobin,103,srv-7:80,134.040
roundrobin,103,srv-7:80,141.985
roundrobin,103,srv-7:80,163.179
roundrobin,103,srv-7:80,137.165
roundrobin,103,srv-7:80,126.337
roundrobin,103,srv-7:80,140.123
roundrobin,103,srv-7:80,145.596
roundrobin,103,srv-7:80,143.035
roundrobin,103,srv-7:80,136.677
roundrobin,103,srv-7:80,138.959
roundrobin,103,srv-7:80,143.634
roundrobin,103,srv-7:80,151.196
roundrobin,103,srv-7:80,140.686
roundrobin,103,srv-7:80,133.497
roundrobin,103,srv-7:80,138.031
roundrobin,103,srv-7:80,140.332
roundrobin,103,srv-7:80,138.709
roundrobin,103,srv-7:80,146.406
roundrobin,103,srv-7:80,140.289
roundrobin,103,srv-7:80,135.080
roundrobin,103,srv-7:80,141.530
roundrobin,103,srv-7:80,136.567
roundrobin,103,srv-7:80,142.986
roundrobin,103,srv-7:80,170.624
roundrobin,103,srv-7:80,140.140
roundrobin,103,srv-7:80,115.702
roundrobin,103,srv-7:80,143.859
roundrobin,103,srv-7:80,141.364
roundrobin,103,srv-7:80,140.109
roundrobin,103,srv-7:80,138.784
roundrobin,103,srv-7:80,137.344
roundrobin,103,srv-7:80,139.030
roundrobin,103,srv-7:80,130.461
roundrobin,103,srv-7:80,148.702
roundrobin,103,srv-7:80,141.486
roundrobin,103,srv-7:80,134.007
roundrobin,103,srv-7:80,137.619
roundrobin,103,srv-7:80,141.567
roundrobin,103,srv-7:80,145.258
roundrobin,103,srv-7:80,142.808
roundrobin,103,srv-7:80,138.988
roundrobin,103,srv-7:80,140.167
roundrobin,103,srv-7:80,140.814
roundrobin,103,srv-7:80,123.880
roundrobin,103,srv-7:80,60.681
roundrobin,103,srv-8:80,162.934
roundrobin,103,srv-8:80,142.954
roundrobin,103,srv-8:80,118.306
roundrobin,103,srv-8:80,135.809
roundrobin,103,srv-8:80,132.072
roundrobin,103,srv-8:80,133.811
roundrobin,103,srv-8:80,133.828
roundrobin,103,srv-8:80,142.087
roundrobin,103,srv-8:80,145.418
roundrobin,103,srv-8:80,134.222
roundrobin,103,srv-8:80,128.767
roundrobin,103,srv-8:80,138.484
roundrobin,103,srv-8:80,150.534
roundrobin,103,srv-8:80,139.545
roundrobin,103,srv-8:80,147.420
roundrobin,103,srv-8:80,137.489
roundrobin,103,srv-8:80,133.331
roundrobin,103,srv-8:80,132.737
roundrobin,103,srv-8:80,143.299
roundrobin,103,srv-8:80,140.738
roundrobin,103,srv-8:80,127.584
roundrobin,103,srv-8:80,137.721
roundrobin,103,srv-8:80,139.696
roundrobin,103,srv-8:80,167.661
roundrobin,103,srv-8:80,144.219
roundrobin,103,srv-8:80,116.845
roundrobin,103,srv-8:80,143.611
roundrobin,103,srv-8:80,140.044
roundrobin,103,srv-8:80,137.850
roundrobin,103,srv-8:80,139.124
roundrobin,103,srv-8:80,142.985
roundrobin,103,srv-8:80,163.859
roundrobin,103,srv-8:80,142.409
roundrobin,103,srv-8:80,121.215
roundrobin,103,srv-8:80,138.226
roundrobin,103,srv-8:80,140.091
roundrobin,103,srv-8:80,140.676
roundrobin,103,srv-8:80,141.091
roundrobin,103,srv-8:80,142.341
roundrobin,103,srv-8:80,138.906
roundrobin,103,srv-8:80,137.808
roundrobin,103,srv-8:80,139.528
roundrobin,103,srv-8:80,139.220
roundrobin,103,srv-8:80,149.258
roundrobin,103,srv-8:80,141.416
roundrobin,103,srv-8:80,131.810
roundrobin,103,srv-8:80,141.410
roundrobin,103,srv-8:80,140.974
roundrobin,103,srv-8:80,137.843
roundrobin,103,srv-8:80,136.924
roundrobin,103,srv-8:80,135.905
roundrobin,103,srv-8:80,137.391
roundrobin,103,srv-8:80,141.013
roundrobin,103,srv-8:80,136.207
roundrobin,103,srv-8:80,122.301
roundrobin,103,srv-8:80,141.238
roundrobin,103,srv-8:80,139.938
roundrobin,103,srv-8:80,137.969
roundrobin,103,srv-8:80,113.705
roundrobin,103,srv-8:80,38.481
roundrobin,103,srv-9:80,127.778
roundrobin,103,srv-9:80,134.759
roundrobin,103,srv-9:80,151.688
roundrobin,103,srv-9:80,132.031
roundrobin,103,srv-9:80,116.192
roundrobin,103,srv-9:80,135.460
roundrobin,103,srv-9:80,133.340
roundrobin,103,srv-9:80,155.596
roundrobin,103,srv-9:80,150.223
roundrobin,103,srv-9:80,111.544
roundrobin,103,srv-9:80,117.514
roundrobin,103,srv-9:80,148.494
roundrobin,103,srv-9:80,135.110
roundrobin,103,srv-9:80,122.528
roundrobin,103,srv-9:80,187.611
roundrobin,103,srv-9:80,138.573
roundrobin,103,srv-9:80,87.052
roundrobin,103,srv-9:80,134.288
roundrobin,103,srv-9:80,135.780
roundrobin,103,srv-9:80,133.332
roundrobin,103,srv-9:80,131.780
roundrobin,103,srv-9:80,133.956
roundrobin,103,srv-9:80,141.342
roundrobin,103,srv-9:80,135.946
roundrobin,103,srv-9:80,128.874
roundrobin,103,srv-9:80,133.738
roundrobin,103,srv-9:80,151.781
roundrobin,103,srv-9:80,168.113
roundrobin,103,srv-9:80,142.673
roundrobin,103,srv-9:80,101.354
roundrobin,103,srv-9:80,106.653
roundrobin,103,srv-9:80,130.090
roundrobin,103,srv-9:80,145.632
roundrobin,103,srv-9:80,136.546
roundrobin,103,srv-9:80,159.977
roundrobin,103,srv-9:80,186.323
roundrobin,103,srv-9:80,103.289
roundrobin,103,srv-9:80,98.024
roundrobin,103,srv-9:80,134.304
roundrobin,103,srv-9:80,126.170
roundrobin,103,srv-9:80,150.283
roundrobin,103,srv-9:80,171.348
roundrobin,103,srv-9:80,121.644
roundrobin,103,srv-9:80,104.264
roundrobin,103,srv-9:80,134.296
roundrobin,103,srv-9:80,130.901
roundrobin,103,srv-9:80,135.729
roundrobin,103,srv-9:80,132.560
roundrobin,103,srv-9:80,131.626
roundrobin,103,srv-9:80,130.280
roundrobin,103,srv-9:80,130.638
roundrobin,103,srv-9:80,129.386
roundrobin,103,srv-9:80,170.838
roundrobin,103,srv-9:80,136.340
roundrobin,103,srv-9:80,113.669
roundrobin,103,srv-9:80,144.176
roundrobin,103,srv-9:80,116.369
roundrobin,103,srv-9:80,136.960
roundrobin,103,srv-9:80,120.315
roundrobin,103,srv-9:80,40.269
roundrobin,114,srv-10:80,142.206
roundrobin,114,srv-10:80,128.332
roundrobin,114,srv-10:80,136.358
roundrobin,114,srv-10:80,134.571
roundrobin,114,srv-10:80,127.076
roundrobin,114,srv-10:80,159.829
roundrobin,114,srv-10:80,135.820
roundrobin,114,srv-10:80,119.641
roundrobin,114,srv-10:80,136.291
roundrobin,114,srv-10:80,137.356
roundrobin,114,srv-10:80,136.951
roundrobin,114,srv-10:80,201.998
roundrobin,114,srv-10:80,137.959
roundrobin,114,srv-10:80,73.958
roundrobin,114,srv-10:80,140.139
roundrobin,114,srv-10:80,141.842
roundrobin,114,srv-10:80,138.554
roundrobin,114,srv-10:80,137.422
roundrobin,114,srv-10:80,190.108
roundrobin,114,srv-10:80,137.291
roundrobin,114,srv-10:80,123.077
roundrobin,114,srv-10:80,152.623
roundrobin,114,srv-10:80,145.952
roundrobin,114,srv-10:80,181.463
roundrobin,114,srv-10:80,134.986
roundrobin,114,srv-10:80,127.642
roundrobin,114,srv-10:80,149.162
roundrobin,114,srv-10:80,146.810
roundrobin,114,srv-10:80,144.446
roundrobin,114,srv-10:80,155.030
roundrobin,114,srv-10:80,158.718
roundrobin,114,srv-10:80,124.307
roundrobin,114,srv-10:80,125.911
roundrobin,114,srv-10:80,137.080
roundrobin,114,srv-10:80,132.187
roundrobin,114,srv-10:80,137.837
roundrobin,114,srv-10:80,152.051
roundrobin,114,srv-10:80,149.091
roundrobin,114,srv-10:80,175.430
roundrobin,114,srv-10:80,128.936
roundrobin,114,srv-10:80,139.774
roundrobin,114,srv-10:80,148.657
roundrobin,114,srv-10:80,93.389
roundrobin,114,srv-10:80,135.927
roundrobin,114,srv-10:80,140.409
roundrobin,114,srv-10:80,140.756
roundrobin,114,srv-10:80,138.293
roundrobin,114,srv-10:80,164.316
roundrobin,114,srv-10:80,165.306
roundrobin,114,srv-10:80,112.117
roundrobin,114,srv-10:80,59.360
roundrobin,114,srv-10:80,149.607
roundrobin,114,srv-10:80,80.401
roundrobin,114,srv-10:80,136.620
roundrobin,114,srv-10:80,171.178
roundrobin,114,srv-10:80,145.702
roundrobin,114,srv-10:80,117.808
roundrobin,114,srv-10:80,141.985
roundrobin,114,srv-10:80,150.114
roundrobin,114,srv-10:80,82.322
roundrobin,114,srv-10:80,3.588
roundrobin,114,srv-1:80,132.497
roundrobin,114,srv-1:80,129.254
roundrobin,114,srv-1:80,130.479
roundrobin,114,srv-1:80,131.741
roundrobin,114,srv-1:80,134.115
roundrobin,114,srv-1:80,133.564
roundrobin,114,srv-1:80,129.281
roundrobin,114,srv-1:80,129.427
roundrobin,114,srv-1:80,131.459
roundrobin,114,srv-1:80,131.340
roundrobin,114,srv-1:80,131.233
roundrobin,114,srv-1:80,129.508
roundrobin,114,srv-1:80,127.822
roundrobin,114,srv-1:80,128.338
roundrobin,114,srv-1:80,129.975
roundrobin,114,srv-1:80,132.343
roundrobin,114,srv-1:80,128.216
roundrobin,114,srv-1:80,123.866
roundrobin,114,srv-1:80,128.065
roundrobin,114,srv-1:80,129.139
roundrobin,114,srv-1:80,129.856
roundrobin,114,srv-1:80,132.084
roundrobin,114,srv-1:80,129.904
roundrobin,114,srv-1:80,129.281
roundrobin,114,srv-1:80,130.301
roundrobin,114,srv-1:80,129.250
roundrobin,114,srv-1:80,131.481
roundrobin,114,srv-1:80,130.911
roundrobin,114,srv-1:80,129.779
roundrobin,114,srv-1:80,133.732
roundrobin,114,srv-1:80,130.690
roundrobin,114,srv-1:80,132.042
roundrobin,114,srv-1:80,135.045
roundrobin,114,srv-1:80,132.702
roundrobin,114,srv-1:80,131.985
roundrobin,114,srv-1:80,129.284
roundrobin,114,srv-1:80,128.480
roundrobin,114,srv-1:80,129.792
roundrobin,114,srv-1:80,128.439
roundrobin,114,srv-1:80,129.159
roundrobin,114,srv-1:80,131.185
roundrobin,114,srv-1:80,133.046
roundrobin,114,srv-1:80,132.602
roundrobin,114,srv-1:80,128.561
roundrobin,114,srv-1:80,129.007
roundrobin,114,srv-1:80,128.447
roundrobin,114,srv-1:80,124.409
roundrobin,114,srv-1:80,124.689
roundrobin,114,srv-1:80,127.140
roundrobin,114,srv-1:80,127.080
roundrobin,114,srv-1:80,127.992
roundrobin,114,srv-1:80,130.592
roundrobin,114,srv-1:80,132.007
roundrobin,114,srv-1:80,131.622
roundrobin,114,srv-1:80,127.725
roundrobin,114,srv-1:80,126.800
roundrobin,114,srv-1:80,130.192
roundrobin,114,srv-1:80,130.690
roundrobin,114,srv-1:80,115.576
roundrobin,114,srv-1:80,50.871
roundrobin,114,srv-1:80,0.043
roundrobin,114,srv-2:80,132.309
roundrobin,114,srv-2:80,132.300
roundrobin,114,srv-2:80,127.622
roundrobin,114,srv-2:80,130.672
roundrobin,114,srv-2:80,137.849
roundrobin,114,srv-2:80,135.911
roundrobin,114,srv-2:80,133.024
roundrobin,114,srv-2:80,137.506
roundrobin,114,srv-2:80,136.700
roundrobin,114,srv-2:80,131.209
roundrobin,114,srv-2:80,132.349
roundrobin,114,srv-2:80,131.257
roundrobin,114,srv-2:80,130.498
roundrobin,114,srv-2:80,129.150
roundrobin,114,srv-2:80,127.984
roundrobin,114,srv-2:80,131.248
roundrobin,114,srv-2:80,131.087
roundrobin,114,srv-2:80,131.899
roundrobin,114,srv-2:80,130.647
roundrobin,114,srv-2:80,132.559
roundrobin,114,srv-2:80,135.699
roundrobin,114,srv-2:80,133.575
roundrobin,114,srv-2:80,132.378
roundrobin,114,srv-2:80,135.208
roundrobin,114,srv-2:80,132.447
roundrobin,114,srv-2:80,127.721
roundrobin,114,srv-2:80,126.644
roundrobin,114,srv-2:80,126.776
roundrobin,114,srv-2:80,129.503
roundrobin,114,srv-2:80,129.504
roundrobin,114,srv-2:80,130.079
roundrobin,114,srv-2:80,130.151
roundrobin,114,srv-2:80,131.544
roundrobin,114,srv-2:80,133.113
roundrobin,114,srv-2:80,132.807
roundrobin,114,srv-2:80,134.753
roundrobin,114,srv-2:80,136.228
roundrobin,114,srv-2:80,135.528
roundrobin,114,srv-2:80,134.220
roundrobin,114,srv-2:80,134.625
roundrobin,114,srv-2:80,134.727
roundrobin,114,srv-2:80,134.051
roundrobin,114,srv-2:80,133.716
roundrobin,114,srv-2:80,132.329
roundrobin,114,srv-2:80,129.887
roundrobin,114,srv-2:80,126.808
roundrobin,114,srv-2:80,128.538
roundrobin,114,srv-2:80,133.151
roundrobin,114,srv-2:80,129.357
roundrobin,114,srv-2:80,127.762
roundrobin,114,srv-2:80,131.597
roundrobin,114,srv-2:80,131.351
roundrobin,114,srv-2:80,129.990
roundrobin,114,srv-2:80,129.607
roundrobin,114,srv-2:80,130.414
roundrobin,114,srv-2:80,132.552
roundrobin,114,srv-2:80,129.922
roundrobin,114,srv-2:80,125.869
roundrobin,114,srv-2:80,117.224
roundrobin,114,srv-2:80,54.139
roundrobin,114,srv-2:80,0.042
roundrobin,114,srv-3:80,110.048
roundrobin,114,srv-3:80,131.745
roundrobin,114,srv-3:80,134.353
roundrobin,114,srv-3:80,136.323
roundrobin,114,srv-3:80,130.337
roundrobin,114,srv-3:80,129.542
roundrobin,114,srv-3:80,132.280
roundrobin,114,srv-3:80,135.622
roundrobin,114,srv-3:80,133.810
roundrobin,114,srv-3:80,133.070
roundrobin,114,srv-3:80,131.640
roundrobin,114,srv-3:80,129.758
roundrobin,114,srv-3:80,131.957
roundrobin,114,srv-3:80,131.988
roundrobin,114,srv-3:80,132.322
roundrobin,114,srv-3:80,130.138
roundrobin,114,srv-3:80,127.935
roundrobin,114,srv-3:80,131.676
roundrobin,114,srv-3:80,132.806
roundrobin,114,srv-3:80,133.363
roundrobin,114,srv-3:80,132.658
roundrobin,114,srv-3:80,127.336
roundrobin,114,srv-3:80,128.687
roundrobin,114,srv-3:80,131.451
roundrobin,114,srv-3:80,135.118
roundrobin,114,srv-3:80,132.004
roundrobin,114,srv-3:80,126.800
roundrobin,114,srv-3:80,128.022
roundrobin,114,srv-3:80,127.466
roundrobin,114,srv-3:80,129.426
roundrobin,114,srv-3:80,130.772
roundrobin,114,srv-3:80,131.148
roundrobin,114,srv-3:80,133.887
roundrobin,114,srv-3:80,128.959
roundrobin,114,srv-3:80,126.779
roundrobin,114,srv-3:80,128.253
roundrobin,114,srv-3:80,127.952
roundrobin,114,srv-3:80,129.666
roundrobin,114,srv-3:80,130.986
roundrobin,114,srv-3:80,133.991
roundrobin,114,srv-3:80,133.390
roundrobin,114,srv-3:80,133.025
roundrobin,114,srv-3:80,133.349
roundrobin,114,srv-3:80,130.649
roundrobin,114,srv-3:80,132.171
roundrobin,114,srv-3:80,132.965
roundrobin,114,srv-3:80,131.304
roundrobin,114,srv-3:80,131.894
roundrobin,114,srv-3:80,135.623
roundrobin,114,srv-3:80,131.624
roundrobin,114,srv-3:80,130.468
roundrobin,114,srv-3:80,135.239
roundrobin,114,srv-3:80,132.092
roundrobin,114,srv-3:80,135.227
roundrobin,114,srv-3:80,137.013
roundrobin,114,srv-3:80,133.754
roundrobin,114,srv-3:80,133.031
roundrobin,114,srv-3:80,131.401
roundrobin,114,srv-3:80,128.485
roundrobin,114,srv-3:80,88.134
roundrobin,114,srv-3:80,24.928
roundrobin,114,srv-4:80,130.526
roundrobin,114,srv-4:80,134.493
roundrobin,114,srv-4:80,130.905
roundrobin,114,srv-4:80,130.219
roundrobin,114,srv-4:80,131.151
roundrobin,114,srv-4:80,131.089
roundrobin,114,srv-4:80,131.678
roundrobin,114,srv-4:80,129.347
roundrobin,114,srv-4:80,131.091
roundrobin,114,srv-4:80,131.645
roundrobin,114,srv-4:80,131.867
roundrobin,114,srv-4:80,128.717
roundrobin,114,srv-4:80,127.143
roundrobin,114,srv-4:80,131.288
roundrobin,114,srv-4:80,132.823
roundrobin,114,srv-4:80,133.347
roundrobin,114,srv-4:80,133.881
roundrobin,114,srv-4:80,129.666
roundrobin,114,srv-4:80,125.396
roundrobin,114,srv-4:80,127.809
roundrobin,114,srv-4:80,130.232
roundrobin,114,srv-4:80,132.008
roundrobin,114,srv-4:80,130.849
roundrobin,114,srv-4:80,126.677
roundrobin,114,srv-4:80,129.248
roundrobin,114,srv-4:80,131.978
roundrobin,114,srv-4:80,129.781
roundrobin,114,srv-4:80,130.161
roundrobin,114,srv-4:80,127.408
roundrobin,114,srv-4:80,125.793
roundrobin,114,srv-4:80,130.427
roundrobin,114,srv-4:80,131.791
roundrobin,114,srv-4:80,130.512
roundrobin,114,srv-4:80,127.698
roundrobin,114,srv-4:80,126.743
roundrobin,114,srv-4:80,133.418
roundrobin,114,srv-4:80,134.202
roundrobin,114,srv-4:80,129.473
roundrobin,114,srv-4:80,126.042
roundrobin,114,srv-4:80,125.830
roundrobin,114,srv-4:80,128.146
roundrobin,114,srv-4:80,127.333
roundrobin,114,srv-4:80,131.568
roundrobin,114,srv-4:80,132.806
roundrobin,114,srv-4:80,129.918
roundrobin,114,srv-4:80,130.729
roundrobin,114,srv-4:80,133.432
roundrobin,114,srv-4:80,131.128
roundrobin,114,srv-4:80,125.944
roundrobin,114,srv-4:80,129.038
roundrobin,114,srv-4:80,132.177
roundrobin,114,srv-4:80,128.573
roundrobin,114,srv-4:80,129.410
roundrobin,114,srv-4:80,129.605
roundrobin,114,srv-4:80,129.995
roundrobin,114,srv-4:80,133.076
roundrobin,114,srv-4:80,127.570
roundrobin,114,srv-4:80,126.758
roundrobin,114,srv-4:80,112.222
roundrobin,114,srv-4:80,47.124
roundrobin,114,srv-4:80,0.030
roundrobin,114,srv-5:80,152.982
roundrobin,114,srv-5:80,150.034
roundrobin,114,srv-5:80,147.722
roundrobin,114,srv-5:80,144.931
roundrobin,114,srv-5:80,156.964
roundrobin,114,srv-5:80,142.842
roundrobin,114,srv-5:80,128.828
roundrobin,114,srv-5:80,148.723
roundrobin,114,srv-5:80,156.473
roundrobin,114,srv-5:80,146.663
roundrobin,114,srv-5:80,139.476
roundrobin,114,srv-5:80,149.644
roundrobin,114,srv-5:80,156.360
roundrobin,114,srv-5:80,150.674
roundrobin,114,srv-5:80,147.581
roundrobin,114,srv-5:80,149.314
roundrobin,114,srv-5:80,147.941
roundrobin,114,srv-5:80,148.202
roundrobin,114,srv-5:80,146.607
roundrobin,114,srv-5:80,144.700
roundrobin,114,srv-5:80,146.030
roundrobin,114,srv-5:80,149.736
roundrobin,114,srv-5:80,149.940
roundrobin,114,srv-5:80,146.060
roundrobin,114,srv-5:80,145.771
roundrobin,114,srv-5:80,151.220
roundrobin,114,srv-5:80,155.105
roundrobin,114,srv-5:80,152.955
roundrobin,114,srv-5:80,148.221
roundrobin,114,srv-5:80,138.105
roundrobin,114,srv-5:80,145.947
roundrobin,114,srv-5:80,144.757
roundrobin,114,srv-5:80,154.935
roundrobin,114,srv-5:80,149.777
roundrobin,114,srv-5:80,153.276
roundrobin,114,srv-5:80,169.376
roundrobin,114,srv-5:80,148.647
roundrobin,114,srv-5:80,144.368
roundrobin,114,srv-5:80,147.277
roundrobin,114,srv-5:80,144.880
roundrobin,114,srv-5:80,150.953
roundrobin,114,srv-5:80,152.078
roundrobin,114,srv-5:80,156.023
roundrobin,114,srv-5:80,152.453
roundrobin,114,srv-5:80,146.884
roundrobin,114,srv-5:80,145.285
roundrobin,114,srv-5:80,147.473
roundrobin,114,srv-5:80,148.610
roundrobin,114,srv-5:80,146.709
roundrobin,114,srv-5:80,146.961
roundrobin,114,srv-5:80,145.099
roundrobin,114,srv-5:80,145.309
roundrobin,114,srv-5:80,149.199
roundrobin,114,srv-5:80,149.546
roundrobin,114,srv-5:80,143.585
roundrobin,114,srv-5:80,147.362
roundrobin,114,srv-5:80,150.900
roundrobin,114,srv-5:80,152.134
roundrobin,114,srv-5:80,134.512
roundrobin,114,srv-5:80,59.938
roundrobin,114,srv-5:80,0.068
roundrobin,114,srv-6:80,150.991
roundrobin,114,srv-6:80,147.195
roundrobin,114,srv-6:80,147.873
roundrobin,114,srv-6:80,139.764
roundrobin,114,srv-6:80,152.557
roundrobin,114,srv-6:80,155.385
roundrobin,114,srv-6:80,147.267
roundrobin,114,srv-6:80,145.715
roundrobin,114,srv-6:80,145.394
roundrobin,114,srv-6:80,160.599
roundrobin,114,srv-6:80,150.763
roundrobin,114,srv-6:80,139.786
roundrobin,114,srv-6:80,149.630
roundrobin,114,srv-6:80,146.832
roundrobin,114,srv-6:80,148.915
roundrobin,114,srv-6:80,150.948
roundrobin,114,srv-6:80,150.692
roundrobin,114,srv-6:80,152.576
roundrobin,114,srv-6:80,151.363
roundrobin,114,srv-6:80,147.190
roundrobin,114,srv-6:80,152.989
roundrobin,114,srv-6:80,161.434
roundrobin,114,srv-6:80,150.310
roundrobin,114,srv-6:80,146.364
roundrobin,114,srv-6:80,149.210
roundrobin,114,srv-6:80,147.765
roundrobin,114,srv-6:80,149.988
roundrobin,114,srv-6:80,151.071
roundrobin,114,srv-6:80,147.000
roundrobin,114,srv-6:80,149.898
roundrobin,114,srv-6:80,149.903
roundrobin,114,srv-6:80,147.157
roundrobin,114,srv-6:80,149.613
roundrobin,114,srv-6:80,149.718
roundrobin,114,srv-6:80,142.496
roundrobin,114,srv-6:80,148.963
roundrobin,114,srv-6:80,150.277
roundrobin,114,srv-6:80,149.790
roundrobin,114,srv-6:80,144.187
roundrobin,114,srv-6:80,149.734
roundrobin,114,srv-6:80,150.939
roundrobin,114,srv-6:80,149.639
roundrobin,114,srv-6:80,156.244
roundrobin,114,srv-6:80,145.402
roundrobin,114,srv-6:80,157.261
roundrobin,114,srv-6:80,152.137
roundrobin,114,srv-6:80,133.372
roundrobin,114,srv-6:80,146.424
roundrobin,114,srv-6:80,147.758
roundrobin,114,srv-6:80,150.508
roundrobin,114,srv-6:80,149.660
roundrobin,114,srv-6:80,152.620
roundrobin,114,srv-6:80,155.339
roundrobin,114,srv-6:80,147.985
roundrobin,114,srv-6:80,150.725
roundrobin,114,srv-6:80,149.320
roundrobin,114,srv-6:80,149.085
roundrobin,114,srv-6:80,149.900
roundrobin,114,srv-6:80,145.748
roundrobin,114,srv-6:80,71.317
roundrobin,114,srv-6:80,2.573
roundrobin,114,srv-7:80,143.492
roundrobin,114,srv-7:80,153.089
roundrobin,114,srv-7:80,169.978
roundrobin,114,srv-7:80,154.020
roundrobin,114,srv-7:80,142.831
roundrobin,114,srv-7:80,154.131
roundrobin,114,srv-7:80,175.424
roundrobin,114,srv-7:80,157.323
roundrobin,114,srv-7:80,134.397
roundrobin,114,srv-7:80,152.581
roundrobin,114,srv-7:80,152.117
roundrobin,114,srv-7:80,142.452
roundrobin,114,srv-7:80,155.081
roundrobin,114,srv-7:80,148.984
roundrobin,114,srv-7:80,178.956
roundrobin,114,srv-7:80,152.849
roundrobin,114,srv-7:80,132.186
roundrobin,114,srv-7:80,152.413
roundrobin,114,srv-7:80,153.425
roundrobin,114,srv-7:80,151.200
roundrobin,114,srv-7:80,152.320
roundrobin,114,srv-7:80,153.098
roundrobin,114,srv-7:80,157.045
roundrobin,114,srv-7:80,175.398
roundrobin,114,srv-7:80,154.556
roundrobin,114,srv-7:80,138.049
roundrobin,114,srv-7:80,147.240
roundrobin,114,srv-7:80,181.416
roundrobin,114,srv-7:80,155.790
roundrobin,114,srv-7:80,122.042
roundrobin,114,srv-7:80,158.069
roundrobin,114,srv-7:80,183.416
roundrobin,114,srv-7:80,154.990
roundrobin,114,srv-7:80,128.001
roundrobin,114,srv-7:80,152.995
roundrobin,114,srv-7:80,152.839
roundrobin,114,srv-7:80,153.154
roundrobin,114,srv-7:80,155.570
roundrobin,114,srv-7:80,153.468
roundrobin,114,srv-7:80,155.706
roundrobin,114,srv-7:80,160.248
roundrobin,114,srv-7:80,158.269
roundrobin,114,srv-7:80,151.882
roundrobin,114,srv-7:80,153.826
roundrobin,114,srv-7:80,149.642
roundrobin,114,srv-7:80,162.678
roundrobin,114,srv-7:80,146.807
roundrobin,114,srv-7:80,160.674
roundrobin,114,srv-7:80,158.103
roundrobin,114,srv-7:80,138.954
roundrobin,114,srv-7:80,161.259
roundrobin,114,srv-7:80,158.159
roundrobin,114,srv-7:80,137.763
roundrobin,114,srv-7:80,155.404
roundrobin,114,srv-7:80,188.457
roundrobin,114,srv-7:80,153.924
roundrobin,114,srv-7:80,130.617
roundrobin,114,srv-7:80,159.495
roundrobin,114,srv-7:80,147.828
roundrobin,114,srv-7:80,65.227
roundrobin,114,srv-7:80,2.653
roundrobin,114,srv-8:80,155.453
roundrobin,114,srv-8:80,160.813
roundrobin,114,srv-8:80,151.353
roundrobin,114,srv-8:80,151.664
roundrobin,114,srv-8:80,154.327
roundrobin,114,srv-8:80,153.569
roundrobin,114,srv-8:80,158.642
roundrobin,114,srv-8:80,158.541
roundrobin,114,srv-8:80,155.881
roundrobin,114,srv-8:80,155.675
roundrobin,114,srv-8:80,154.446
roundrobin,114,srv-8:80,151.801
roundrobin,114,srv-8:80,157.168
roundrobin,114,srv-8:80,172.522
roundrobin,114,srv-8:80,152.803
roundrobin,114,srv-8:80,139.938
roundrobin,114,srv-8:80,154.428
roundrobin,114,srv-8:80,155.812
roundrobin,114,srv-8:80,154.415
roundrobin,114,srv-8:80,157.387
roundrobin,114,srv-8:80,149.484
roundrobin,114,srv-8:80,154.567
roundrobin,114,srv-8:80,142.323
roundrobin,114,srv-8:80,161.637
roundrobin,114,srv-8:80,155.067
roundrobin,114,srv-8:80,147.494
roundrobin,114,srv-8:80,178.164
roundrobin,114,srv-8:80,153.805
roundrobin,114,srv-8:80,133.254
roundrobin,114,srv-8:80,154.763
roundrobin,114,srv-8:80,164.646
roundrobin,114,srv-8:80,152.257
roundrobin,114,srv-8:80,140.924
roundrobin,114,srv-8:80,152.710
roundrobin,114,srv-8:80,164.456
roundrobin,114,srv-8:80,157.101
roundrobin,114,srv-8:80,176.158
roundrobin,114,srv-8:80,151.819
roundrobin,114,srv-8:80,120.126
roundrobin,114,srv-8:80,151.203
roundrobin,114,srv-8:80,153.664
roundrobin,114,srv-8:80,161.053
roundrobin,114,srv-8:80,163.408
roundrobin,114,srv-8:80,152.414
roundrobin,114,srv-8:80,149.025
roundrobin,114,srv-8:80,151.975
roundrobin,114,srv-8:80,160.964
roundrobin,114,srv-8:80,137.622
roundrobin,114,srv-8:80,163.282
roundrobin,114,srv-8:80,156.837
roundrobin,114,srv-8:80,157.659
roundrobin,114,srv-8:80,169.017
roundrobin,114,srv-8:80,141.625
roundrobin,114,srv-8:80,142.088
roundrobin,114,srv-8:80,151.142
roundrobin,114,srv-8:80,153.384
roundrobin,114,srv-8:80,154.913
roundrobin,114,srv-8:80,166.881
roundrobin,114,srv-8:80,122.850
roundrobin,114,srv-8:80,44.124
roundrobin,114,srv-8:80,0.047
roundrobin,114,srv-9:80,182.758
roundrobin,114,srv-9:80,181.067
roundrobin,114,srv-9:80,117.944
roundrobin,114,srv-9:80,67.470
roundrobin,114,srv-9:80,139.683
roundrobin,114,srv-9:80,119.563
roundrobin,114,srv-9:80,110.848
roundrobin,114,srv-9:80,139.157
roundrobin,114,srv-9:80,138.310
roundrobin,114,srv-9:80,107.838
roundrobin,114,srv-9:80,144.446
roundrobin,114,srv-9:80,72.831
roundrobin,114,srv-9:80,137.043
roundrobin,114,srv-9:80,175.058
roundrobin,114,srv-9:80,150.918
roundrobin,114,srv-9:80,107.154
roundrobin,114,srv-9:80,130.128
roundrobin,114,srv-9:80,136.420
roundrobin,114,srv-9:80,137.222
roundrobin,114,srv-9:80,141.462
roundrobin,114,srv-9:80,151.573
roundrobin,114,srv-9:80,180.295
roundrobin,114,srv-9:80,124.407
roundrobin,114,srv-9:80,95.107
roundrobin,114,srv-9:80,160.656
roundrobin,114,srv-9:80,134.755
roundrobin,114,srv-9:80,111.837
roundrobin,114,srv-9:80,139.998
roundrobin,114,srv-9:80,140.594
roundrobin,114,srv-9:80,150.173
roundrobin,114,srv-9:80,135.925
roundrobin,114,srv-9:80,121.382
roundrobin,114,srv-9:80,137.896
roundrobin,114,srv-9:80,141.503
roundrobin,114,srv-9:80,140.505
roundrobin,114,srv-9:80,149.358
roundrobin,114,srv-9:80,140.592
roundrobin,114,srv-9:80,144.290
roundrobin,114,srv-9:80,137.359
roundrobin,114,srv-9:80,155.289
roundrobin,114,srv-9:80,139.138
roundrobin,114,srv-9:80,104.506
roundrobin,114,srv-9:80,136.766
roundrobin,114,srv-9:80,138.776
roundrobin,114,srv-9:80,135.820
roundrobin,114,srv-9:80,136.145
roundrobin,114,srv-9:80,147.450
roundrobin,114,srv-9:80,139.025
roundrobin,114,srv-9:80,132.327
roundrobin,114,srv-9:80,158.981
roundrobin,114,srv-9:80,146.526
roundrobin,114,srv-9:80,128.760
roundrobin,114,srv-9:80,149.021
roundrobin,114,srv-9:80,160.861
roundrobin,114,srv-9:80,130.212
roundrobin,114,srv-9:80,144.580
roundrobin,114,srv-9:80,135.698
roundrobin,114,srv-9:80,110.882
roundrobin,114,srv-9:80,137.129
roundrobin,114,srv-9:80,70.669
roundrobin,114,srv-9:80,4.691
roundrobin,127,srv-10:80,168.024
roundrobin,127,srv-10:80,97.282
roundrobin,127,srv-10:80,103.626
roundrobin,127,srv-10:80,160.946
roundrobin,127,srv-10:80,125.088
roundrobin,127,srv-10:80,142.998
roundrobin,127,srv-10:80,146.254
roundrobin,127,srv-10:80,137.876
roundrobin,127,srv-10:80,137.071
roundrobin,127,srv-10:80,65.209
roundrobin,127,srv-10:80,169.923
roundrobin,127,srv-10:80,69.487
roundrobin,127,srv-10:80,123.391
roundrobin,127,srv-10:80,148.277
roundrobin,127,srv-10:80,143.137
roundrobin,127,srv-10:80,144.609
roundrobin,127,srv-10:80,143.437
roundrobin,127,srv-10:80,137.350
roundrobin,127,srv-10:80,140.307
roundrobin,127,srv-10:80,149.042
roundrobin,127,srv-10:80,150.677
roundrobin,127,srv-10:80,150.365
roundrobin,127,srv-10:80,149.327
roundrobin,127,srv-10:80,147.867
roundrobin,127,srv-10:80,146.256
roundrobin,127,srv-10:80,142.246
roundrobin,127,srv-10:80,169.279
roundrobin,127,srv-10:80,150.520
roundrobin,127,srv-10:80,118.355
roundrobin,127,srv-10:80,171.102
roundrobin,127,srv-10:80,156.169
roundrobin,127,srv-10:80,129.202
roundrobin,127,srv-10:80,185.023
roundrobin,127,srv-10:80,155.947
roundrobin,127,srv-10:80,126.931
roundrobin,127,srv-10:80,155.169
roundrobin,127,srv-10:80,150.170
roundrobin,127,srv-10:80,160.360
roundrobin,127,srv-10:80,194.877
roundrobin,127,srv-10:80,152.125
roundrobin,127,srv-10:80,48.525
roundrobin,127,srv-10:80,162.496
roundrobin,127,srv-10:80,59.457
roundrobin,127,srv-10:80,44.607
roundrobin,127,srv-10:80,211.915
roundrobin,127,srv-10:80,150.079
roundrobin,127,srv-10:80,98.899
roundrobin,127,srv-10:80,101.107
roundrobin,127,srv-10:80,160.719
roundrobin,127,srv-10:80,122.915
roundrobin,127,srv-10:80,152.295
roundrobin,127,srv-10:80,164.229
roundrobin,127,srv-10:80,144.758
roundrobin,127,srv-10:80,133.848
roundrobin,127,srv-10:80,155.597
roundrobin,127,srv-10:80,137.241
roundrobin,127,srv-10:80,52.096
roundrobin,127,srv-10:80,26.065
roundrobin,127,srv-10:80,17.138
roundrobin,127,srv-1:80,135.354
roundrobin,127,srv-1:80,149.545
roundrobin,127,srv-1:80,145.184
roundrobin,127,srv-1:80,142.690
roundrobin,127,srv-1:80,139.018
roundrobin,127,srv-1:80,140.146
roundrobin,127,srv-1:80,140.338
roundrobin,127,srv-1:80,141.381
roundrobin,127,srv-1:80,143.812
roundrobin,127,srv-1:80,143.103
roundrobin,127,srv-1:80,139.543
roundrobin,127,srv-1:80,139.004
roundrobin,127,srv-1:80,143.554
roundrobin,127,srv-1:80,145.251
roundrobin,127,srv-1:80,143.713
roundrobin,127,srv-1:80,143.194
roundrobin,127,srv-1:80,143.296
roundrobin,127,srv-1:80,142.481
roundrobin,127,srv-1:80,143.060
roundrobin,127,srv-1:80,144.322
roundrobin,127,srv-1:80,144.601
roundrobin,127,srv-1:80,148.715
roundrobin,127,srv-1:80,152.861
roundrobin,127,srv-1:80,147.885
roundrobin,127,srv-1:80,143.579
roundrobin,127,srv-1:80,146.128
roundrobin,127,srv-1:80,145.371
roundrobin,127,srv-1:80,142.218
roundrobin,127,srv-1:80,144.537
roundrobin,127,srv-1:80,145.181
roundrobin,127,srv-1:80,144.551
roundrobin,127,srv-1:80,144.723
roundrobin,127,srv-1:80,143.456
roundrobin,127,srv-1:80,141.743
roundrobin,127,srv-1:80,143.584
roundrobin,127,srv-1:80,146.499
roundrobin,127,srv-1:80,145.462
roundrobin,127,srv-1:80,143.589
roundrobin,127,srv-1:80,142.286
roundrobin,127,srv-1:80,142.592
roundrobin,127,srv-1:80,145.362
roundrobin,127,srv-1:80,145.710
roundrobin,127,srv-1:80,143.964
roundrobin,127,srv-1:80,143.492
roundrobin,127,srv-1:80,146.793
roundrobin,127,srv-1:80,148.425
roundrobin,127,srv-1:80,143.427
roundrobin,127,srv-1:80,142.826
roundrobin,127,srv-1:80,147.973
roundrobin,127,srv-1:80,146.157
roundrobin,127,srv-1:80,144.433
roundrobin,127,srv-1:80,145.789
roundrobin,127,srv-1:80,144.794
roundrobin,127,srv-1:80,144.892
roundrobin,127,srv-1:80,145.905
roundrobin,127,srv-1:80,149.228
roundrobin,127,srv-1:80,144.396
roundrobin,127,srv-1:80,142.926
roundrobin,127,srv-1:80,146.940
roundrobin,127,srv-1:80,88.578
roundrobin,127,srv-1:80,15.835
roundrobin,127,srv-2:80,137.860
roundrobin,127,srv-2:80,151.188
roundrobin,127,srv-2:80,147.697
roundrobin,127,srv-2:80,151.006
roundrobin,127,srv-2:80,151.155
roundrobin,127,srv-2:80,148.911
roundrobin,127,srv-2:80,150.579
roundrobin,127,srv-2:80,148.242
roundrobin,127,srv-2:80,145.826
roundrobin,127,srv-2:80,147.547
roundrobin,127,srv-2:80,146.798
roundrobin,127,srv-2:80,148.715
roundrobin,127,srv-2:80,152.898
roundrobin,127,srv-2:80,146.946
roundrobin,127,srv-2:80,147.661
roundrobin,127,srv-2:80,152.510
roundrobin,127,srv-2:80,146.377
roundrobin,127,srv-2:80,143.030
roundrobin,127,srv-2:80,144.890
roundrobin,127,srv-2:80,150.305
roundrobin,127,srv-2:80,154.682
roundrobin,127,srv-2:80,151.436
roundrobin,127,srv-2:80,147.029
roundrobin,127,srv-2:80,147.024
roundrobin,127,srv-2:80,145.515
roundrobin,127,srv-2:80,147.866
roundrobin,127,srv-2:80,151.045
roundrobin,127,srv-2:80,146.951
roundrobin,127,srv-2:80,149.419
roundrobin,127,srv-2:80,155.697
roundrobin,127,srv-2:80,157.185
roundrobin,127,srv-2:80,154.087
roundrobin,127,srv-2:80,149.918
roundrobin,127,srv-2:80,151.926
roundrobin,127,srv-2:80,150.532
roundrobin,127,srv-2:80,148.635
roundrobin,127,srv-2:80,150.636
roundrobin,127,srv-2:80,150.424
roundrobin,127,srv-2:80,151.625
roundrobin,127,srv-2:80,147.588
roundrobin,127,srv-2:80,146.399
roundrobin,127,srv-2:80,148.537
roundrobin,127,srv-2:80,146.812
roundrobin,127,srv-2:80,145.914
roundrobin,127,srv-2:80,146.174
roundrobin,127,srv-2:80,148.263
roundrobin,127,srv-2:80,146.131
roundrobin,127,srv-2:80,150.025
roundrobin,127,srv-2:80,150.595
roundrobin,127,srv-2:80,145.173
roundrobin,127,srv-2:80,150.957
roundrobin,127,srv-2:80,149.400
roundrobin,127,srv-2:80,144.757
roundrobin,127,srv-2:80,149.951
roundrobin,127,srv-2:80,150.392
roundrobin,127,srv-2:80,147.125
roundrobin,127,srv-2:80,149.377
roundrobin,127,srv-2:80,148.457
roundrobin,127,srv-2:80,142.746
roundrobin,127,srv-2:80,85.677
roundrobin,127,srv-2:80,15.280
roundrobin,127,srv-3:80,147.607
roundrobin,127,srv-3:80,144.446
roundrobin,127,srv-3:80,145.480
roundrobin,127,srv-3:80,147.837
roundrobin,127,srv-3:80,144.864
roundrobin,127,srv-3:80,140.910
roundrobin,127,srv-3:80,141.834
roundrobin,127,srv-3:80,145.134
roundrobin,127,srv-3:80,147.125
roundrobin,127,srv-3:80,144.129
roundrobin,127,srv-3:80,142.972
roundrobin,127,srv-3:80,148.091
roundrobin,127,srv-3:80,145.636
roundrobin,127,srv-3:80,142.249
roundrobin,127,srv-3:80,143.151
roundrobin,127,srv-3:80,139.985
roundrobin,127,srv-3:80,140.711
roundrobin,127,srv-3:80,147.764
roundrobin,127,srv-3:80,150.313
roundrobin,127,srv-3:80,148.521
roundrobin,127,srv-3:80,145.757
roundrobin,127,srv-3:80,145.979
roundrobin,127,srv-3:80,144.883
roundrobin,127,srv-3:80,145.795
roundrobin,127,srv-3:80,149.359
roundrobin,127,srv-3:80,148.027
roundrobin,127,srv-3:80,146.868
roundrobin,127,srv-3:80,144.692
roundrobin,127,srv-3:80,145.737
roundrobin,127,srv-3:80,148.758
roundrobin,127,srv-3:80,148.686
roundrobin,127,srv-3:80,146.187
roundrobin,127,srv-3:80,139.740
roundrobin,127,srv-3:80,139.045
roundrobin,127,srv-3:80,147.185
roundrobin,127,srv-3:80,150.427
roundrobin,127,srv-3:80,147.672
roundrobin,127,srv-3:80,144.418
roundrobin,127,srv-3:80,141.441
roundrobin,127,srv-3:80,142.572
roundrobin,127,srv-3:80,146.141
roundrobin,127,srv-3:80,147.590
roundrobin,127,srv-3:80,145.863
roundrobin,127,srv-3:80,146.231
roundrobin,127,srv-3:80,151.428
roundrobin,127,srv-3:80,147.206
roundrobin,127,srv-3:80,147.271
roundrobin,127,srv-3:80,146.671
roundrobin,127,srv-3:80,138.003
roundrobin,127,srv-3:80,139.444
roundrobin,127,srv-3:80,145.577
roundrobin,127,srv-3:80,145.747
roundrobin,127,srv-3:80,145.292
roundrobin,127,srv-3:80,145.347
roundrobin,127,srv-3:80,145.098
roundrobin,127,srv-3:80,146.749
roundrobin,127,srv-3:80,149.183
roundrobin,127,srv-3:80,149.955
roundrobin,127,srv-3:80,131.784
roundrobin,127,srv-3:80,58.247
roundrobin,127,srv-3:80,0.037
roundrobin,127,srv-4:80,134.466
roundrobin,127,srv-4:80,148.734
roundrobin,127,srv-4:80,145.357
roundrobin,127,srv-4:80,143.895
roundrobin,127,srv-4:80,149.900
roundrobin,127,srv-4:80,146.918
roundrobin,127,srv-4:80,143.935
roundrobin,127,srv-4:80,143.458
roundrobin,127,srv-4:80,150.218
roundrobin,127,srv-4:80,153.541
roundrobin,127,srv-4:80,147.727
roundrobin,127,srv-4:80,145.355
roundrobin,127,srv-4:80,145.891
roundrobin,127,srv-4:80,143.898
roundrobin,127,srv-4:80,142.003
roundrobin,127,srv-4:80,141.074
roundrobin,127,srv-4:80,142.273
roundrobin,127,srv-4:80,150.000
roundrobin,127,srv-4:80,149.740
roundrobin,127,srv-4:80,143.046
roundrobin,127,srv-4:80,142.882
roundrobin,127,srv-4:80,142.337
roundrobin,127,srv-4:80,140.895
roundrobin,127,srv-4:80,143.083
roundrobin,127,srv-4:80,146.458
roundrobin,127,srv-4:80,149.830
roundrobin,127,srv-4:80,149.423
roundrobin,127,srv-4:80,145.567
roundrobin,127,srv-4:80,146.454
roundrobin,127,srv-4:80,142.805
roundrobin,127,srv-4:80,141.978
roundrobin,127,srv-4:80,146.635
roundrobin,127,srv-4:80,145.152
roundrobin,127,srv-4:80,143.986
roundrobin,127,srv-4:80,143.278
roundrobin,127,srv-4:80,144.173
roundrobin,127,srv-4:80,145.749
roundrobin,127,srv-4:80,140.888
roundrobin,127,srv-4:80,141.094
roundrobin,127,srv-4:80,143.833
roundrobin,127,srv-4:80,146.971
roundrobin,127,srv-4:80,148.850
roundrobin,127,srv-4:80,147.121
roundrobin,127,srv-4:80,147.805
roundrobin,127,srv-4:80,146.762
roundrobin,127,srv-4:80,146.958
roundrobin,127,srv-4:80,145.890
roundrobin,127,srv-4:80,143.621
roundrobin,127,srv-4:80,140.139
roundrobin,127,srv-4:80,140.888
roundrobin,127,srv-4:80,146.209
roundrobin,127,srv-4:80,147.031
roundrobin,127,srv-4:80,148.488
roundrobin,127,srv-4:80,150.349
roundrobin,127,srv-4:80,148.996
roundrobin,127,srv-4:80,149.931
roundrobin,127,srv-4:80,146.932
roundrobin,127,srv-4:80,143.307
roundrobin,127,srv-4:80,145.117
roundrobin,127,srv-4:80,81.461
roundrobin,127,srv-4:80,8.710
roundrobin,127,srv-5:80,152.022
roundrobin,127,srv-5:80,167.678
roundrobin,127,srv-5:80,162.276
roundrobin,127,srv-5:80,154.459
roundrobin,127,srv-5:80,160.177
roundrobin,127,srv-5:80,164.929
roundrobin,127,srv-5:80,165.626
roundrobin,127,srv-5:80,167.352
roundrobin,127,srv-5:80,167.138
roundrobin,127,srv-5:80,163.563
roundrobin,127,srv-5:80,164.608
roundrobin,127,srv-5:80,167.722
roundrobin,127,srv-5:80,165.963
roundrobin,127,srv-5:80,171.219
roundrobin,127,srv-5:80,160.433
roundrobin,127,srv-5:80,157.285
roundrobin,127,srv-5:80,166.924
roundrobin,127,srv-5:80,169.941
roundrobin,127,srv-5:80,165.655
roundrobin,127,srv-5:80,166.577
roundrobin,127,srv-5:80,164.197
roundrobin,127,srv-5:80,165.270
roundrobin,127,srv-5:80,165.805
roundrobin,127,srv-5:80,162.036
roundrobin,127,srv-5:80,164.684
roundrobin,127,srv-5:80,169.809
roundrobin,127,srv-5:80,168.115
roundrobin,127,srv-5:80,165.775
roundrobin,127,srv-5:80,158.805
roundrobin,127,srv-5:80,166.979
roundrobin,127,srv-5:80,160.544
roundrobin,127,srv-5:80,168.425
roundrobin,127,srv-5:80,165.239
roundrobin,127,srv-5:80,163.266
roundrobin,127,srv-5:80,176.695
roundrobin,127,srv-5:80,162.158
roundrobin,127,srv-5:80,172.541
roundrobin,127,srv-5:80,165.923
roundrobin,127,srv-5:80,146.350
roundrobin,127,srv-5:80,164.892
roundrobin,127,srv-5:80,176.500
roundrobin,127,srv-5:80,164.608
roundrobin,127,srv-5:80,155.121
roundrobin,127,srv-5:80,163.736
roundrobin,127,srv-5:80,166.530
roundrobin,127,srv-5:80,169.270
roundrobin,127,srv-5:80,167.676
roundrobin,127,srv-5:80,166.005
roundrobin,127,srv-5:80,168.204
roundrobin,127,srv-5:80,164.738
roundrobin,127,srv-5:80,163.737
roundrobin,127,srv-5:80,167.152
roundrobin,127,srv-5:80,168.412
roundrobin,127,srv-5:80,159.179
roundrobin,127,srv-5:80,158.023
roundrobin,127,srv-5:80,160.413
roundrobin,127,srv-5:80,160.484
roundrobin,127,srv-5:80,158.769
roundrobin,127,srv-5:80,159.642
roundrobin,127,srv-5:80,91.641
roundrobin,127,srv-5:80,13.841
roundrobin,127,srv-6:80,118.915
roundrobin,127,srv-6:80,165.147
roundrobin,127,srv-6:80,182.062
roundrobin,127,srv-6:80,163.674
roundrobin,127,srv-6:80,141.371
roundrobin,127,srv-6:80,166.837
roundrobin,127,srv-6:80,168.248
roundrobin,127,srv-6:80,162.824
roundrobin,127,srv-6:80,177.290
roundrobin,127,srv-6:80,163.847
roundrobin,127,srv-6:80,148.787
roundrobin,127,srv-6:80,168.077
roundrobin,127,srv-6:80,188.567
roundrobin,127,srv-6:80,166.716
roundrobin,127,srv-6:80,152.193
roundrobin,127,srv-6:80,163.744
roundrobin,127,srv-6:80,184.747
roundrobin,127,srv-6:80,167.101
roundrobin,127,srv-6:80,145.039
roundrobin,127,srv-6:80,162.312
roundrobin,127,srv-6:80,166.359
roundrobin,127,srv-6:80,166.815
roundrobin,127,srv-6:80,167.632
roundrobin,127,srv-6:80,166.395
roundrobin,127,srv-6:80,163.746
roundrobin,127,srv-6:80,165.176
roundrobin,127,srv-6:80,167.952
roundrobin,127,srv-6:80,164.899
roundrobin,127,srv-6:80,163.945
roundrobin,127,srv-6:80,156.813
roundrobin,127,srv-6:80,164.947
roundrobin,127,srv-6:80,159.856
roundrobin,127,srv-6:80,167.923
roundrobin,127,srv-6:80,173.357
roundrobin,127,srv-6:80,168.270
roundrobin,127,srv-6:80,161.970
roundrobin,127,srv-6:80,161.883
roundrobin,127,srv-6:80,159.425
roundrobin,127,srv-6:80,160.246
roundrobin,127,srv-6:80,162.820
roundrobin,127,srv-6:80,168.131
roundrobin,127,srv-6:80,173.151
roundrobin,127,srv-6:80,167.312
roundrobin,127,srv-6:80,175.291
roundrobin,127,srv-6:80,168.027
roundrobin,127,srv-6:80,162.753
roundrobin,127,srv-6:80,166.369
roundrobin,127,srv-6:80,161.499
roundrobin,127,srv-6:80,163.101
roundrobin,127,srv-6:80,165.737
roundrobin,127,srv-6:80,164.177
roundrobin,127,srv-6:80,169.644
roundrobin,127,srv-6:80,166.154
roundrobin,127,srv-6:80,159.508
roundrobin,127,srv-6:80,164.507
roundrobin,127,srv-6:80,169.742
roundrobin,127,srv-6:80,168.701
roundrobin,127,srv-6:80,169.452
roundrobin,127,srv-6:80,166.089
roundrobin,127,srv-6:80,123.458
roundrobin,127,srv-6:80,38.347
roundrobin,127,srv-7:80,156.039
roundrobin,127,srv-7:80,172.157
roundrobin,127,srv-7:80,169.965
roundrobin,127,srv-7:80,174.300
roundrobin,127,srv-7:80,169.767
roundrobin,127,srv-7:80,169.939
roundrobin,127,srv-7:80,173.188
roundrobin,127,srv-7:80,204.466
roundrobin,127,srv-7:80,165.564
roundrobin,127,srv-7:80,138.664
roundrobin,127,srv-7:80,158.286
roundrobin,127,srv-7:80,173.299
roundrobin,127,srv-7:80,161.988
roundrobin,127,srv-7:80,182.920
roundrobin,127,srv-7:80,222.255
roundrobin,127,srv-7:80,165.621
roundrobin,127,srv-7:80,123.393
roundrobin,127,srv-7:80,183.151
roundrobin,127,srv-7:80,194.511
roundrobin,127,srv-7:80,154.022
roundrobin,127,srv-7:80,145.433
roundrobin,127,srv-7:80,168.393
roundrobin,127,srv-7:80,183.993
roundrobin,127,srv-7:80,170.581
roundrobin,127,srv-7:80,154.722
roundrobin,127,srv-7:80,171.140
roundrobin,127,srv-7:80,170.627
roundrobin,127,srv-7:80,171.295
roundrobin,127,srv-7:80,173.677
roundrobin,127,srv-7:80,174.953
roundrobin,127,srv-7:80,195.464
roundrobin,127,srv-7:80,170.798
roundrobin,127,srv-7:80,175.629
roundrobin,127,srv-7:80,166.925
roundrobin,127,srv-7:80,151.528
roundrobin,127,srv-7:80,162.003
roundrobin,127,srv-7:80,173.187
roundrobin,127,srv-7:80,164.377
roundrobin,127,srv-7:80,171.696
roundrobin,127,srv-7:80,166.930
roundrobin,127,srv-7:80,177.449
roundrobin,127,srv-7:80,183.992
roundrobin,127,srv-7:80,165.651
roundrobin,127,srv-7:80,199.008
roundrobin,127,srv-7:80,170.993
roundrobin,127,srv-7:80,141.143
roundrobin,127,srv-7:80,172.190
roundrobin,127,srv-7:80,165.734
roundrobin,127,srv-7:80,168.064
roundrobin,127,srv-7:80,195.447
roundrobin,127,srv-7:80,170.824
roundrobin,127,srv-7:80,144.943
roundrobin,127,srv-7:80,172.790
roundrobin,127,srv-7:80,172.522
roundrobin,127,srv-7:80,163.671
roundrobin,127,srv-7:80,161.916
roundrobin,127,srv-7:80,169.795
roundrobin,127,srv-7:80,170.830
roundrobin,127,srv-7:80,169.851
roundrobin,127,srv-7:80,117.400
roundrobin,127,srv-7:80,17.287
roundrobin,127,srv-8:80,151.652
roundrobin,127,srv-8:80,173.582
roundrobin,127,srv-8:80,177.253
roundrobin,127,srv-8:80,169.643
roundrobin,127,srv-8:80,168.226
roundrobin,127,srv-8:80,172.018
roundrobin,127,srv-8:80,194.957
roundrobin,127,srv-8:80,171.546
roundrobin,127,srv-8:80,147.329
roundrobin,127,srv-8:80,165.706
roundrobin,127,srv-8:80,169.219
roundrobin,127,srv-8:80,166.178
roundrobin,127,srv-8:80,176.418
roundrobin,127,srv-8:80,153.568
roundrobin,127,srv-8:80,176.774
roundrobin,127,srv-8:80,192.257
roundrobin,127,srv-8:80,161.431
roundrobin,127,srv-8:80,145.203
roundrobin,127,srv-8:80,174.432
roundrobin,127,srv-8:80,177.769
roundrobin,127,srv-8:80,163.720
roundrobin,127,srv-8:80,187.885
roundrobin,127,srv-8:80,169.008
roundrobin,127,srv-8:80,145.889
roundrobin,127,srv-8:80,170.718
roundrobin,127,srv-8:80,162.951
roundrobin,127,srv-8:80,171.290
roundrobin,127,srv-8:80,172.947
roundrobin,127,srv-8:80,169.422
roundrobin,127,srv-8:80,178.115
roundrobin,127,srv-8:80,165.975
roundrobin,127,srv-8:80,156.150
roundrobin,127,srv-8:80,167.370
roundrobin,127,srv-8:80,173.324
roundrobin,127,srv-8:80,171.088
roundrobin,127,srv-8:80,220.088
roundrobin,127,srv-8:80,170.057
roundrobin,127,srv-8:80,120.786
roundrobin,127,srv-8:80,169.241
roundrobin,127,srv-8:80,223.006
roundrobin,127,srv-8:80,163.858
roundrobin,127,srv-8:80,118.500
roundrobin,127,srv-8:80,166.353
roundrobin,127,srv-8:80,171.705
roundrobin,127,srv-8:80,158.477
roundrobin,127,srv-8:80,168.849
roundrobin,127,srv-8:80,184.892
roundrobin,127,srv-8:80,170.797
roundrobin,127,srv-8:80,150.203
roundrobin,127,srv-8:80,175.473
roundrobin,127,srv-8:80,188.524
roundrobin,127,srv-8:80,173.737
roundrobin,127,srv-8:80,162.452
roundrobin,127,srv-8:80,174.234
roundrobin,127,srv-8:80,190.515
roundrobin,127,srv-8:80,168.355
roundrobin,127,srv-8:80,152.878
roundrobin,127,srv-8:80,168.682
roundrobin,127,srv-8:80,166.269
roundrobin,127,srv-8:80,83.679
roundrobin,127,srv-8:80,16.387
roundrobin,127,srv-9:80,134.390
roundrobin,127,srv-9:80,183.168
roundrobin,127,srv-9:80,152.568
roundrobin,127,srv-9:80,141.293
roundrobin,127,srv-9:80,146.915
roundrobin,127,srv-9:80,94.833
roundrobin,127,srv-9:80,159.722
roundrobin,127,srv-9:80,144.681
roundrobin,127,srv-9:80,113.410
roundrobin,127,srv-9:80,141.549
roundrobin,127,srv-9:80,163.669
roundrobin,127,srv-9:80,145.668
roundrobin,127,srv-9:80,125.197
roundrobin,127,srv-9:80,142.420
roundrobin,127,srv-9:80,146.692
roundrobin,127,srv-9:80,218.929
roundrobin,127,srv-9:80,145.640
roundrobin,127,srv-9:80,78.345
roundrobin,127,srv-9:80,147.971
roundrobin,127,srv-9:80,201.150
roundrobin,127,srv-9:80,157.766
roundrobin,127,srv-9:80,84.508
roundrobin,127,srv-9:80,132.206
roundrobin,127,srv-9:80,147.294
roundrobin,127,srv-9:80,142.458
roundrobin,127,srv-9:80,93.313
roundrobin,127,srv-9:80,14.172
roundrobin,127,srv-9:80,79.999
roundrobin,127,srv-9:80,164.234
roundrobin,127,srv-9:80,122.574
roundrobin,127,srv-9:80,51.516
roundrobin,127,srv-9:80,91.055
roundrobin,127,srv-9:80,192.506
roundrobin,127,srv-9:80,153.606
roundrobin,127,srv-9:80,79.891
roundrobin,127,srv-9:80,161.827
roundrobin,127,srv-9:80,146.467
roundrobin,127,srv-9:80,123.323
roundrobin,127,srv-9:80,146.732
roundrobin,127,srv-9:80,145.363
roundrobin,127,srv-9:80,143.014
roundrobin,127,srv-9:80,144.175
roundrobin,127,srv-9:80,146.896
roundrobin,127,srv-9:80,147.289
roundrobin,127,srv-9:80,140.332
roundrobin,127,srv-9:80,147.541
roundrobin,127,srv-9:80,145.266
roundrobin,127,srv-9:80,200.036
roundrobin,127,srv-9:80,177.874
roundrobin,127,srv-9:80,131.668
roundrobin,127,srv-9:80,105.869
roundrobin,127,srv-9:80,95.292
roundrobin,127,srv-9:80,160.154
roundrobin,127,srv-9:80,154.330
roundrobin,127,srv-9:80,161.117
roundrobin,127,srv-9:80,126.833
roundrobin,127,srv-9:80,38.643
roundrobin,141,srv-10:80,123.540
roundrobin,141,srv-10:80,152.313
roundrobin,141,srv-10:80,168.193
roundrobin,141,srv-10:80,142.036
roundrobin,141,srv-10:80,122.953
roundrobin,141,srv-10:80,151.767
roundrobin,141,srv-10:80,148.637
roundrobin,141,srv-10:80,146.972
roundrobin,141,srv-10:80,157.053
roundrobin,141,srv-10:80,151.234
roundrobin,141,srv-10:80,201.308
roundrobin,141,srv-10:80,159.271
roundrobin,141,srv-10:80,104.859
roundrobin,141,srv-10:80,148.347
roundrobin,141,srv-10:80,151.641
roundrobin,141,srv-10:80,152.033
roundrobin,141,srv-10:80,86.164
roundrobin,141,srv-10:80,108.681
roundrobin,141,srv-10:80,104.644
roundrobin,141,srv-10:80,104.062
roundrobin,141,srv-10:80,147.168
roundrobin,141,srv-10:80,174.956
roundrobin,141,srv-10:80,141.783
roundrobin,141,srv-10:80,116.658
roundrobin,141,srv-10:80,83.934
roundrobin,141,srv-10:80,40.579
roundrobin,141,srv-10:80,99.461
roundrobin,141,srv-10:80,146.790
roundrobin,141,srv-10:80,207.789
roundrobin,141,srv-10:80,196.329
roundrobin,141,srv-10:80,117.437
roundrobin,141,srv-10:80,107.259
roundrobin,141,srv-10:80,139.170
roundrobin,141,srv-10:80,159.159
roundrobin,141,srv-10:80,151.299
roundrobin,141,srv-10:80,148.044
roundrobin,141,srv-10:80,123.345
roundrobin,141,srv-10:80,127.831
roundrobin,141,srv-10:80,171.868
roundrobin,141,srv-10:80,193.787
roundrobin,141,srv-10:80,123.449
roundrobin,141,srv-10:80,102.862
roundrobin,141,srv-10:80,147.445
roundrobin,141,srv-10:80,146.310
roundrobin,141,srv-10:80,144.491
roundrobin,141,srv-10:80,147.596
roundrobin,141,srv-10:80,152.618
roundrobin,141,srv-10:80,152.919
roundrobin,141,srv-10:80,149.141
roundrobin,141,srv-10:80,143.711
roundrobin,141,srv-10:80,185.403
roundrobin,141,srv-10:80,157.786
roundrobin,141,srv-10:80,110.087
roundrobin,141,srv-10:80,156.276
roundrobin,141,srv-10:80,139.608
roundrobin,141,srv-10:80,49.321
roundrobin,141,srv-1:80,145.761
roundrobin,141,srv-1:80,167.555
roundrobin,141,srv-1:80,168.230
roundrobin,141,srv-1:80,165.849
roundrobin,141,srv-1:80,165.315
roundrobin,141,srv-1:80,164.792
roundrobin,141,srv-1:80,168.730
roundrobin,141,srv-1:80,167.518
roundrobin,141,srv-1:80,167.227
roundrobin,141,srv-1:80,164.825
roundrobin,141,srv-1:80,161.617
roundrobin,141,srv-1:80,165.777
roundrobin,141,srv-1:80,163.130
roundrobin,141,srv-1:80,163.536
roundrobin,141,srv-1:80,165.239
roundrobin,141,srv-1:80,165.550
roundrobin,141,srv-1:80,165.209
roundrobin,141,srv-1:80,163.337
roundrobin,141,srv-1:80,163.443
roundrobin,141,srv-1:80,163.346
roundrobin,141,srv-1:80,162.965
roundrobin,141,srv-1:80,165.258
roundrobin,141,srv-1:80,167.425
roundrobin,141,srv-1:80,166.977
roundrobin,141,srv-1:80,161.121
roundrobin,141,srv-1:80,159.946
roundrobin,141,srv-1:80,159.521
roundrobin,141,srv-1:80,158.560
roundrobin,141,srv-1:80,161.225
roundrobin,141,srv-1:80,162.922
roundrobin,141,srv-1:80,167.304
roundrobin,141,srv-1:80,164.178
roundrobin,141,srv-1:80,161.205
roundrobin,141,srv-1:80,162.390
roundrobin,141,srv-1:80,161.956
roundrobin,141,srv-1:80,162.653
roundrobin,141,srv-1:80,162.721
roundrobin,141,srv-1:80,167.039
roundrobin,141,srv-1:80,164.688
roundrobin,141,srv-1:80,157.809
roundrobin,141,srv-1:80,159.265
roundrobin,141,srv-1:80,159.613
roundrobin,141,srv-1:80,164.186
roundrobin,141,srv-1:80,169.008
roundrobin,141,srv-1:80,167.561
roundrobin,141,srv-1:80,163.965
roundrobin,141,srv-1:80,160.467
roundrobin,141,srv-1:80,156.323
roundrobin,141,srv-1:80,154.512
roundrobin,141,srv-1:80,162.064
roundrobin,141,srv-1:80,166.796
roundrobin,141,srv-1:80,160.679
roundrobin,141,srv-1:80,160.382
roundrobin,141,srv-1:80,163.894
roundrobin,141,srv-1:80,161.079
roundrobin,141,srv-1:80,157.602
roundrobin,141,srv-1:80,158.664
roundrobin,141,srv-1:80,163.234
roundrobin,141,srv-1:80,163.966
roundrobin,141,srv-1:80,96.602
roundrobin,141,srv-1:80,15.276
roundrobin,141,srv-2:80,151.317
roundrobin,141,srv-2:80,162.612
roundrobin,141,srv-2:80,161.547
roundrobin,141,srv-2:80,164.275
roundrobin,141,srv-2:80,162.769
roundrobin,141,srv-2:80,166.356
roundrobin,141,srv-2:80,167.876
roundrobin,141,srv-2:80,165.233
roundrobin,141,srv-2:80,166.384
roundrobin,141,srv-2:80,163.496
roundrobin,141,srv-2:80,162.601
roundrobin,141,srv-2:80,165.729
roundrobin,141,srv-2:80,167.780
roundrobin,141,srv-2:80,168.300
roundrobin,141,srv-2:80,167.614
roundrobin,141,srv-2:80,164.392
roundrobin,141,srv-2:80,163.476
roundrobin,141,srv-2:80,164.443
roundrobin,141,srv-2:80,161.885
roundrobin,141,srv-2:80,166.270
roundrobin,141,srv-2:80,169.811
roundrobin,141,srv-2:80,164.627
roundrobin,141,srv-2:80,162.136
roundrobin,141,srv-2:80,166.589
roundrobin,141,srv-2:80,170.251
roundrobin,141,srv-2:80,170.361
roundrobin,141,srv-2:80,169.514
roundrobin,141,srv-2:80,167.852
roundrobin,141,srv-2:80,167.540
roundrobin,141,srv-2:80,166.481
roundrobin,141,srv-2:80,166.623
roundrobin,141,srv-2:80,164.908
roundrobin,141,srv-2:80,158.734
roundrobin,141,srv-2:80,162.733
roundrobin,141,srv-2:80,167.137
roundrobin,141,srv-2:80,165.775
roundrobin,141,srv-2:80,166.852
roundrobin,141,srv-2:80,164.815
roundrobin,141,srv-2:80,163.940
roundrobin,141,srv-2:80,161.824
roundrobin,141,srv-2:80,163.987
roundrobin,141,srv-2:80,167.060
roundrobin,141,srv-2:80,162.407
roundrobin,141,srv-2:80,162.930
roundrobin,141,srv-2:80,165.138
roundrobin,141,srv-2:80,167.108
roundrobin,141,srv-2:80,172.429
roundrobin,141,srv-2:80,174.643
roundrobin,141,srv-2:80,170.113
roundrobin,141,srv-2:80,167.954
roundrobin,141,srv-2:80,165.480
roundrobin,141,srv-2:80,162.211
roundrobin,141,srv-2:80,167.345
roundrobin,141,srv-2:80,168.294
roundrobin,141,srv-2:80,168.361
roundrobin,141,srv-2:80,167.469
roundrobin,141,srv-2:80,163.350
roundrobin,141,srv-2:80,163.840
roundrobin,141,srv-2:80,167.929
roundrobin,141,srv-2:80,103.475
roundrobin,141,srv-2:80,17.520
roundrobin,141,srv-3:80,163.406
roundrobin,141,srv-3:80,160.692
roundrobin,141,srv-3:80,161.964
roundrobin,141,srv-3:80,165.983
roundrobin,141,srv-3:80,167.189
roundrobin,141,srv-3:80,167.369
roundrobin,141,srv-3:80,161.621
roundrobin,141,srv-3:80,161.273
roundrobin,141,srv-3:80,164.865
roundrobin,141,srv-3:80,166.677
roundrobin,141,srv-3:80,167.555
roundrobin,141,srv-3:80,163.475
roundrobin,141,srv-3:80,162.284
roundrobin,141,srv-3:80,161.854
roundrobin,141,srv-3:80,158.751
roundrobin,141,srv-3:80,160.289
roundrobin,141,srv-3:80,160.165
roundrobin,141,srv-3:80,164.900
roundrobin,141,srv-3:80,168.039
roundrobin,141,srv-3:80,166.279
roundrobin,141,srv-3:80,165.137
roundrobin,141,srv-3:80,162.751
roundrobin,141,srv-3:80,164.376
roundrobin,141,srv-3:80,162.305
roundrobin,141,srv-3:80,162.950
roundrobin,141,srv-3:80,163.937
roundrobin,141,srv-3:80,167.383
roundrobin,141,srv-3:80,168.841
roundrobin,141,srv-3:80,162.108
roundrobin,141,srv-3:80,162.248
roundrobin,141,srv-3:80,163.524
roundrobin,141,srv-3:80,164.846
roundrobin,141,srv-3:80,169.077
roundrobin,141,srv-3:80,166.789
roundrobin,141,srv-3:80,165.759
roundrobin,141,srv-3:80,166.842
roundrobin,141,srv-3:80,165.290
roundrobin,141,srv-3:80,165.243
roundrobin,141,srv-3:80,162.345
roundrobin,141,srv-3:80,161.272
roundrobin,141,srv-3:80,165.348
roundrobin,141,srv-3:80,167.631
roundrobin,141,srv-3:80,166.015
roundrobin,141,srv-3:80,162.677
roundrobin,141,srv-3:80,161.576
roundrobin,141,srv-3:80,159.219
roundrobin,141,srv-3:80,161.244
roundrobin,141,srv-3:80,161.222
roundrobin,141,srv-3:80,160.597
roundrobin,141,srv-3:80,162.676
roundrobin,141,srv-3:80,160.832
roundrobin,141,srv-3:80,164.125
roundrobin,141,srv-3:80,166.741
roundrobin,141,srv-3:80,165.305
roundrobin,141,srv-3:80,161.838
roundrobin,141,srv-3:80,162.738
roundrobin,141,srv-3:80,163.377
roundrobin,141,srv-3:80,157.478
roundrobin,141,srv-3:80,146.167
roundrobin,141,srv-3:80,68.962
roundrobin,141,srv-3:80,0.040
roundrobin,141,srv-4:80,153.992
roundrobin,141,srv-4:80,164.652
roundrobin,141,srv-4:80,167.137
roundrobin,141,srv-4:80,165.661
roundrobin,141,srv-4:80,162.971
roundrobin,141,srv-4:80,163.464
roundrobin,141,srv-4:80,165.400
roundrobin,141,srv-4:80,162.332
roundrobin,141,srv-4:80,161.742
roundrobin,141,srv-4:80,161.080
roundrobin,141,srv-4:80,163.295
roundrobin,141,srv-4:80,168.232
roundrobin,141,srv-4:80,166.899
roundrobin,141,srv-4:80,165.753
roundrobin,141,srv-4:80,166.159
roundrobin,141,srv-4:80,161.879
roundrobin,141,srv-4:80,161.946
roundrobin,141,srv-4:80,165.496
roundrobin,141,srv-4:80,164.971
roundrobin,141,srv-4:80,165.535
roundrobin,141,srv-4:80,160.208
roundrobin,141,srv-4:80,157.318
roundrobin,141,srv-4:80,161.088
roundrobin,141,srv-4:80,162.251
roundrobin,141,srv-4:80,162.212
roundrobin,141,srv-4:80,161.659
roundrobin,141,srv-4:80,164.001
roundrobin,141,srv-4:80,164.000
roundrobin,141,srv-4:80,161.496
roundrobin,141,srv-4:80,163.463
roundrobin,141,srv-4:80,162.442
roundrobin,141,srv-4:80,162.420
roundrobin,141,srv-4:80,161.212
roundrobin,141,srv-4:80,160.830
roundrobin,141,srv-4:80,163.364
roundrobin,141,srv-4:80,165.294
roundrobin,141,srv-4:80,171.984
roundrobin,141,srv-4:80,167.221
roundrobin,141,srv-4:80,158.048
roundrobin,141,srv-4:80,163.064
roundrobin,141,srv-4:80,165.313
roundrobin,141,srv-4:80,162.331
roundrobin,141,srv-4:80,165.111
roundrobin,141,srv-4:80,169.244
roundrobin,141,srv-4:80,167.786
roundrobin,141,srv-4:80,165.391
roundrobin,141,srv-4:80,166.591
roundrobin,141,srv-4:80,165.175
roundrobin,141,srv-4:80,165.271
roundrobin,141,srv-4:80,166.818
roundrobin,141,srv-4:80,168.232
roundrobin,141,srv-4:80,162.366
roundrobin,141,srv-4:80,158.157
roundrobin,141,srv-4:80,163.390
roundrobin,141,srv-4:80,164.435
roundrobin,141,srv-4:80,166.084
roundrobin,141,srv-4:80,166.071
roundrobin,141,srv-4:80,162.356
roundrobin,141,srv-4:80,162.731
roundrobin,141,srv-4:80,89.894
roundrobin,141,srv-4:80,7.438
roundrobin,141,srv-5:80,168.645
roundrobin,141,srv-5:80,211.372
roundrobin,141,srv-5:80,186.211
roundrobin,141,srv-5:80,178.617
roundrobin,141,srv-5:80,179.764
roundrobin,141,srv-5:80,187.397
roundrobin,141,srv-5:80,181.544
roundrobin,141,srv-5:80,172.139
roundrobin,141,srv-5:80,183.017
roundrobin,141,srv-5:80,175.690
roundrobin,141,srv-5:80,182.690
roundrobin,141,srv-5:80,184.709
roundrobin,141,srv-5:80,189.979
roundrobin,141,srv-5:80,191.954
roundrobin,141,srv-5:80,179.740
roundrobin,141,srv-5:80,180.522
roundrobin,141,srv-5:80,188.284
roundrobin,141,srv-5:80,189.848
roundrobin,141,srv-5:80,184.851
roundrobin,141,srv-5:80,183.362
roundrobin,141,srv-5:80,185.599
roundrobin,141,srv-5:80,181.941
roundrobin,141,srv-5:80,179.971
roundrobin,141,srv-5:80,180.119
roundrobin,141,srv-5:80,175.101
roundrobin,141,srv-5:80,177.580
roundrobin,141,srv-5:80,174.330
roundrobin,141,srv-5:80,183.407
roundrobin,141,srv-5:80,178.258
roundrobin,141,srv-5:80,186.192
roundrobin,141,srv-5:80,176.595
roundrobin,141,srv-5:80,183.178
roundrobin,141,srv-5:80,187.416
roundrobin,141,srv-5:80,181.192
roundrobin,141,srv-5:80,182.162
roundrobin,141,srv-5:80,180.222
roundrobin,141,srv-5:80,211.355
roundrobin,141,srv-5:80,183.578
roundrobin,141,srv-5:80,153.259
roundrobin,141,srv-5:80,183.339
roundrobin,141,srv-5:80,182.669
roundrobin,141,srv-5:80,183.797
roundrobin,141,srv-5:80,207.904
roundrobin,141,srv-5:80,181.642
roundrobin,141,srv-5:80,201.564
roundrobin,141,srv-5:80,182.681
roundrobin,141,srv-5:80,143.920
roundrobin,141,srv-5:80,185.595
roundrobin,141,srv-5:80,192.955
roundrobin,141,srv-5:80,182.673
roundrobin,141,srv-5:80,179.182
roundrobin,141,srv-5:80,181.504
roundrobin,141,srv-5:80,180.128
roundrobin,141,srv-5:80,181.863
roundrobin,141,srv-5:80,187.447
roundrobin,141,srv-5:80,190.284
roundrobin,141,srv-5:80,188.074
roundrobin,141,srv-5:80,184.850
roundrobin,141,srv-5:80,188.095
roundrobin,141,srv-5:80,107.450
roundrobin,141,srv-5:80,15.126
roundrobin,141,srv-6:80,134.967
roundrobin,141,srv-6:80,185.039
roundrobin,141,srv-6:80,188.652
roundrobin,141,srv-6:80,176.850
roundrobin,141,srv-6:80,164.096
roundrobin,141,srv-6:80,186.755
roundrobin,141,srv-6:80,198.537
roundrobin,141,srv-6:80,181.655
roundrobin,141,srv-6:80,173.832
roundrobin,141,srv-6:80,183.858
roundrobin,141,srv-6:80,199.265
roundrobin,141,srv-6:80,183.072
roundrobin,141,srv-6:80,177.962
roundrobin,141,srv-6:80,186.124
roundrobin,141,srv-6:80,177.740
roundrobin,141,srv-6:80,186.914
roundrobin,141,srv-6:80,225.647
roundrobin,141,srv-6:80,184.740
roundrobin,141,srv-6:80,141.190
roundrobin,141,srv-6:80,180.756
roundrobin,141,srv-6:80,185.561
roundrobin,141,srv-6:80,184.459
roundrobin,141,srv-6:80,188.509
roundrobin,141,srv-6:80,185.483
roundrobin,141,srv-6:80,181.901
roundrobin,141,srv-6:80,183.350
roundrobin,141,srv-6:80,184.845
roundrobin,141,srv-6:80,181.117
roundrobin,141,srv-6:80,184.953
roundrobin,141,srv-6:80,183.250
roundrobin,141,srv-6:80,181.199
roundrobin,141,srv-6:80,175.611
roundrobin,141,srv-6:80,185.647
roundrobin,141,srv-6:80,174.142
roundrobin,141,srv-6:80,182.605
roundrobin,141,srv-6:80,196.442
roundrobin,141,srv-6:80,184.578
roundrobin,141,srv-6:80,176.312
roundrobin,141,srv-6:80,184.485
roundrobin,141,srv-6:80,200.388
roundrobin,141,srv-6:80,189.859
roundrobin,141,srv-6:80,179.644
roundrobin,141,srv-6:80,185.930
roundrobin,141,srv-6:80,235.268
roundrobin,141,srv-6:80,185.385
roundrobin,141,srv-6:80,143.712
roundrobin,141,srv-6:80,182.447
roundrobin,141,srv-6:80,211.120
roundrobin,141,srv-6:80,179.562
roundrobin,141,srv-6:80,149.009
roundrobin,141,srv-6:80,190.474
roundrobin,141,srv-6:80,182.832
roundrobin,141,srv-6:80,179.519
roundrobin,141,srv-6:80,182.284
roundrobin,141,srv-6:80,180.852
roundrobin,141,srv-6:80,183.384
roundrobin,141,srv-6:80,185.302
roundrobin,141,srv-6:80,182.017
roundrobin,141,srv-6:80,175.804
roundrobin,141,srv-6:80,131.959
roundrobin,141,srv-6:80,41.174
roundrobin,141,srv-7:80,149.874
roundrobin,141,srv-7:80,193.285
roundrobin,141,srv-7:80,188.245
roundrobin,141,srv-7:80,192.960
roundrobin,141,srv-7:80,185.791
roundrobin,141,srv-7:80,185.654
roundrobin,141,srv-7:80,173.609
roundrobin,141,srv-7:80,196.624
roundrobin,141,srv-7:80,189.705
roundrobin,141,srv-7:80,182.286
roundrobin,141,srv-7:80,186.281
roundrobin,141,srv-7:80,190.495
roundrobin,141,srv-7:80,190.947
roundrobin,141,srv-7:80,206.967
roundrobin,141,srv-7:80,178.294
roundrobin,141,srv-7:80,168.471
roundrobin,141,srv-7:80,185.270
roundrobin,141,srv-7:80,178.021
roundrobin,141,srv-7:80,190.743
roundrobin,141,srv-7:80,192.684
roundrobin,141,srv-7:80,182.107
roundrobin,141,srv-7:80,178.117
roundrobin,141,srv-7:80,202.374
roundrobin,141,srv-7:80,189.002
roundrobin,141,srv-7:80,176.622
roundrobin,141,srv-7:80,186.751
roundrobin,141,srv-7:80,188.385
roundrobin,141,srv-7:80,187.083
roundrobin,141,srv-7:80,185.414
roundrobin,141,srv-7:80,185.500
roundrobin,141,srv-7:80,191.041
roundrobin,141,srv-7:80,172.628
roundrobin,141,srv-7:80,111.223
roundrobin,141,srv-7:80,177.140
roundrobin,141,srv-7:80,142.053
roundrobin,141,srv-7:80,207.677
roundrobin,141,srv-7:80,185.740
roundrobin,141,srv-7:80,143.330
roundrobin,141,srv-7:80,218.466
roundrobin,141,srv-7:80,196.703
roundrobin,141,srv-7:80,161.146
roundrobin,141,srv-7:80,210.938
roundrobin,141,srv-7:80,194.953
roundrobin,141,srv-7:80,185.964
roundrobin,141,srv-7:80,187.630
roundrobin,141,srv-7:80,170.121
roundrobin,141,srv-7:80,183.781
roundrobin,141,srv-7:80,185.225
roundrobin,141,srv-7:80,185.658
roundrobin,141,srv-7:80,187.113
roundrobin,141,srv-7:80,187.842
roundrobin,141,srv-7:80,207.889
roundrobin,141,srv-7:80,187.342
roundrobin,141,srv-7:80,175.464
roundrobin,141,srv-7:80,170.717
roundrobin,141,srv-7:80,192.058
roundrobin,141,srv-7:80,213.607
roundrobin,141,srv-7:80,188.438
roundrobin,141,srv-7:80,149.314
roundrobin,141,srv-7:80,127.296
roundrobin,141,srv-7:80,55.121
roundrobin,141,srv-8:80,171.377
roundrobin,141,srv-8:80,181.665
roundrobin,141,srv-8:80,190.910
roundrobin,141,srv-8:80,180.139
roundrobin,141,srv-8:80,186.509
roundrobin,141,srv-8:80,176.756
roundrobin,141,srv-8:80,206.046
roundrobin,141,srv-8:80,184.840
roundrobin,141,srv-8:80,91.483
roundrobin,141,srv-8:80,240.627
roundrobin,141,srv-8:80,77.613
roundrobin,141,srv-8:80,130.885
roundrobin,141,srv-8:80,193.032
roundrobin,141,srv-8:80,196.021
roundrobin,141,srv-8:80,205.537
roundrobin,141,srv-8:80,243.061
roundrobin,141,srv-8:80,166.345
roundrobin,141,srv-8:80,149.007
roundrobin,141,srv-8:80,200.598
roundrobin,141,srv-8:80,168.390
roundrobin,141,srv-8:80,178.064
roundrobin,141,srv-8:80,205.976
roundrobin,141,srv-8:80,187.279
roundrobin,141,srv-8:80,169.814
roundrobin,141,srv-8:80,188.932
roundrobin,141,srv-8:80,185.309
roundrobin,141,srv-8:80,183.723
roundrobin,141,srv-8:80,188.500
roundrobin,141,srv-8:80,186.254
roundrobin,141,srv-8:80,191.560
roundrobin,141,srv-8:80,183.797
roundrobin,141,srv-8:80,253.264
roundrobin,141,srv-8:80,182.280
roundrobin,141,srv-8:80,116.534
roundrobin,141,srv-8:80,183.178
roundrobin,141,srv-8:80,188.486
roundrobin,141,srv-8:80,184.805
roundrobin,141,srv-8:80,224.472
roundrobin,141,srv-8:80,179.197
roundrobin,141,srv-8:80,156.599
roundrobin,141,srv-8:80,184.980
roundrobin,141,srv-8:80,193.391
roundrobin,141,srv-8:80,192.230
roundrobin,141,srv-8:80,191.399
roundrobin,141,srv-8:80,213.423
roundrobin,141,srv-8:80,209.566
roundrobin,141,srv-8:80,191.034
roundrobin,141,srv-8:80,174.033
roundrobin,141,srv-8:80,157.550
roundrobin,141,srv-8:80,183.795
roundrobin,141,srv-8:80,231.944
roundrobin,141,srv-8:80,202.738
roundrobin,141,srv-8:80,161.039
roundrobin,141,srv-8:80,180.995
roundrobin,141,srv-8:80,178.158
roundrobin,141,srv-8:80,185.668
roundrobin,141,srv-8:80,188.880
roundrobin,141,srv-8:80,188.132
roundrobin,141,srv-8:80,190.200
roundrobin,141,srv-8:80,91.064
roundrobin,141,srv-8:80,17.314
roundrobin,141,srv-9:80,137.859
roundrobin,141,srv-9:80,152.955
roundrobin,141,srv-9:80,103.866
roundrobin,141,srv-9:80,110.743
roundrobin,141,srv-9:80,115.119
roundrobin,141,srv-9:80,118.361
roundrobin,141,srv-9:80,145.245
roundrobin,141,srv-9:80,132.866
roundrobin,141,srv-9:80,143.860
roundrobin,141,srv-9:80,149.267
roundrobin,141,srv-9:80,99.874
roundrobin,141,srv-9:80,132.232
roundrobin,141,srv-9:80,120.042
roundrobin,141,srv-9:80,30.529
roundrobin,141,srv-9:80,162.501
roundrobin,141,srv-9:80,194.296
roundrobin,141,srv-9:80,105.381
roundrobin,141,srv-9:80,105.235
roundrobin,141,srv-9:80,149.820
roundrobin,141,srv-9:80,172.514
roundrobin,141,srv-9:80,148.052
roundrobin,141,srv-9:80,129.195
roundrobin,141,srv-9:80,151.394
roundrobin,141,srv-9:80,143.325
roundrobin,141,srv-9:80,149.291
roundrobin,141,srv-9:80,183.909
roundrobin,141,srv-9:80,175.975
roundrobin,141,srv-9:80,112.265
roundrobin,141,srv-9:80,119.215
roundrobin,141,srv-9:80,144.638
roundrobin,141,srv-9:80,142.676
roundrobin,141,srv-9:80,143.090
roundrobin,141,srv-9:80,180.939
roundrobin,141,srv-9:80,151.727
roundrobin,141,srv-9:80,142.577
roundrobin,141,srv-9:80,147.516
roundrobin,141,srv-9:80,121.679
roundrobin,141,srv-9:80,198.157
roundrobin,141,srv-9:80,153.289
roundrobin,141,srv-9:80,128.592
roundrobin,141,srv-9:80,167.447
roundrobin,141,srv-9:80,131.650
roundrobin,141,srv-9:80,134.799
roundrobin,141,srv-9:80,149.851
roundrobin,141,srv-9:80,162.365
roundrobin,141,srv-9:80,171.167
roundrobin,141,srv-9:80,136.359
roundrobin,141,srv-9:80,129.629
roundrobin,141,srv-9:80,122.823
roundrobin,141,srv-9:80,45.993
roundrobin,157,srv-10:80,142.439
roundrobin,157,srv-10:80,116.984
roundrobin,157,srv-10:80,156.740
roundrobin,157,srv-10:80,149.171
roundrobin,157,srv-10:80,153.058
roundrobin,157,srv-10:80,135.894
roundrobin,157,srv-10:80,125.198
roundrobin,157,srv-10:80,138.564
roundrobin,157,srv-10:80,175.558
roundrobin,157,srv-10:80,162.447
roundrobin,157,srv-10:80,170.873
roundrobin,157,srv-10:80,129.430
roundrobin,157,srv-10:80,76.098
roundrobin,157,srv-10:80,117.551
roundrobin,157,srv-10:80,115.494
roundrobin,157,srv-10:80,136.668
roundrobin,157,srv-10:80,142.819
roundrobin,157,srv-10:80,185.139
roundrobin,157,srv-10:80,219.584
roundrobin,157,srv-10:80,113.719
roundrobin,157,srv-10:80,114.615
roundrobin,157,srv-10:80,203.634
roundrobin,157,srv-10:80,114.837
roundrobin,157,srv-10:80,90.929
roundrobin,157,srv-10:80,140.645
roundrobin,157,srv-10:80,210.797
roundrobin,157,srv-10:80,145.001
roundrobin,157,srv-10:80,73.832
roundrobin,157,srv-10:80,167.173
roundrobin,157,srv-10:80,150.492
roundrobin,157,srv-10:80,161.265
roundrobin,157,srv-10:80,150.961
roundrobin,157,srv-10:80,135.587
roundrobin,157,srv-10:80,140.461
roundrobin,157,srv-10:80,5.118
roundrobin,157,srv-10:80,86.668
roundrobin,157,srv-10:80,152.867
roundrobin,157,srv-10:80,143.564
roundrobin,157,srv-10:80,150.521
roundrobin,157,srv-10:80,176.123
roundrobin,157,srv-10:80,152.667
roundrobin,157,srv-10:80,129.775
roundrobin,157,srv-10:80,149.229
roundrobin,157,srv-10:80,147.768
roundrobin,157,srv-10:80,148.563
roundrobin,157,srv-10:80,148.840
roundrobin,157,srv-10:80,149.654
roundrobin,157,srv-10:80,150.126
roundrobin,157,srv-10:80,115.381
roundrobin,157,srv-10:80,197.054
roundrobin,157,srv-10:80,38.203
roundrobin,157,srv-10:80,118.699
roundrobin,157,srv-10:80,161.154
roundrobin,157,srv-10:80,156.133
roundrobin,157,srv-10:80,157.840
roundrobin,157,srv-10:80,100.875
roundrobin,157,srv-10:80,22.732
roundrobin,157,srv-1:80,187.340
roundrobin,157,srv-1:80,182.416
roundrobin,157,srv-1:80,182.474
roundrobin,157,srv-1:80,183.538
roundrobin,157,srv-1:80,181.687
roundrobin,157,srv-1:80,182.742
roundrobin,157,srv-1:80,184.897
roundrobin,157,srv-1:80,185.797
roundrobin,157,srv-1:80,189.119
roundrobin,157,srv-1:80,185.675
roundrobin,157,srv-1:80,181.141
roundrobin,157,srv-1:80,182.336
roundrobin,157,srv-1:80,180.846
roundrobin,157,srv-1:80,182.046
roundrobin,157,srv-1:80,184.541
roundrobin,157,srv-1:80,185.456
roundrobin,157,srv-1:80,183.954
roundrobin,157,srv-1:80,181.293
roundrobin,157,srv-1:80,180.653
roundrobin,157,srv-1:80,186.036
roundrobin,157,srv-1:80,189.013
roundrobin,157,srv-1:80,186.031
roundrobin,157,srv-1:80,180.668
roundrobin,157,srv-1:80,174.883
roundrobin,157,srv-1:80,182.405
roundrobin,157,srv-1:80,189.849
roundrobin,157,srv-1:80,187.962
roundrobin,157,srv-1:80,187.179
roundrobin,157,srv-1:80,182.302
roundrobin,157,srv-1:80,181.179
roundrobin,157,srv-1:80,179.985
roundrobin,157,srv-1:80,177.298
roundrobin,157,srv-1:80,180.266
roundrobin,157,srv-1:80,180.274
roundrobin,157,srv-1:80,181.514
roundrobin,157,srv-1:80,182.598
roundrobin,157,srv-1:80,183.191
roundrobin,157,srv-1:80,187.047
roundrobin,157,srv-1:80,189.223
roundrobin,157,srv-1:80,184.848
roundrobin,157,srv-1:80,182.468
roundrobin,157,srv-1:80,185.166
roundrobin,157,srv-1:80,182.566
roundrobin,157,srv-1:80,181.569
roundrobin,157,srv-1:80,180.718
roundrobin,157,srv-1:80,182.423
roundrobin,157,srv-1:80,184.881
roundrobin,157,srv-1:80,178.410
roundrobin,157,srv-1:80,184.217
roundrobin,157,srv-1:80,189.214
roundrobin,157,srv-1:80,182.300
roundrobin,157,srv-1:80,181.511
roundrobin,157,srv-1:80,178.439
roundrobin,157,srv-1:80,176.521
roundrobin,157,srv-1:80,180.269
roundrobin,157,srv-1:80,189.663
roundrobin,157,srv-1:80,186.607
roundrobin,157,srv-1:80,178.637
roundrobin,157,srv-1:80,142.641
roundrobin,157,srv-1:80,51.979
roundrobin,157,srv-1:80,0.033
roundrobin,157,srv-2:80,186.323
roundrobin,157,srv-2:80,182.450
roundrobin,157,srv-2:80,183.008
roundrobin,157,srv-2:80,188.183
roundrobin,157,srv-2:80,193.346
roundrobin,157,srv-2:80,193.681
roundrobin,157,srv-2:80,187.750
roundrobin,157,srv-2:80,186.283
roundrobin,157,srv-2:80,186.103
roundrobin,157,srv-2:80,186.632
roundrobin,157,srv-2:80,193.525
roundrobin,157,srv-2:80,194.802
roundrobin,157,srv-2:80,193.361
roundrobin,157,srv-2:80,188.121
roundrobin,157,srv-2:80,184.996
roundrobin,157,srv-2:80,187.148
roundrobin,157,srv-2:80,187.270
roundrobin,157,srv-2:80,186.893
roundrobin,157,srv-2:80,189.063
roundrobin,157,srv-2:80,189.716
roundrobin,157,srv-2:80,187.776
roundrobin,157,srv-2:80,193.103
roundrobin,157,srv-2:80,199.702
roundrobin,157,srv-2:80,194.199
roundrobin,157,srv-2:80,186.007
roundrobin,157,srv-2:80,188.625
roundrobin,157,srv-2:80,190.808
roundrobin,157,srv-2:80,192.247
roundrobin,157,srv-2:80,196.391
roundrobin,157,srv-2:80,194.611
roundrobin,157,srv-2:80,190.530
roundrobin,157,srv-2:80,189.591
roundrobin,157,srv-2:80,186.438
roundrobin,157,srv-2:80,186.192
roundrobin,157,srv-2:80,188.928
roundrobin,157,srv-2:80,191.326
roundrobin,157,srv-2:80,190.807
roundrobin,157,srv-2:80,189.767
roundrobin,157,srv-2:80,189.294
roundrobin,157,srv-2:80,184.321
roundrobin,157,srv-2:80,189.060
roundrobin,157,srv-2:80,190.762
roundrobin,157,srv-2:80,188.509
roundrobin,157,srv-2:80,190.901
roundrobin,157,srv-2:80,187.315
roundrobin,157,srv-2:80,185.189
roundrobin,157,srv-2:80,183.814
roundrobin,157,srv-2:80,187.189
roundrobin,157,srv-2:80,187.915
roundrobin,157,srv-2:80,185.414
roundrobin,157,srv-2:80,190.336
roundrobin,157,srv-2:80,192.099
roundrobin,157,srv-2:80,189.364
roundrobin,157,srv-2:80,187.970
roundrobin,157,srv-2:80,189.962
roundrobin,157,srv-2:80,190.091
roundrobin,157,srv-2:80,185.365
roundrobin,157,srv-2:80,186.041
roundrobin,157,srv-2:80,149.049
roundrobin,157,srv-2:80,53.934
roundrobin,157,srv-2:80,0.038
roundrobin,157,srv-3:80,167.648
roundrobin,157,srv-3:80,183.123
roundrobin,157,srv-3:80,184.754
roundrobin,157,srv-3:80,186.271
roundrobin,157,srv-3:80,185.748
roundrobin,157,srv-3:80,179.101
roundrobin,157,srv-3:80,178.999
roundrobin,157,srv-3:80,180.072
roundrobin,157,srv-3:80,180.800
roundrobin,157,srv-3:80,182.486
roundrobin,157,srv-3:80,183.278
roundrobin,157,srv-3:80,183.639
roundrobin,157,srv-3:80,185.137
roundrobin,157,srv-3:80,187.563
roundrobin,157,srv-3:80,187.342
roundrobin,157,srv-3:80,185.070
roundrobin,157,srv-3:80,184.376
roundrobin,157,srv-3:80,186.977
roundrobin,157,srv-3:80,184.394
roundrobin,157,srv-3:80,186.699
roundrobin,157,srv-3:80,188.455
roundrobin,157,srv-3:80,189.835
roundrobin,157,srv-3:80,192.782
roundrobin,157,srv-3:80,186.277
roundrobin,157,srv-3:80,186.342
roundrobin,157,srv-3:80,187.461
roundrobin,157,srv-3:80,185.878
roundrobin,157,srv-3:80,188.828
roundrobin,157,srv-3:80,187.806
roundrobin,157,srv-3:80,186.418
roundrobin,157,srv-3:80,185.513
roundrobin,157,srv-3:80,182.213
roundrobin,157,srv-3:80,184.116
roundrobin,157,srv-3:80,190.000
roundrobin,157,srv-3:80,188.042
roundrobin,157,srv-3:80,184.586
roundrobin,157,srv-3:80,184.210
roundrobin,157,srv-3:80,180.206
roundrobin,157,srv-3:80,182.017
roundrobin,157,srv-3:80,186.251
roundrobin,157,srv-3:80,184.025
roundrobin,157,srv-3:80,181.082
roundrobin,157,srv-3:80,184.493
roundrobin,157,srv-3:80,183.658
roundrobin,157,srv-3:80,187.121
roundrobin,157,srv-3:80,188.927
roundrobin,157,srv-3:80,180.989
roundrobin,157,srv-3:80,177.995
roundrobin,157,srv-3:80,178.091
roundrobin,157,srv-3:80,183.179
roundrobin,157,srv-3:80,183.273
roundrobin,157,srv-3:80,184.137
roundrobin,157,srv-3:80,187.082
roundrobin,157,srv-3:80,186.134
roundrobin,157,srv-3:80,184.237
roundrobin,157,srv-3:80,185.909
roundrobin,157,srv-3:80,183.694
roundrobin,157,srv-3:80,178.555
roundrobin,157,srv-3:80,183.280
roundrobin,157,srv-3:80,107.751
roundrobin,157,srv-3:80,13.565
roundrobin,157,srv-4:80,185.310
roundrobin,157,srv-4:80,181.116
roundrobin,157,srv-4:80,183.173
roundrobin,157,srv-4:80,185.277
roundrobin,157,srv-4:80,181.385
roundrobin,157,srv-4:80,183.336
roundrobin,157,srv-4:80,180.985
roundrobin,157,srv-4:80,181.359
roundrobin,157,srv-4:80,185.836
roundrobin,157,srv-4:80,182.913
roundrobin,157,srv-4:80,182.630
roundrobin,157,srv-4:80,187.196
roundrobin,157,srv-4:80,187.310
roundrobin,157,srv-4:80,185.967
roundrobin,157,srv-4:80,182.498
roundrobin,157,srv-4:80,180.775
roundrobin,157,srv-4:80,184.448
roundrobin,157,srv-4:80,180.292
roundrobin,157,srv-4:80,183.295
roundrobin,157,srv-4:80,187.590
roundrobin,157,srv-4:80,185.992
roundrobin,157,srv-4:80,185.528
roundrobin,157,srv-4:80,183.763
roundrobin,157,srv-4:80,186.794
roundrobin,157,srv-4:80,186.523
roundrobin,157,srv-4:80,184.016
roundrobin,157,srv-4:80,186.346
roundrobin,157,srv-4:80,183.536
roundrobin,157,srv-4:80,183.127
roundrobin,157,srv-4:80,185.859
roundrobin,157,srv-4:80,184.827
roundrobin,157,srv-4:80,187.961
roundrobin,157,srv-4:80,183.942
roundrobin,157,srv-4:80,183.205
roundrobin,157,srv-4:80,188.016
roundrobin,157,srv-4:80,184.966
roundrobin,157,srv-4:80,183.825
roundrobin,157,srv-4:80,179.950
roundrobin,157,srv-4:80,181.223
roundrobin,157,srv-4:80,187.726
roundrobin,157,srv-4:80,188.251
roundrobin,157,srv-4:80,186.793
roundrobin,157,srv-4:80,184.498
roundrobin,157,srv-4:80,186.013
roundrobin,157,srv-4:80,186.053
roundrobin,157,srv-4:80,183.531
roundrobin,157,srv-4:80,185.898
roundrobin,157,srv-4:80,190.236
roundrobin,157,srv-4:80,185.334
roundrobin,157,srv-4:80,177.939
roundrobin,157,srv-4:80,181.845
roundrobin,157,srv-4:80,185.540
roundrobin,157,srv-4:80,185.919
roundrobin,157,srv-4:80,184.394
roundrobin,157,srv-4:80,185.914
roundrobin,157,srv-4:80,183.844
roundrobin,157,srv-4:80,179.276
roundrobin,157,srv-4:80,182.019
roundrobin,157,srv-4:80,135.213
roundrobin,157,srv-4:80,43.429
roundrobin,157,srv-4:80,0.041
roundrobin,157,srv-5:80,204.925
roundrobin,157,srv-5:80,203.243
roundrobin,157,srv-5:80,208.154
roundrobin,157,srv-5:80,204.928
roundrobin,157,srv-5:80,203.785
roundrobin,157,srv-5:80,205.391
roundrobin,157,srv-5:80,207.242
roundrobin,157,srv-5:80,205.715
roundrobin,157,srv-5:80,206.683
roundrobin,157,srv-5:80,203.087
roundrobin,157,srv-5:80,237.756
roundrobin,157,srv-5:80,205.194
roundrobin,157,srv-5:80,175.553
roundrobin,157,srv-5:80,202.887
roundrobin,157,srv-5:80,203.034
roundrobin,157,srv-5:80,197.920
roundrobin,157,srv-5:80,201.995
roundrobin,157,srv-5:80,204.132
roundrobin,157,srv-5:80,206.604
roundrobin,157,srv-5:80,205.939
roundrobin,157,srv-5:80,201.528
roundrobin,157,srv-5:80,201.774
roundrobin,157,srv-5:80,207.989
roundrobin,157,srv-5:80,200.345
roundrobin,157,srv-5:80,197.220
roundrobin,157,srv-5:80,189.626
roundrobin,157,srv-5:80,205.452
roundrobin,157,srv-5:80,201.482
roundrobin,157,srv-5:80,207.263
roundrobin,157,srv-5:80,198.408
roundrobin,157,srv-5:80,207.836
roundrobin,157,srv-5:80,231.083
roundrobin,157,srv-5:80,200.094
roundrobin,157,srv-5:80,179.707
roundrobin,157,srv-5:80,204.871
roundrobin,157,srv-5:80,208.930
roundrobin,157,srv-5:80,209.955
roundrobin,157,srv-5:80,270.695
roundrobin,157,srv-5:80,209.746
roundrobin,157,srv-5:80,172.919
roundrobin,157,srv-5:80,206.097
roundrobin,157,srv-5:80,186.340
roundrobin,157,srv-5:80,202.826
roundrobin,157,srv-5:80,205.287
roundrobin,157,srv-5:80,205.598
roundrobin,157,srv-5:80,221.125
roundrobin,157,srv-5:80,202.736
roundrobin,157,srv-5:80,196.819
roundrobin,157,srv-5:80,203.968
roundrobin,157,srv-5:80,200.620
roundrobin,157,srv-5:80,204.724
roundrobin,157,srv-5:80,204.623
roundrobin,157,srv-5:80,208.149
roundrobin,157,srv-5:80,206.381
roundrobin,157,srv-5:80,202.043
roundrobin,157,srv-5:80,204.848
roundrobin,157,srv-5:80,201.087
roundrobin,157,srv-5:80,204.194
roundrobin,157,srv-5:80,157.200
roundrobin,157,srv-5:80,54.523
roundrobin,157,srv-5:80,0.063
roundrobin,157,srv-6:80,205.296
roundrobin,157,srv-6:80,185.688
roundrobin,157,srv-6:80,199.424
roundrobin,157,srv-6:80,251.762
roundrobin,157,srv-6:80,204.436
roundrobin,157,srv-6:80,151.193
roundrobin,157,srv-6:80,202.831
roundrobin,157,srv-6:80,208.345
roundrobin,157,srv-6:80,206.399
roundrobin,157,srv-6:80,251.696
roundrobin,157,srv-6:80,209.179
roundrobin,157,srv-6:80,200.868
roundrobin,157,srv-6:80,207.906
roundrobin,157,srv-6:80,173.209
roundrobin,157,srv-6:80,210.435
roundrobin,157,srv-6:80,215.162
roundrobin,157,srv-6:80,208.288
roundrobin,157,srv-6:80,209.199
roundrobin,157,srv-6:80,207.136
roundrobin,157,srv-6:80,206.459
roundrobin,157,srv-6:80,203.613
roundrobin,157,srv-6:80,205.053
roundrobin,157,srv-6:80,204.422
roundrobin,157,srv-6:80,202.506
roundrobin,157,srv-6:80,198.865
roundrobin,157,srv-6:80,200.052
roundrobin,157,srv-6:80,198.951
roundrobin,157,srv-6:80,207.050
roundrobin,157,srv-6:80,199.262
roundrobin,157,srv-6:80,202.662
roundrobin,157,srv-6:80,200.337
roundrobin,157,srv-6:80,204.459
roundrobin,157,srv-6:80,196.232
roundrobin,157,srv-6:80,200.366
roundrobin,157,srv-6:80,200.493
roundrobin,157,srv-6:80,205.189
roundrobin,157,srv-6:80,206.438
roundrobin,157,srv-6:80,206.843
roundrobin,157,srv-6:80,212.149
roundrobin,157,srv-6:80,207.603
roundrobin,157,srv-6:80,207.958
roundrobin,157,srv-6:80,208.016
roundrobin,157,srv-6:80,205.929
roundrobin,157,srv-6:80,201.694
roundrobin,157,srv-6:80,208.124
roundrobin,157,srv-6:80,211.877
roundrobin,157,srv-6:80,243.041
roundrobin,157,srv-6:80,205.367
roundrobin,157,srv-6:80,171.316
roundrobin,157,srv-6:80,206.718
roundrobin,157,srv-6:80,210.353
roundrobin,157,srv-6:80,205.110
roundrobin,157,srv-6:80,211.888
roundrobin,157,srv-6:80,209.148
roundrobin,157,srv-6:80,204.561
roundrobin,157,srv-6:80,204.050
roundrobin,157,srv-6:80,203.464
roundrobin,157,srv-6:80,195.456
roundrobin,157,srv-6:80,194.779
roundrobin,157,srv-6:80,95.680
roundrobin,157,srv-6:80,0.049
roundrobin,157,srv-7:80,183.112
roundrobin,157,srv-7:80,273.843
roundrobin,157,srv-7:80,208.250
roundrobin,157,srv-7:80,149.197
roundrobin,157,srv-7:80,204.607
roundrobin,157,srv-7:80,202.221
roundrobin,157,srv-7:80,204.956
roundrobin,157,srv-7:80,216.906
roundrobin,157,srv-7:80,197.281
roundrobin,157,srv-7:80,280.937
roundrobin,157,srv-7:80,195.086
roundrobin,157,srv-7:80,205.387
roundrobin,157,srv-7:80,201.540
roundrobin,157,srv-7:80,50.263
roundrobin,157,srv-7:80,241.825
roundrobin,157,srv-7:80,80.669
roundrobin,157,srv-7:80,160.409
roundrobin,157,srv-7:80,169.432
roundrobin,157,srv-7:80,241.908
roundrobin,157,srv-7:80,117.149
roundrobin,157,srv-7:80,202.719
roundrobin,157,srv-7:80,190.328
roundrobin,157,srv-7:80,170.574
roundrobin,157,srv-7:80,210.685
roundrobin,157,srv-7:80,218.777
roundrobin,157,srv-7:80,208.053
roundrobin,157,srv-7:80,269.422
roundrobin,157,srv-7:80,207.152
roundrobin,157,srv-7:80,197.013
roundrobin,157,srv-7:80,202.343
roundrobin,157,srv-7:80,144.749
roundrobin,157,srv-7:80,203.045
roundrobin,157,srv-7:80,264.217
roundrobin,157,srv-7:80,197.149
roundrobin,157,srv-7:80,148.754
roundrobin,157,srv-7:80,201.248
roundrobin,157,srv-7:80,226.984
roundrobin,157,srv-7:80,197.731
roundrobin,157,srv-7:80,199.573
roundrobin,157,srv-7:80,204.843
roundrobin,157,srv-7:80,205.171
roundrobin,157,srv-7:80,197.623
roundrobin,157,srv-7:80,194.187
roundrobin,157,srv-7:80,194.472
roundrobin,157,srv-7:80,204.196
roundrobin,157,srv-7:80,202.647
roundrobin,157,srv-7:80,209.655
roundrobin,157,srv-7:80,202.555
roundrobin,157,srv-7:80,209.840
roundrobin,157,srv-7:80,259.711
roundrobin,157,srv-7:80,209.934
roundrobin,157,srv-7:80,150.295
roundrobin,157,srv-7:80,128.184
roundrobin,157,srv-7:80,228.241
roundrobin,157,srv-7:80,128.612
roundrobin,157,srv-7:80,239.608
roundrobin,157,srv-7:80,254.179
roundrobin,157,srv-7:80,165.340
roundrobin,157,srv-7:80,121.487
roundrobin,157,srv-7:80,91.411
roundrobin,157,srv-7:80,0.042
roundrobin,157,srv-8:80,146.619
roundrobin,157,srv-8:80,179.818
roundrobin,157,srv-8:80,221.277
roundrobin,157,srv-8:80,198.836
roundrobin,157,srv-8:80,206.684
roundrobin,157,srv-8:80,253.820
roundrobin,157,srv-8:80,230.535
roundrobin,157,srv-8:80,199.120
roundrobin,157,srv-8:80,192.745
roundrobin,157,srv-8:80,169.047
roundrobin,157,srv-8:80,207.882
roundrobin,157,srv-8:80,215.990
roundrobin,157,srv-8:80,187.719
roundrobin,157,srv-8:80,202.202
roundrobin,157,srv-8:80,198.340
roundrobin,157,srv-8:80,221.830
roundrobin,157,srv-8:80,201.197
roundrobin,157,srv-8:80,255.393
roundrobin,157,srv-8:80,202.063
roundrobin,157,srv-8:80,162.247
roundrobin,157,srv-8:80,234.262
roundrobin,157,srv-8:80,212.378
roundrobin,157,srv-8:80,163.648
roundrobin,157,srv-8:80,189.245
roundrobin,157,srv-8:80,210.129
roundrobin,157,srv-8:80,202.509
roundrobin,157,srv-8:80,291.696
roundrobin,157,srv-8:80,226.551
roundrobin,157,srv-8:80,125.051
roundrobin,157,srv-8:80,192.333
roundrobin,157,srv-8:80,203.406
roundrobin,157,srv-8:80,203.499
roundrobin,157,srv-8:80,233.945
roundrobin,157,srv-8:80,208.747
roundrobin,157,srv-8:80,181.549
roundrobin,157,srv-8:80,205.832
roundrobin,157,srv-8:80,253.302
roundrobin,157,srv-8:80,198.213
roundrobin,157,srv-8:80,155.088
roundrobin,157,srv-8:80,189.694
roundrobin,157,srv-8:80,119.314
roundrobin,157,srv-8:80,185.906
roundrobin,157,srv-8:80,243.072
roundrobin,157,srv-8:80,204.119
roundrobin,157,srv-8:80,171.585
roundrobin,157,srv-8:80,232.696
roundrobin,157,srv-8:80,205.179
roundrobin,157,srv-8:80,170.606
roundrobin,157,srv-8:80,206.045
roundrobin,157,srv-8:80,255.530
roundrobin,157,srv-8:80,210.721
roundrobin,157,srv-8:80,157.768
roundrobin,157,srv-8:80,224.648
roundrobin,157,srv-8:80,209.281
roundrobin,157,srv-8:80,199.454
roundrobin,157,srv-8:80,215.763
roundrobin,157,srv-8:80,206.936
roundrobin,157,srv-8:80,204.281
roundrobin,157,srv-8:80,205.633
roundrobin,157,srv-8:80,169.012
roundrobin,157,srv-8:80,35.440
roundrobin,157,srv-9:80,110.494
roundrobin,157,srv-9:80,143.997
roundrobin,157,srv-9:80,149.828
roundrobin,157,srv-9:80,153.972
roundrobin,157,srv-9:80,165.165
roundrobin,157,srv-9:80,141.255
roundrobin,157,srv-9:80,156.430
roundrobin,157,srv-9:80,143.404
roundrobin,157,srv-9:80,113.749
roundrobin,157,srv-9:80,148.958
roundrobin,157,srv-9:80,150.496
roundrobin,157,srv-9:80,150.157
roundrobin,157,srv-9:80,160.954
roundrobin,157,srv-9:80,172.037
roundrobin,157,srv-9:80,141.979
roundrobin,157,srv-9:80,131.838
roundrobin,157,srv-9:80,183.594
roundrobin,157,srv-9:80,143.467
roundrobin,157,srv-9:80,102.700
roundrobin,157,srv-9:80,147.460
roundrobin,157,srv-9:80,160.097
roundrobin,157,srv-9:80,187.042
roundrobin,157,srv-9:80,144.507
roundrobin,157,srv-9:80,107.683
roundrobin,157,srv-9:80,141.535
roundrobin,157,srv-9:80,146.842
roundrobin,157,srv-9:80,146.520
roundrobin,157,srv-9:80,141.344
roundrobin,157,srv-9:80,182.910
roundrobin,157,srv-9:80,170.090
roundrobin,157,srv-9:80,104.591
roundrobin,157,srv-9:80,119.859
roundrobin,157,srv-9:80,145.698
roundrobin,157,srv-9:80,140.994
roundrobin,157,srv-9:80,139.305
roundrobin,157,srv-9:80,142.125
roundrobin,157,srv-9:80,181.324
roundrobin,157,srv-9:80,154.612
roundrobin,157,srv-9:80,45.874
roundrobin,157,srv-9:80,10.300
roundrobin,157,srv-9:80,94.259
roundrobin,157,srv-9:80,142.691
roundrobin,157,srv-9:80,127.890
roundrobin,157,srv-9:80,148.301
roundrobin,157,srv-9:80,153.212
roundrobin,157,srv-9:80,154.595
roundrobin,157,srv-9:80,149.984
roundrobin,157,srv-9:80,228.044
roundrobin,157,srv-9:80,155.837
roundrobin,157,srv-9:80,74.073
roundrobin,157,srv-9:80,144.139
roundrobin,157,srv-9:80,147.690
roundrobin,157,srv-9:80,150.377
roundrobin,157,srv-9:80,146.473
roundrobin,157,srv-9:80,176.769
roundrobin,157,srv-9:80,147.304
roundrobin,157,srv-9:80,121.018
roundrobin,157,srv-9:80,80.835
roundrobin,174,srv-10:80,112.956
roundrobin,174,srv-10:80,151.314
roundrobin,174,srv-10:80,146.457
roundrobin,174,srv-10:80,143.516
roundrobin,174,srv-10:80,146.603
roundrobin,174,srv-10:80,144.984
roundrobin,174,srv-10:80,154.063
roundrobin,174,srv-10:80,173.422
roundrobin,174,srv-10:80,130.382
roundrobin,174,srv-10:80,116.246
roundrobin,174,srv-10:80,148.241
roundrobin,174,srv-10:80,178.441
roundrobin,174,srv-10:80,106.177
roundrobin,174,srv-10:80,56.463
roundrobin,174,srv-10:80,28.499
roundrobin,174,srv-10:80,183.540
roundrobin,174,srv-10:80,45.436
roundrobin,174,srv-10:80,22.939
roundrobin,174,srv-10:80,42.612
roundrobin,174,srv-10:80,136.277
roundrobin,174,srv-10:80,155.039
roundrobin,174,srv-10:80,107.840
roundrobin,174,srv-10:80,139.676
roundrobin,174,srv-10:80,168.203
roundrobin,174,srv-10:80,144.261
roundrobin,174,srv-10:80,116.752
roundrobin,174,srv-10:80,140.683
roundrobin,174,srv-10:80,177.437
roundrobin,174,srv-10:80,153.042
roundrobin,174,srv-10:80,121.317
roundrobin,174,srv-10:80,148.857
roundrobin,174,srv-10:80,150.247
roundrobin,174,srv-10:80,149.239
roundrobin,174,srv-10:80,141.433
roundrobin,174,srv-10:80,135.669
roundrobin,174,srv-10:80,134.422
roundrobin,174,srv-10:80,152.837
roundrobin,174,srv-10:80,96.643
roundrobin,174,srv-10:80,9.838
roundrobin,174,srv-1:80,164.138
roundrobin,174,srv-1:80,208.045
roundrobin,174,srv-1:80,210.902
roundrobin,174,srv-1:80,203.055
roundrobin,174,srv-1:80,203.064
roundrobin,174,srv-1:80,206.060
roundrobin,174,srv-1:80,205.132
roundrobin,174,srv-1:80,204.119
roundrobin,174,srv-1:80,202.903
roundrobin,174,srv-1:80,210.190
roundrobin,174,srv-1:80,212.560
roundrobin,174,srv-1:80,203.223
roundrobin,174,srv-1:80,208.490
roundrobin,174,srv-1:80,218.783
roundrobin,174,srv-1:80,215.843
roundrobin,174,srv-1:80,208.642
roundrobin,174,srv-1:80,207.148
roundrobin,174,srv-1:80,208.078
roundrobin,174,srv-1:80,209.763
roundrobin,174,srv-1:80,210.767
roundrobin,174,srv-1:80,206.701
roundrobin,174,srv-1:80,209.338
roundrobin,174,srv-1:80,212.277
roundrobin,174,srv-1:80,211.549
roundrobin,174,srv-1:80,214.346
roundrobin,174,srv-1:80,215.591
roundrobin,174,srv-1:80,214.415
roundrobin,174,srv-1:80,209.052
roundrobin,174,srv-1:80,210.552
roundrobin,174,srv-1:80,213.134
roundrobin,174,srv-1:80,211.839
roundrobin,174,srv-1:80,211.809
roundrobin,174,srv-1:80,206.786
roundrobin,174,srv-1:80,204.582
roundrobin,174,srv-1:80,203.719
roundrobin,174,srv-1:80,202.237
roundrobin,174,srv-1:80,204.589
roundrobin,174,srv-1:80,204.529
roundrobin,174,srv-1:80,208.450
roundrobin,174,srv-1:80,209.131
roundrobin,174,srv-1:80,202.188
roundrobin,174,srv-1:80,204.626
roundrobin,174,srv-1:80,211.136
roundrobin,174,srv-1:80,207.268
roundrobin,174,srv-1:80,200.983
roundrobin,174,srv-1:80,200.957
roundrobin,174,srv-1:80,203.920
roundrobin,174,srv-1:80,206.687
roundrobin,174,srv-1:80,206.028
roundrobin,174,srv-1:80,207.595
roundrobin,174,srv-1:80,209.701
roundrobin,174,srv-1:80,209.486
roundrobin,174,srv-1:80,205.373
roundrobin,174,srv-1:80,202.154
roundrobin,174,srv-1:80,208.588
roundrobin,174,srv-1:80,210.789
roundrobin,174,srv-1:80,205.566
roundrobin,174,srv-1:80,206.145
roundrobin,174,srv-1:80,209.068
roundrobin,174,srv-1:80,148.096
roundrobin,174,srv-1:80,43.569
roundrobin,174,srv-1:80,0.040
roundrobin,174,srv-2:80,174.108
roundrobin,174,srv-2:80,216.087
roundrobin,174,srv-2:80,209.884
roundrobin,174,srv-2:80,208.639
roundrobin,174,srv-2:80,210.878
roundrobin,174,srv-2:80,205.609
roundrobin,174,srv-2:80,204.988
roundrobin,174,srv-2:80,213.599
roundrobin,174,srv-2:80,218.045
roundrobin,174,srv-2:80,219.864
roundrobin,174,srv-2:80,219.624
roundrobin,174,srv-2:80,216.908
roundrobin,174,srv-2:80,213.227
roundrobin,174,srv-2:80,217.503
roundrobin,174,srv-2:80,218.460
roundrobin,174,srv-2:80,215.539
roundrobin,174,srv-2:80,213.100
roundrobin,174,srv-2:80,216.379
roundrobin,174,srv-2:80,215.405
roundrobin,174,srv-2:80,204.255
roundrobin,174,srv-2:80,208.128
roundrobin,174,srv-2:80,213.034
roundrobin,174,srv-2:80,213.562
roundrobin,174,srv-2:80,217.271
roundrobin,174,srv-2:80,221.184
roundrobin,174,srv-2:80,213.226
roundrobin,174,srv-2:80,207.698
roundrobin,174,srv-2:80,208.688
roundrobin,174,srv-2:80,207.009
roundrobin,174,srv-2:80,207.624
roundrobin,174,srv-2:80,211.354
roundrobin,174,srv-2:80,214.163
roundrobin,174,srv-2:80,210.796
roundrobin,174,srv-2:80,211.944
roundrobin,174,srv-2:80,215.297
roundrobin,174,srv-2:80,207.320
roundrobin,174,srv-2:80,208.089
roundrobin,174,srv-2:80,216.676
roundrobin,174,srv-2:80,221.758
roundrobin,174,srv-2:80,222.770
roundrobin,174,srv-2:80,220.835
roundrobin,174,srv-2:80,220.734
roundrobin,174,srv-2:80,216.598
roundrobin,174,srv-2:80,217.663
roundrobin,174,srv-2:80,219.954
roundrobin,174,srv-2:80,220.165
roundrobin,174,srv-2:80,217.485
roundrobin,174,srv-2:80,210.307
roundrobin,174,srv-2:80,206.291
roundrobin,174,srv-2:80,209.014
roundrobin,174,srv-2:80,216.140
roundrobin,174,srv-2:80,219.014
roundrobin,174,srv-2:80,223.727
roundrobin,174,srv-2:80,231.463
roundrobin,174,srv-2:80,229.464
roundrobin,174,srv-2:80,220.799
roundrobin,174,srv-2:80,220.448
roundrobin,174,srv-2:80,225.406
roundrobin,174,srv-2:80,225.913
roundrobin,174,srv-2:80,151.774
roundrobin,174,srv-2:80,39.756
roundrobin,174,srv-2:80,0.043
roundrobin,174,srv-3:80,204.446
roundrobin,174,srv-3:80,203.480
roundrobin,174,srv-3:80,209.567
roundrobin,174,srv-3:80,211.656
roundrobin,174,srv-3:80,210.574
roundrobin,174,srv-3:80,214.157
roundrobin,174,srv-3:80,212.857
roundrobin,174,srv-3:80,209.939
roundrobin,174,srv-3:80,209.256
roundrobin,174,srv-3:80,211.803
roundrobin,174,srv-3:80,213.838
roundrobin,174,srv-3:80,211.235
roundrobin,174,srv-3:80,211.420
roundrobin,174,srv-3:80,214.819
roundrobin,174,srv-3:80,215.963
roundrobin,174,srv-3:80,219.361
roundrobin,174,srv-3:80,217.000
roundrobin,174,srv-3:80,209.164
roundrobin,174,srv-3:80,209.731
roundrobin,174,srv-3:80,208.235
roundrobin,174,srv-3:80,208.065
roundrobin,174,srv-3:80,212.544
roundrobin,174,srv-3:80,210.607
roundrobin,174,srv-3:80,211.357
roundrobin,174,srv-3:80,212.123
roundrobin,174,srv-3:80,213.373
roundrobin,174,srv-3:80,215.695
roundrobin,174,srv-3:80,209.880
roundrobin,174,srv-3:80,210.054
roundrobin,174,srv-3:80,206.153
roundrobin,174,srv-3:80,204.779
roundrobin,174,srv-3:80,207.339
roundrobin,174,srv-3:80,207.574
roundrobin,174,srv-3:80,207.153
roundrobin,174,srv-3:80,209.814
roundrobin,174,srv-3:80,211.304
roundrobin,174,srv-3:80,208.531
roundrobin,174,srv-3:80,207.638
roundrobin,174,srv-3:80,208.269
roundrobin,174,srv-3:80,214.797
roundrobin,174,srv-3:80,213.479
roundrobin,174,srv-3:80,210.802
roundrobin,174,srv-3:80,212.897
roundrobin,174,srv-3:80,212.107
roundrobin,174,srv-3:80,210.426
roundrobin,174,srv-3:80,208.822
roundrobin,174,srv-3:80,211.840
roundrobin,174,srv-3:80,215.839
roundrobin,174,srv-3:80,211.179
roundrobin,174,srv-3:80,210.480
roundrobin,174,srv-3:80,208.732
roundrobin,174,srv-3:80,206.847
roundrobin,174,srv-3:80,207.033
roundrobin,174,srv-3:80,207.021
roundrobin,174,srv-3:80,208.907
roundrobin,174,srv-3:80,205.957
roundrobin,174,srv-3:80,209.243
roundrobin,174,srv-3:80,212.195
roundrobin,174,srv-3:80,206.256
roundrobin,174,srv-3:80,100.369
roundrobin,174,srv-3:80,0.047
roundrobin,174,srv-3:80,0.042
roundrobin,174,srv-4:80,178.381
roundrobin,174,srv-4:80,205.192
roundrobin,174,srv-4:80,203.102
roundrobin,174,srv-4:80,206.124
roundrobin,174,srv-4:80,209.280
roundrobin,174,srv-4:80,208.902
roundrobin,174,srv-4:80,208.774
roundrobin,174,srv-4:80,209.362
roundrobin,174,srv-4:80,205.736
roundrobin,174,srv-4:80,206.660
roundrobin,174,srv-4:80,206.062
roundrobin,174,srv-4:80,204.730
roundrobin,174,srv-4:80,210.580
roundrobin,174,srv-4:80,210.758
roundrobin,174,srv-4:80,207.973
roundrobin,174,srv-4:80,212.418
roundrobin,174,srv-4:80,208.001
roundrobin,174,srv-4:80,206.137
roundrobin,174,srv-4:80,208.927
roundrobin,174,srv-4:80,206.953
roundrobin,174,srv-4:80,205.458
roundrobin,174,srv-4:80,204.373
roundrobin,174,srv-4:80,209.052
roundrobin,174,srv-4:80,210.996
roundrobin,174,srv-4:80,214.824
roundrobin,174,srv-4:80,214.342
roundrobin,174,srv-4:80,210.567
roundrobin,174,srv-4:80,208.842
roundrobin,174,srv-4:80,205.412
roundrobin,174,srv-4:80,204.852
roundrobin,174,srv-4:80,204.208
roundrobin,174,srv-4:80,205.270
roundrobin,174,srv-4:80,206.158
roundrobin,174,srv-4:80,203.188
roundrobin,174,srv-4:80,208.274
roundrobin,174,srv-4:80,214.012
roundrobin,174,srv-4:80,207.876
roundrobin,174,srv-4:80,201.725
roundrobin,174,srv-4:80,200.842
roundrobin,174,srv-4:80,200.789
roundrobin,174,srv-4:80,202.652
roundrobin,174,srv-4:80,209.822
roundrobin,174,srv-4:80,209.513
roundrobin,174,srv-4:80,202.784
roundrobin,174,srv-4:80,204.218
roundrobin,174,srv-4:80,202.448
roundrobin,174,srv-4:80,202.316
roundrobin,174,srv-4:80,209.601
roundrobin,174,srv-4:80,207.851
roundrobin,174,srv-4:80,207.136
roundrobin,174,srv-4:80,205.348
roundrobin,174,srv-4:80,203.480
roundrobin,174,srv-4:80,205.313
roundrobin,174,srv-4:80,208.590
roundrobin,174,srv-4:80,209.683
roundrobin,174,srv-4:80,205.460
roundrobin,174,srv-4:80,202.087
roundrobin,174,srv-4:80,205.271
roundrobin,174,srv-4:80,209.084
roundrobin,174,srv-4:80,135.405
roundrobin,174,srv-4:80,31.321
roundrobin,174,srv-4:80,0.036
roundrobin,174,srv-5:80,167.505
roundrobin,174,srv-5:80,233.522
roundrobin,174,srv-5:80,252.333
roundrobin,174,srv-5:80,224.445
roundrobin,174,srv-5:80,202.341
roundrobin,174,srv-5:80,226.519
roundrobin,174,srv-5:80,232.016
roundrobin,174,srv-5:80,228.714
roundrobin,174,srv-5:80,275.895
roundrobin,174,srv-5:80,227.453
roundrobin,174,srv-5:80,188.573
roundrobin,174,srv-5:80,237.157
roundrobin,174,srv-5:80,279.042
roundrobin,174,srv-5:80,226.921
roundrobin,174,srv-5:80,199.593
roundrobin,174,srv-5:80,224.871
roundrobin,174,srv-5:80,222.441
roundrobin,174,srv-5:80,228.411
roundrobin,174,srv-5:80,254.668
roundrobin,174,srv-5:80,229.801
roundrobin,174,srv-5:80,198.182
roundrobin,174,srv-5:80,222.756
roundrobin,174,srv-5:80,224.394
roundrobin,174,srv-5:80,225.266
roundrobin,174,srv-5:80,230.071
roundrobin,174,srv-5:80,226.123
roundrobin,174,srv-5:80,231.588
roundrobin,174,srv-5:80,224.161
roundrobin,174,srv-5:80,223.304
roundrobin,174,srv-5:80,207.105
roundrobin,174,srv-5:80,229.416
roundrobin,174,srv-5:80,231.808
roundrobin,174,srv-5:80,230.878
roundrobin,174,srv-5:80,275.389
roundrobin,174,srv-5:80,224.822
roundrobin,174,srv-5:80,219.057
roundrobin,174,srv-5:80,228.474
roundrobin,174,srv-5:80,192.648
roundrobin,174,srv-5:80,230.506
roundrobin,174,srv-5:80,242.716
roundrobin,174,srv-5:80,227.068
roundrobin,174,srv-5:80,222.569
roundrobin,174,srv-5:80,236.799
roundrobin,174,srv-5:80,238.752
roundrobin,174,srv-5:80,236.966
roundrobin,174,srv-5:80,239.351
roundrobin,174,srv-5:80,228.175
roundrobin,174,srv-5:80,249.017
roundrobin,174,srv-5:80,230.493
roundrobin,174,srv-5:80,216.706
roundrobin,174,srv-5:80,227.412
roundrobin,174,srv-5:80,223.029
roundrobin,174,srv-5:80,228.560
roundrobin,174,srv-5:80,231.788
roundrobin,174,srv-5:80,210.374
roundrobin,174,srv-5:80,232.387
roundrobin,174,srv-5:80,227.532
roundrobin,174,srv-5:80,233.936
roundrobin,174,srv-5:80,225.890
roundrobin,174,srv-5:80,159.078
roundrobin,174,srv-5:80,72.696
roundrobin,174,srv-5:80,0.058
roundrobin,174,srv-6:80,201.253
roundrobin,174,srv-6:80,231.229
roundrobin,174,srv-6:80,231.420
roundrobin,174,srv-6:80,224.603
roundrobin,174,srv-6:80,227.158
roundrobin,174,srv-6:80,229.243
roundrobin,174,srv-6:80,294.082
roundrobin,174,srv-6:80,228.872
roundrobin,174,srv-6:80,161.068
roundrobin,174,srv-6:80,226.714
roundrobin,174,srv-6:80,238.681
roundrobin,174,srv-6:80,215.320
roundrobin,174,srv-6:80,226.980
roundrobin,174,srv-6:80,222.283
roundrobin,174,srv-6:80,227.332
roundrobin,174,srv-6:80,224.589
roundrobin,174,srv-6:80,227.130
roundrobin,174,srv-6:80,223.582
roundrobin,174,srv-6:80,230.147
roundrobin,174,srv-6:80,229.782
roundrobin,174,srv-6:80,225.775
roundrobin,174,srv-6:80,228.859
roundrobin,174,srv-6:80,229.290
roundrobin,174,srv-6:80,268.506
roundrobin,174,srv-6:80,228.998
roundrobin,174,srv-6:80,195.552
roundrobin,174,srv-6:80,231.640
roundrobin,174,srv-6:80,231.793
roundrobin,174,srv-6:80,230.941
roundrobin,174,srv-6:80,232.232
roundrobin,174,srv-6:80,232.089
roundrobin,174,srv-6:80,268.136
roundrobin,174,srv-6:80,227.823
roundrobin,174,srv-6:80,198.407
roundrobin,174,srv-6:80,230.164
roundrobin,174,srv-6:80,228.453
roundrobin,174,srv-6:80,224.831
roundrobin,174,srv-6:80,226.445
roundrobin,174,srv-6:80,219.624
roundrobin,174,srv-6:80,224.826
roundrobin,174,srv-6:80,226.327
roundrobin,174,srv-6:80,225.740
roundrobin,174,srv-6:80,235.969
roundrobin,174,srv-6:80,225.840
roundrobin,174,srv-6:80,199.725
roundrobin,174,srv-6:80,228.232
roundrobin,174,srv-6:80,220.864
roundrobin,174,srv-6:80,230.882
roundrobin,174,srv-6:80,228.841
roundrobin,174,srv-6:80,229.092
roundrobin,174,srv-6:80,234.175
roundrobin,174,srv-6:80,225.889
roundrobin,174,srv-6:80,242.455
roundrobin,174,srv-6:80,233.824
roundrobin,174,srv-6:80,217.662
roundrobin,174,srv-6:80,232.979
roundrobin,174,srv-6:80,258.180
roundrobin,174,srv-6:80,225.863
roundrobin,174,srv-6:80,178.754
roundrobin,174,srv-6:80,69.275
roundrobin,174,srv-6:80,0.048
roundrobin,174,srv-6:80,0.077
roundrobin,174,srv-7:80,169.216
roundrobin,174,srv-7:80,196.030
roundrobin,174,srv-7:80,246.727
roundrobin,174,srv-7:80,184.162
roundrobin,174,srv-7:80,214.227
roundrobin,174,srv-7:80,261.701
roundrobin,174,srv-7:80,167.887
roundrobin,174,srv-7:80,196.050
roundrobin,174,srv-7:80,222.577
roundrobin,174,srv-7:80,239.402
roundrobin,174,srv-7:80,280.721
roundrobin,174,srv-7:80,225.486
roundrobin,174,srv-7:80,243.612
roundrobin,174,srv-7:80,220.151
roundrobin,174,srv-7:80,166.867
roundrobin,174,srv-7:80,247.180
roundrobin,174,srv-7:80,228.544
roundrobin,174,srv-7:80,189.000
roundrobin,174,srv-7:80,223.710
roundrobin,174,srv-7:80,210.892
roundrobin,174,srv-7:80,221.057
roundrobin,174,srv-7:80,214.214
roundrobin,174,srv-7:80,226.904
roundrobin,174,srv-7:80,219.512
roundrobin,174,srv-7:80,227.136
roundrobin,174,srv-7:80,220.283
roundrobin,174,srv-7:80,224.686
roundrobin,174,srv-7:80,216.815
roundrobin,174,srv-7:80,224.113
roundrobin,174,srv-7:80,220.789
roundrobin,174,srv-7:80,226.650
roundrobin,174,srv-7:80,224.903
roundrobin,174,srv-7:80,226.418
roundrobin,174,srv-7:80,226.400
roundrobin,174,srv-7:80,225.525
roundrobin,174,srv-7:80,223.286
roundrobin,174,srv-7:80,79.281
roundrobin,174,srv-7:80,319.925
roundrobin,174,srv-7:80,96.447
roundrobin,174,srv-7:80,135.453
roundrobin,174,srv-7:80,224.243
roundrobin,174,srv-7:80,223.441
roundrobin,174,srv-7:80,226.162
roundrobin,174,srv-7:80,261.678
roundrobin,174,srv-7:80,208.802
roundrobin,174,srv-7:80,234.528
roundrobin,174,srv-7:80,210.117
roundrobin,174,srv-7:80,172.247
roundrobin,174,srv-7:80,214.090
roundrobin,174,srv-7:80,266.588
roundrobin,174,srv-7:80,218.364
roundrobin,174,srv-7:80,187.821
roundrobin,174,srv-7:80,221.892
roundrobin,174,srv-7:80,247.853
roundrobin,174,srv-7:80,207.539
roundrobin,174,srv-7:80,202.867
roundrobin,174,srv-7:80,217.217
roundrobin,174,srv-7:80,235.948
roundrobin,174,srv-7:80,291.351
roundrobin,174,srv-7:80,160.650
roundrobin,174,srv-7:80,29.016
roundrobin,174,srv-7:80,0.055
roundrobin,174,srv-8:80,182.638
roundrobin,174,srv-8:80,209.585
roundrobin,174,srv-8:80,238.645
roundrobin,174,srv-8:80,213.653
roundrobin,174,srv-8:80,233.159
roundrobin,174,srv-8:80,193.876
roundrobin,174,srv-8:80,215.368
roundrobin,174,srv-8:80,228.669
roundrobin,174,srv-8:80,227.732
roundrobin,174,srv-8:80,221.243
roundrobin,174,srv-8:80,223.697
roundrobin,174,srv-8:80,227.371
roundrobin,174,srv-8:80,228.159
roundrobin,174,srv-8:80,228.084
roundrobin,174,srv-8:80,223.261
roundrobin,174,srv-8:80,225.053
roundrobin,174,srv-8:80,218.235
roundrobin,174,srv-8:80,223.672
roundrobin,174,srv-8:80,216.922
roundrobin,174,srv-8:80,272.807
roundrobin,174,srv-8:80,197.822
roundrobin,174,srv-8:80,183.980
roundrobin,174,srv-8:80,229.262
roundrobin,174,srv-8:80,225.542
roundrobin,174,srv-8:80,214.947
roundrobin,174,srv-8:80,243.388
roundrobin,174,srv-8:80,223.251
roundrobin,174,srv-8:80,211.337
roundrobin,174,srv-8:80,211.233
roundrobin,174,srv-8:80,222.616
roundrobin,174,srv-8:80,266.117
roundrobin,174,srv-8:80,142.967
roundrobin,174,srv-8:80,284.495
roundrobin,174,srv-8:80,89.539
roundrobin,174,srv-8:80,138.035
roundrobin,174,srv-8:80,226.960
roundrobin,174,srv-8:80,225.338
roundrobin,174,srv-8:80,217.471
roundrobin,174,srv-8:80,230.375
roundrobin,174,srv-8:80,230.523
roundrobin,174,srv-8:80,216.150
roundrobin,174,srv-8:80,198.548
roundrobin,174,srv-8:80,225.591
roundrobin,174,srv-8:80,214.750
roundrobin,174,srv-8:80,228.917
roundrobin,174,srv-8:80,217.407
roundrobin,174,srv-8:80,251.895
roundrobin,174,srv-8:80,213.467
roundrobin,174,srv-8:80,252.785
roundrobin,174,srv-8:80,211.896
roundrobin,174,srv-8:80,186.304
roundrobin,174,srv-8:80,240.527
roundrobin,174,srv-8:80,222.987
roundrobin,174,srv-8:80,238.867
roundrobin,174,srv-8:80,209.161
roundrobin,174,srv-8:80,264.674
roundrobin,174,srv-8:80,213.145
roundrobin,174,srv-8:80,189.965
roundrobin,174,srv-8:80,219.920
roundrobin,174,srv-8:80,152.733
roundrobin,174,srv-8:80,58.919
roundrobin,174,srv-8:80,0.041
roundrobin,174,srv-9:80,123.627
roundrobin,174,srv-9:80,137.587
roundrobin,174,srv-9:80,131.902
roundrobin,174,srv-9:80,144.544
roundrobin,174,srv-9:80,88.244
roundrobin,174,srv-9:80,35.774
roundrobin,174,srv-9:80,94.499
roundrobin,174,srv-9:80,138.865
roundrobin,174,srv-9:80,150.554
roundrobin,174,srv-9:80,151.395
roundrobin,174,srv-9:80,139.767
roundrobin,174,srv-9:80,82.252
roundrobin,174,srv-9:80,11.396
roundrobin,174,srv-9:80,81.357
roundrobin,174,srv-9:80,138.691
roundrobin,174,srv-9:80,132.013
roundrobin,174,srv-9:80,134.319
roundrobin,174,srv-9:80,130.146
roundrobin,174,srv-9:80,134.538
roundrobin,174,srv-9:80,148.020
roundrobin,174,srv-9:80,146.894
roundrobin,174,srv-9:80,134.725
roundrobin,174,srv-9:80,130.490
roundrobin,174,srv-9:80,132.678
roundrobin,174,srv-9:80,135.027
roundrobin,174,srv-9:80,194.501
roundrobin,174,srv-9:80,158.478
roundrobin,174,srv-9:80,89.039
roundrobin,174,srv-9:80,131.778
roundrobin,174,srv-9:80,155.094
roundrobin,174,srv-9:80,172.918
roundrobin,174,srv-9:80,134.785
roundrobin,174,srv-9:80,108.940
roundrobin,174,srv-9:80,132.325
roundrobin,174,srv-9:80,127.359
roundrobin,174,srv-9:80,137.264
roundrobin,174,srv-9:80,140.960
roundrobin,174,srv-9:80,129.713
roundrobin,174,srv-9:80,150.097
roundrobin,174,srv-9:80,143.982
roundrobin,174,srv-9:80,133.786
roundrobin,174,srv-9:80,144.556
roundrobin,174,srv-9:80,140.472
roundrobin,174,srv-9:80,177.336
roundrobin,174,srv-9:80,145.418
roundrobin,174,srv-9:80,115.376
roundrobin,174,srv-9:80,144.602
roundrobin,174,srv-9:80,139.816
roundrobin,174,srv-9:80,81.771
roundrobin,174,srv-9:80,196.749
roundrobin,174,srv-9:80,53.378
roundrobin,174,srv-9:80,40.777
roundrobin,174,srv-9:80,5.313
prequal,30,srv-10:80,3.877
prequal,30,srv-10:80,3.731
prequal,30,srv-10:80,3.142
prequal,30,srv-10:80,3.203
prequal,30,srv-10:80,3.220
prequal,30,srv-10:80,3.017
prequal,30,srv-10:80,2.587
prequal,30,srv-10:80,2.620
prequal,30,srv-10:80,2.618
prequal,30,srv-10:80,2.583
prequal,30,srv-10:80,2.608
prequal,30,srv-10:80,2.802
prequal,30,srv-10:80,3.017
prequal,30,srv-10:80,3.016
prequal,30,srv-10:80,3.070
prequal,30,srv-10:80,2.806
prequal,30,srv-10:80,2.607
prequal,30,srv-10:80,2.447
prequal,30,srv-10:80,2.540
prequal,30,srv-10:80,2.880
prequal,30,srv-10:80,3.113
prequal,30,srv-10:80,3.035
prequal,30,srv-10:80,2.712
prequal,30,srv-10:80,2.613
prequal,30,srv-10:80,2.596
prequal,30,srv-10:80,2.677
prequal,30,srv-10:80,2.695
prequal,30,srv-10:80,2.733
prequal,30,srv-10:80,3.801
prequal,30,srv-10:80,3.783
prequal,30,srv-10:80,2.873
prequal,30,srv-10:80,3.028
prequal,30,srv-10:80,2.772
prequal,30,srv-10:80,2.550
prequal,30,srv-10:80,2.625
prequal,30,srv-10:80,2.707
prequal,30,srv-10:80,2.842
prequal,30,srv-10:80,2.631
prequal,30,srv-10:80,2.535
prequal,30,srv-10:80,2.685
prequal,30,srv-10:80,2.949
prequal,30,srv-10:80,3.044
prequal,30,srv-10:80,2.673
prequal,30,srv-10:80,3.287
prequal,30,srv-10:80,3.420
prequal,30,srv-10:80,2.594
prequal,30,srv-10:80,2.483
prequal,30,srv-10:80,2.466
prequal,30,srv-10:80,2.640
prequal,30,srv-10:80,2.823
prequal,30,srv-10:80,3.136
prequal,30,srv-10:80,3.296
prequal,30,srv-10:80,2.944
prequal,30,srv-10:80,2.736
prequal,30,srv-10:80,2.846
prequal,30,srv-10:80,6.158
prequal,30,srv-10:80,7.659
prequal,30,srv-10:80,18.081
prequal,30,srv-10:80,25.911
prequal,30,srv-1:80,74.097
prequal,30,srv-1:80,67.042
prequal,30,srv-1:80,62.918
prequal,30,srv-1:80,68.076
prequal,30,srv-1:80,62.399
prequal,30,srv-1:80,67.692
prequal,30,srv-1:80,75.217
prequal,30,srv-1:80,72.779
prequal,30,srv-1:80,69.460
prequal,30,srv-1:80,68.365
prequal,30,srv-1:80,71.786
prequal,30,srv-1:80,73.510
prequal,30,srv-1:80,73.512
prequal,30,srv-1:80,72.312
prequal,30,srv-1:80,73.633
prequal,30,srv-1:80,71.337
prequal,30,srv-1:80,60.819
prequal,30,srv-1:80,58.668
prequal,30,srv-1:80,66.134
prequal,30,srv-1:80,64.303
prequal,30,srv-1:80,65.446
prequal,30,srv-1:80,67.494
prequal,30,srv-1:80,72.070
prequal,30,srv-1:80,78.003
prequal,30,srv-1:80,73.379
prequal,30,srv-1:80,56.170
prequal,30,srv-1:80,42.842
prequal,30,srv-1:80,52.754
prequal,30,srv-1:80,67.483
prequal,30,srv-1:80,72.713
prequal,30,srv-1:80,74.143
prequal,30,srv-1:80,70.636
prequal,30,srv-1:80,62.687
prequal,30,srv-1:80,67.440
prequal,30,srv-1:80,74.293
prequal,30,srv-1:80,73.414
prequal,30,srv-1:80,64.638
prequal,30,srv-1:80,58.048
prequal,30,srv-1:80,64.986
prequal,30,srv-1:80,66.709
prequal,30,srv-1:80,53.818
prequal,30,srv-1:80,56.772
prequal,30,srv-1:80,71.647
prequal,30,srv-1:80,74.577
prequal,30,srv-1:80,71.531
prequal,30,srv-1:80,70.555
prequal,30,srv-1:80,68.980
prequal,30,srv-1:80,68.068
prequal,30,srv-1:80,63.818
prequal,30,srv-1:80,63.182
prequal,30,srv-1:80,66.995
prequal,30,srv-1:80,57.061
prequal,30,srv-1:80,50.749
prequal,30,srv-1:80,45.055
prequal,30,srv-1:80,41.489
prequal,30,srv-1:80,52.889
prequal,30,srv-1:80,65.316
prequal,30,srv-1:80,74.318
prequal,30,srv-1:80,72.145
prequal,30,srv-2:80,71.643
prequal,30,srv-2:80,74.385
prequal,30,srv-2:80,72.102
prequal,30,srv-2:80,70.429
prequal,30,srv-2:80,75.779
prequal,30,srv-2:80,70.252
prequal,30,srv-2:80,67.935
prequal,30,srv-2:80,74.610
prequal,30,srv-2:80,76.113
prequal,30,srv-2:80,77.062
prequal,30,srv-2:80,71.867
prequal,30,srv-2:80,71.391
prequal,30,srv-2:80,75.368
prequal,30,srv-2:80,74.375
prequal,30,srv-2:80,73.799
prequal,30,srv-2:80,76.253
prequal,30,srv-2:80,77.248
prequal,30,srv-2:80,69.737
prequal,30,srv-2:80,57.582
prequal,30,srv-2:80,56.023
prequal,30,srv-2:80,67.064
prequal,30,srv-2:80,68.460
prequal,30,srv-2:80,65.553
prequal,30,srv-2:80,70.072
prequal,30,srv-2:80,73.575
prequal,30,srv-2:80,69.811
prequal,30,srv-2:80,63.455
prequal,30,srv-2:80,65.386
prequal,30,srv-2:80,63.410
prequal,30,srv-2:80,62.614
prequal,30,srv-2:80,70.581
prequal,30,srv-2:80,76.552
prequal,30,srv-2:80,71.279
prequal,30,srv-2:80,70.908
prequal,30,srv-2:80,73.852
prequal,30,srv-2:80,72.719
prequal,30,srv-2:80,71.359
prequal,30,srv-2:80,60.452
prequal,30,srv-2:80,47.830
prequal,30,srv-2:80,55.025
prequal,30,srv-2:80,68.155
prequal,30,srv-2:80,72.056
prequal,30,srv-2:80,61.881
prequal,30,srv-2:80,56.636
prequal,30,srv-2:80,48.187
prequal,30,srv-2:80,52.307
prequal,30,srv-2:80,71.298
prequal,30,srv-2:80,73.422
prequal,30,srv-2:80,78.069
prequal,30,srv-2:80,74.955
prequal,30,srv-2:80,76.536
prequal,30,srv-2:80,71.533
prequal,30,srv-2:80,64.944
prequal,30,srv-2:80,69.106
prequal,30,srv-2:80,71.630
prequal,30,srv-2:80,70.185
prequal,30,srv-2:80,67.624
prequal,30,srv-2:80,68.659
prequal,30,srv-2:80,62.483
prequal,30,srv-3:80,72.444
prequal,30,srv-3:80,67.815
prequal,30,srv-3:80,71.376
prequal,30,srv-3:80,57.657
prequal,30,srv-3:80,55.240
prequal,30,srv-3:80,71.479
prequal,30,srv-3:80,65.519
prequal,30,srv-3:80,66.270
prequal,30,srv-3:80,73.043
prequal,30,srv-3:80,73.997
prequal,30,srv-3:80,73.099
prequal,30,srv-3:80,72.792
prequal,30,srv-3:80,66.330
prequal,30,srv-3:80,61.019
prequal,30,srv-3:80,69.360
prequal,30,srv-3:80,73.043
prequal,30,srv-3:80,74.744
prequal,30,srv-3:80,66.959
prequal,30,srv-3:80,67.077
prequal,30,srv-3:80,73.901
prequal,30,srv-3:80,74.684
prequal,30,srv-3:80,78.775
prequal,30,srv-3:80,79.192
prequal,30,srv-3:80,70.944
prequal,30,srv-3:80,67.181
prequal,30,srv-3:80,68.420
prequal,30,srv-3:80,70.547
prequal,30,srv-3:80,67.894
prequal,30,srv-3:80,68.047
prequal,30,srv-3:80,76.617
prequal,30,srv-3:80,75.359
prequal,30,srv-3:80,76.480
prequal,30,srv-3:80,76.723
prequal,30,srv-3:80,69.144
prequal,30,srv-3:80,68.234
prequal,30,srv-3:80,63.388
prequal,30,srv-3:80,65.337
prequal,30,srv-3:80,75.707
prequal,30,srv-3:80,72.830
prequal,30,srv-3:80,69.844
prequal,30,srv-3:80,69.380
prequal,30,srv-3:80,67.051
prequal,30,srv-3:80,65.895
prequal,30,srv-3:80,70.131
prequal,30,srv-3:80,75.924
prequal,30,srv-3:80,77.120
prequal,30,srv-3:80,74.416
prequal,30,srv-3:80,67.583
prequal,30,srv-3:80,70.859
prequal,30,srv-3:80,76.317
prequal,30,srv-3:80,72.820
prequal,30,srv-3:80,68.704
prequal,30,srv-3:80,68.728
prequal,30,srv-3:80,60.572
prequal,30,srv-3:80,62.606
prequal,30,srv-3:80,75.431
prequal,30,srv-3:80,69.591
prequal,30,srv-3:80,66.062
prequal,30,srv-3:80,51.577
prequal,30,srv-4:80,47.940
prequal,30,srv-4:80,51.256
prequal,30,srv-4:80,68.469
prequal,30,srv-4:80,75.802
prequal,30,srv-4:80,70.116
prequal,30,srv-4:80,66.871
prequal,30,srv-4:80,46.646
prequal,30,srv-4:80,28.905
prequal,30,srv-4:80,53.422
prequal,30,srv-4:80,73.772
prequal,30,srv-4:80,72.720
prequal,30,srv-4:80,69.239
prequal,30,srv-4:80,72.089
prequal,30,srv-4:80,68.188
prequal,30,srv-4:80,45.321
prequal,30,srv-4:80,34.624
prequal,30,srv-4:80,54.652
prequal,30,srv-4:80,51.868
prequal,30,srv-4:80,54.003
prequal,30,srv-4:80,75.636
prequal,30,srv-4:80,67.863
prequal,30,srv-4:80,67.629
prequal,30,srv-4:80,69.081
prequal,30,srv-4:80,64.717
prequal,30,srv-4:80,70.267
prequal,30,srv-4:80,75.287
prequal,30,srv-4:80,73.312
prequal,30,srv-4:80,67.262
prequal,30,srv-4:80,68.959
prequal,30,srv-4:80,67.854
prequal,30,srv-4:80,59.710
prequal,30,srv-4:80,57.271
prequal,30,srv-4:80,66.846
prequal,30,srv-4:80,69.511
prequal,30,srv-4:80,66.270
prequal,30,srv-4:80,56.489
prequal,30,srv-4:80,56.286
prequal,30,srv-4:80,67.114
prequal,30,srv-4:80,65.040
prequal,30,srv-4:80,70.865
prequal,30,srv-4:80,71.867
prequal,30,srv-4:80,62.950
prequal,30,srv-4:80,55.361
prequal,30,srv-4:80,53.687
prequal,30,srv-4:80,64.712
prequal,30,srv-4:80,69.293
prequal,30,srv-4:80,53.193
prequal,30,srv-4:80,55.252
prequal,30,srv-4:80,70.876
prequal,30,srv-4:80,58.863
prequal,30,srv-4:80,52.599
prequal,30,srv-4:80,61.293
prequal,30,srv-4:80,60.740
prequal,30,srv-4:80,68.094
prequal,30,srv-4:80,68.960
prequal,30,srv-4:80,66.814
prequal,30,srv-4:80,73.378
prequal,30,srv-4:80,74.932
prequal,30,srv-4:80,67.695
prequal,30,srv-5:80,68.205
prequal,30,srv-5:80,68.579
prequal,30,srv-5:80,49.244
prequal,30,srv-5:80,33.769
prequal,30,srv-5:80,32.704
prequal,30,srv-5:80,31.206
prequal,30,srv-5:80,51.785
prequal,30,srv-5:80,68.393
prequal,30,srv-5:80,50.749
prequal,30,srv-5:80,26.130
prequal,30,srv-5:80,22.759
prequal,30,srv-5:80,26.595
prequal,30,srv-5:80,31.825
prequal,30,srv-5:80,36.654
prequal,30,srv-5:80,42.920
prequal,30,srv-5:80,51.104
prequal,30,srv-5:80,59.102
prequal,30,srv-5:80,69.570
prequal,30,srv-5:80,71.559
prequal,30,srv-5:80,67.296
prequal,30,srv-5:80,68.365
prequal,30,srv-5:80,43.780
prequal,30,srv-5:80,34.175
prequal,30,srv-5:80,26.972
prequal,30,srv-5:80,12.116
prequal,30,srv-5:80,27.925
prequal,30,srv-5:80,38.477
prequal,30,srv-5:80,30.671
prequal,30,srv-5:80,34.828
prequal,30,srv-5:80,29.516
prequal,30,srv-5:80,24.327
prequal,30,srv-5:80,21.971
prequal,30,srv-5:80,33.391
prequal,30,srv-5:80,43.563
prequal,30,srv-5:80,38.416
prequal,30,srv-5:80,58.946
prequal,30,srv-5:80,61.294
prequal,30,srv-5:80,41.013
prequal,30,srv-5:80,43.297
prequal,30,srv-5:80,47.311
prequal,30,srv-5:80,47.665
prequal,30,srv-5:80,39.972
prequal,30,srv-5:80,36.369
prequal,30,srv-5:80,32.724
prequal,30,srv-5:80,31.862
prequal,30,srv-5:80,42.322
prequal,30,srv-5:80,49.484
prequal,30,srv-5:80,45.053
prequal,30,srv-5:80,30.349
prequal,30,srv-5:80,48.051
prequal,30,srv-5:80,43.589
prequal,30,srv-5:80,35.739
prequal,30,srv-5:80,48.913
prequal,30,srv-5:80,48.480
prequal,30,srv-5:80,50.844
prequal,30,srv-5:80,49.687
prequal,30,srv-5:80,31.376
prequal,30,srv-5:80,30.477
prequal,30,srv-5:80,23.012
prequal,30,srv-6:80,13.030
prequal,30,srv-6:80,24.439
prequal,30,srv-6:80,32.910
prequal,30,srv-6:80,49.554
prequal,30,srv-6:80,64.404
prequal,30,srv-6:80,58.615
prequal,30,srv-6:80,48.547
prequal,30,srv-6:80,50.100
prequal,30,srv-6:80,44.426
prequal,30,srv-6:80,36.049
prequal,30,srv-6:80,39.445
prequal,30,srv-6:80,50.812
prequal,30,srv-6:80,43.719
prequal,30,srv-6:80,45.461
prequal,30,srv-6:80,60.700
prequal,30,srv-6:80,65.864
prequal,30,srv-6:80,47.548
prequal,30,srv-6:80,35.145
prequal,30,srv-6:80,47.000
prequal,30,srv-6:80,31.443
prequal,30,srv-6:80,19.735
prequal,30,srv-6:80,39.718
prequal,30,srv-6:80,43.584
prequal,30,srv-6:80,19.986
prequal,30,srv-6:80,28.861
prequal,30,srv-6:80,56.809
prequal,30,srv-6:80,62.408
prequal,30,srv-6:80,68.867
prequal,30,srv-6:80,59.634
prequal,30,srv-6:80,36.349
prequal,30,srv-6:80,43.943
prequal,30,srv-6:80,47.749
prequal,30,srv-6:80,33.856
prequal,30,srv-6:80,29.013
prequal,30,srv-6:80,42.196
prequal,30,srv-6:80,36.850
prequal,30,srv-6:80,32.635
prequal,30,srv-6:80,58.626
prequal,30,srv-6:80,64.066
prequal,30,srv-6:80,50.512
prequal,30,srv-6:80,53.157
prequal,30,srv-6:80,51.940
prequal,30,srv-6:80,54.075
prequal,30,srv-6:80,66.452
prequal,30,srv-6:80,54.348
prequal,30,srv-6:80,34.480
prequal,30,srv-6:80,43.496
prequal,30,srv-6:80,45.551
prequal,30,srv-6:80,54.147
prequal,30,srv-6:80,53.068
prequal,30,srv-6:80,50.077
prequal,30,srv-6:80,63.335
prequal,30,srv-6:80,60.726
prequal,30,srv-6:80,62.926
prequal,30,srv-6:80,70.398
prequal,30,srv-6:80,52.043
prequal,30,srv-6:80,46.253
prequal,30,srv-6:80,39.911
prequal,30,srv-6:80,26.799
prequal,30,srv-7:80,3.029
prequal,30,srv-7:80,2.804
prequal,30,srv-7:80,2.465
prequal,30,srv-7:80,2.492
prequal,30,srv-7:80,2.527
prequal,30,srv-7:80,2.790
prequal,30,srv-7:80,2.806
prequal,30,srv-7:80,2.593
prequal,30,srv-7:80,2.737
prequal,30,srv-7:80,2.677
prequal,30,srv-7:80,2.585
prequal,30,srv-7:80,2.584
prequal,30,srv-7:80,2.535
prequal,30,srv-7:80,2.511
prequal,30,srv-7:80,2.469
prequal,30,srv-7:80,2.764
prequal,30,srv-7:80,2.860
prequal,30,srv-7:80,2.664
prequal,30,srv-7:80,2.727
prequal,30,srv-7:80,2.544
prequal,30,srv-7:80,2.629
prequal,30,srv-7:80,2.719
prequal,30,srv-7:80,2.627
prequal,30,srv-7:80,2.687
prequal,30,srv-7:80,2.460
prequal,30,srv-7:80,2.313
prequal,30,srv-7:80,2.509
prequal,30,srv-7:80,2.519
prequal,30,srv-7:80,3.054
prequal,30,srv-7:80,3.149
prequal,30,srv-7:80,2.646
prequal,30,srv-7:80,2.566
prequal,30,srv-7:80,2.671
prequal,30,srv-7:80,2.807
prequal,30,srv-7:80,2.623
prequal,30,srv-7:80,2.505
prequal,30,srv-7:80,2.383
prequal,30,srv-7:80,2.482
prequal,30,srv-7:80,2.496
prequal,30,srv-7:80,2.360
prequal,30,srv-7:80,2.311
prequal,30,srv-7:80,2.417
prequal,30,srv-7:80,2.539
prequal,30,srv-7:80,2.694
prequal,30,srv-7:80,2.622
prequal,30,srv-7:80,2.641
prequal,30,srv-7:80,2.798
prequal,30,srv-7:80,2.840
prequal,30,srv-7:80,2.650
prequal,30,srv-7:80,2.436
prequal,30,srv-7:80,2.482
prequal,30,srv-7:80,2.773
prequal,30,srv-7:80,2.746
prequal,30,srv-7:80,2.456
prequal,30,srv-7:80,2.603
prequal,30,srv-7:80,2.879
prequal,30,srv-7:80,2.964
prequal,30,srv-7:80,2.980
prequal,30,srv-7:80,2.774
prequal,30,srv-8:80,17.172
prequal,30,srv-8:80,6.436
prequal,30,srv-8:80,5.318
prequal,30,srv-8:80,5.623
prequal,30,srv-8:80,5.534
prequal,30,srv-8:80,4.566
prequal,30,srv-8:80,3.947
prequal,30,srv-8:80,4.468
prequal,30,srv-8:80,5.357
prequal,30,srv-8:80,5.345
prequal,30,srv-8:80,5.028
prequal,30,srv-8:80,5.043
prequal,30,srv-8:80,5.424
prequal,30,srv-8:80,5.000
prequal,30,srv-8:80,5.041
prequal,30,srv-8:80,5.027
prequal,30,srv-8:80,4.567
prequal,30,srv-8:80,4.577
prequal,30,srv-8:80,4.850
prequal,30,srv-8:80,5.360
prequal,30,srv-8:80,5.358
prequal,30,srv-8:80,5.546
prequal,30,srv-8:80,17.336
prequal,30,srv-8:80,36.465
prequal,30,srv-8:80,30.406
prequal,30,srv-8:80,10.931
prequal,30,srv-8:80,4.694
prequal,30,srv-8:80,4.119
prequal,30,srv-8:80,14.176
prequal,30,srv-8:80,22.227
prequal,30,srv-8:80,13.089
prequal,30,srv-8:80,27.656
prequal,30,srv-8:80,29.974
prequal,30,srv-8:80,7.916
prequal,30,srv-8:80,5.625
prequal,30,srv-8:80,5.370
prequal,30,srv-8:80,5.465
prequal,30,srv-8:80,5.005
prequal,30,srv-8:80,4.389
prequal,30,srv-8:80,4.268
prequal,30,srv-8:80,4.276
prequal,30,srv-8:80,4.595
prequal,30,srv-8:80,4.800
prequal,30,srv-8:80,14.356
prequal,30,srv-8:80,33.338
prequal,30,srv-8:80,24.441
prequal,30,srv-8:80,5.851
prequal,30,srv-8:80,6.903
prequal,30,srv-8:80,5.919
prequal,30,srv-8:80,4.416
prequal,30,srv-8:80,4.933
prequal,30,srv-8:80,4.591
prequal,30,srv-8:80,4.173
prequal,30,srv-8:80,5.049
prequal,30,srv-8:80,5.553
prequal,30,srv-8:80,4.205
prequal,30,srv-8:80,3.428
prequal,30,srv-8:80,3.799
prequal,30,srv-8:80,2.961
prequal,30,srv-9:80,3.404
prequal,30,srv-9:80,2.947
prequal,30,srv-9:80,2.606
prequal,30,srv-9:80,2.710
prequal,30,srv-9:80,2.728
prequal,30,srv-9:80,2.552
prequal,30,srv-9:80,2.717
prequal,30,srv-9:80,3.053
prequal,30,srv-9:80,2.840
prequal,30,srv-9:80,2.572
prequal,30,srv-9:80,2.569
prequal,30,srv-9:80,2.570
prequal,30,srv-9:80,2.532
prequal,30,srv-9:80,2.546
prequal,30,srv-9:80,2.501
prequal,30,srv-9:80,2.579
prequal,30,srv-9:80,2.789
prequal,30,srv-9:80,2.667
prequal,30,srv-9:80,2.663
prequal,30,srv-9:80,2.708
prequal,30,srv-9:80,3.138
prequal,30,srv-9:80,3.247
prequal,30,srv-9:80,2.775
prequal,30,srv-9:80,2.649
prequal,30,srv-9:80,2.578
prequal,30,srv-9:80,2.776
prequal,30,srv-9:80,2.808
prequal,30,srv-9:80,2.785
prequal,30,srv-9:80,3.702
prequal,30,srv-9:80,3.632
prequal,30,srv-9:80,2.680
prequal,30,srv-9:80,2.679
prequal,30,srv-9:80,2.956
prequal,30,srv-9:80,2.869
prequal,30,srv-9:80,2.485
prequal,30,srv-9:80,2.532
prequal,30,srv-9:80,2.638
prequal,30,srv-9:80,2.599
prequal,30,srv-9:80,2.563
prequal,30,srv-9:80,2.512
prequal,30,srv-9:80,2.580
prequal,30,srv-9:80,2.591
prequal,30,srv-9:80,2.808
prequal,30,srv-9:80,3.677
prequal,30,srv-9:80,3.527
prequal,30,srv-9:80,2.740
prequal,30,srv-9:80,2.944
prequal,30,srv-9:80,2.811
prequal,30,srv-9:80,2.484
prequal,30,srv-9:80,2.649
prequal,30,srv-9:80,2.648
prequal,30,srv-9:80,2.456
prequal,30,srv-9:80,2.450
prequal,30,srv-9:80,2.447
prequal,30,srv-9:80,2.543
prequal,30,srv-9:80,2.572
prequal,30,srv-9:80,2.338
prequal,30,srv-9:80,2.486
prequal,30,srv-9:80,2.432
prequal,75,srv-10:80,41.051
prequal,75,srv-10:80,39.529
prequal,75,srv-10:80,25.956
prequal,75,srv-10:80,10.387
prequal,75,srv-10:80,9.647
prequal,75,srv-10:80,7.516
prequal,75,srv-10:80,7.986
prequal,75,srv-10:80,10.759
prequal,75,srv-10:80,9.661
prequal,75,srv-10:80,12.724
prequal,75,srv-10:80,14.645
prequal,75,srv-10:80,19.693
prequal,75,srv-10:80,21.915
prequal,75,srv-10:80,15.402
prequal,75,srv-10:80,13.555
prequal,75,srv-10:80,14.098
prequal,75,srv-10:80,13.955
prequal,75,srv-10:80,12.828
prequal,75,srv-10:80,19.437
prequal,75,srv-10:80,19.107
prequal,75,srv-10:80,24.334
prequal,75,srv-10:80,47.026
prequal,75,srv-10:80,44.494
prequal,75,srv-10:80,20.644
prequal,75,srv-10:80,14.029
prequal,75,srv-10:80,16.895
prequal,75,srv-10:80,29.051
prequal,75,srv-10:80,37.383
prequal,75,srv-10:80,41.684
prequal,75,srv-10:80,47.148
prequal,75,srv-10:80,47.935
prequal,75,srv-10:80,36.234
prequal,75,srv-10:80,20.946
prequal,75,srv-10:80,17.009
prequal,75,srv-10:80,22.019
prequal,75,srv-10:80,28.221
prequal,75,srv-10:80,31.962
prequal,75,srv-10:80,30.020
prequal,75,srv-10:80,32.234
prequal,75,srv-10:80,53.609
prequal,75,srv-10:80,58.338
prequal,75,srv-10:80,41.793
prequal,75,srv-10:80,42.159
prequal,75,srv-10:80,59.704
prequal,75,srv-10:80,56.343
prequal,75,srv-10:80,41.419
prequal,75,srv-10:80,33.571
prequal,75,srv-10:80,33.339
prequal,75,srv-10:80,28.663
prequal,75,srv-10:80,14.555
prequal,75,srv-10:80,11.850
prequal,75,srv-10:80,40.109
prequal,75,srv-10:80,67.452
prequal,75,srv-10:80,65.594
prequal,75,srv-10:80,67.595
prequal,75,srv-10:80,42.058
prequal,75,srv-10:80,15.590
prequal,75,srv-10:80,30.077
prequal,75,srv-10:80,49.974
prequal,75,srv-10:80,40.715
prequal,75,srv-1:80,135.961
prequal,75,srv-1:80,175.677
prequal,75,srv-1:80,161.040
prequal,75,srv-1:80,157.494
prequal,75,srv-1:80,145.732
prequal,75,srv-1:80,145.285
prequal,75,srv-1:80,111.030
prequal,75,srv-1:80,109.580
prequal,75,srv-1:80,155.436
prequal,75,srv-1:80,144.244
prequal,75,srv-1:80,145.952
prequal,75,srv-1:80,155.927
prequal,75,srv-1:80,164.062
prequal,75,srv-1:80,159.616
prequal,75,srv-1:80,155.076
prequal,75,srv-1:80,164.430
prequal,75,srv-1:80,171.737
prequal,75,srv-1:80,165.718
prequal,75,srv-1:80,167.960
prequal,75,srv-1:80,175.319
prequal,75,srv-1:80,167.064
prequal,75,srv-1:80,167.557
prequal,75,srv-1:80,175.932
prequal,75,srv-1:80,157.940
prequal,75,srv-1:80,152.639
prequal,75,srv-1:80,166.576
prequal,75,srv-1:80,164.852
prequal,75,srv-1:80,170.191
prequal,75,srv-1:80,175.580
prequal,75,srv-1:80,172.175
prequal,75,srv-1:80,167.324
prequal,75,srv-1:80,165.026
prequal,75,srv-1:80,166.190
prequal,75,srv-1:80,165.642
prequal,75,srv-1:80,167.868
prequal,75,srv-1:80,166.078
prequal,75,srv-1:80,171.138
prequal,75,srv-1:80,175.356
prequal,75,srv-1:80,173.952
prequal,75,srv-1:80,159.294
prequal,75,srv-1:80,159.154
prequal,75,srv-1:80,157.667
prequal,75,srv-1:80,152.163
prequal,75,srv-1:80,166.685
prequal,75,srv-1:80,164.941
prequal,75,srv-1:80,145.627
prequal,75,srv-1:80,150.865
prequal,75,srv-1:80,166.463
prequal,75,srv-1:80,168.658
prequal,75,srv-1:80,179.500
prequal,75,srv-1:80,178.850
prequal,75,srv-1:80,100.549
prequal,75,srv-1:80,100.515
prequal,75,srv-1:80,170.468
prequal,75,srv-1:80,171.309
prequal,75,srv-1:80,173.476
prequal,75,srv-1:80,172.410
prequal,75,srv-1:80,165.300
prequal,75,srv-1:80,152.822
prequal,75,srv-1:80,104.154
prequal,75,srv-2:80,140.006
prequal,75,srv-2:80,174.485
prequal,75,srv-2:80,153.493
prequal,75,srv-2:80,152.027
prequal,75,srv-2:80,158.351
prequal,75,srv-2:80,156.079
prequal,75,srv-2:80,168.537
prequal,75,srv-2:80,172.000
prequal,75,srv-2:80,166.963
prequal,75,srv-2:80,169.938
prequal,75,srv-2:80,171.431
prequal,75,srv-2:80,167.957
prequal,75,srv-2:80,144.478
prequal,75,srv-2:80,139.436
prequal,75,srv-2:80,153.518
prequal,75,srv-2:80,132.629
prequal,75,srv-2:80,147.365
prequal,75,srv-2:80,172.217
prequal,75,srv-2:80,168.705
prequal,75,srv-2:80,169.013
prequal,75,srv-2:80,171.052
prequal,75,srv-2:80,169.508
prequal,75,srv-2:80,164.404
prequal,75,srv-2:80,160.961
prequal,75,srv-2:80,166.644
prequal,75,srv-2:80,152.216
prequal,75,srv-2:80,148.028
prequal,75,srv-2:80,165.228
prequal,75,srv-2:80,168.276
prequal,75,srv-2:80,164.131
prequal,75,srv-2:80,166.329
prequal,75,srv-2:80,169.365
prequal,75,srv-2:80,169.313
prequal,75,srv-2:80,176.020
prequal,75,srv-2:80,177.519
prequal,75,srv-2:80,155.125
prequal,75,srv-2:80,154.243
prequal,75,srv-2:80,157.266
prequal,75,srv-2:80,156.423
prequal,75,srv-2:80,174.814
prequal,75,srv-2:80,172.024
prequal,75,srv-2:80,165.287
prequal,75,srv-2:80,160.187
prequal,75,srv-2:80,155.047
prequal,75,srv-2:80,160.794
prequal,75,srv-2:80,173.304
prequal,75,srv-2:80,175.427
prequal,75,srv-2:80,172.484
prequal,75,srv-2:80,161.029
prequal,75,srv-2:80,152.629
prequal,75,srv-2:80,149.508
prequal,75,srv-2:80,155.152
prequal,75,srv-2:80,169.995
prequal,75,srv-2:80,169.863
prequal,75,srv-2:80,168.250
prequal,75,srv-2:80,164.920
prequal,75,srv-2:80,158.615
prequal,75,srv-2:80,164.896
prequal,75,srv-2:80,167.582
prequal,75,srv-2:80,108.428
prequal,75,srv-3:80,166.474
prequal,75,srv-3:80,166.624
prequal,75,srv-3:80,166.406
prequal,75,srv-3:80,164.271
prequal,75,srv-3:80,164.113
prequal,75,srv-3:80,166.734
prequal,75,srv-3:80,149.616
prequal,75,srv-3:80,151.390
prequal,75,srv-3:80,163.620
prequal,75,srv-3:80,162.118
prequal,75,srv-3:80,149.506
prequal,75,srv-3:80,150.719
prequal,75,srv-3:80,174.082
prequal,75,srv-3:80,175.610
prequal,75,srv-3:80,167.371
prequal,75,srv-3:80,165.010
prequal,75,srv-3:80,162.115
prequal,75,srv-3:80,150.830
prequal,75,srv-3:80,155.473
prequal,75,srv-3:80,166.637
prequal,75,srv-3:80,163.459
prequal,75,srv-3:80,167.372
prequal,75,srv-3:80,173.016
prequal,75,srv-3:80,168.987
prequal,75,srv-3:80,170.532
prequal,75,srv-3:80,164.070
prequal,75,srv-3:80,158.563
prequal,75,srv-3:80,161.632
prequal,75,srv-3:80,167.574
prequal,75,srv-3:80,173.659
prequal,75,srv-3:80,171.681
prequal,75,srv-3:80,174.362
prequal,75,srv-3:80,170.611
prequal,75,srv-3:80,164.572
prequal,75,srv-3:80,166.370
prequal,75,srv-3:80,164.104
prequal,75,srv-3:80,154.650
prequal,75,srv-3:80,154.200
prequal,75,srv-3:80,168.570
prequal,75,srv-3:80,170.612
prequal,75,srv-3:80,167.366
prequal,75,srv-3:80,163.089
prequal,75,srv-3:80,160.500
prequal,75,srv-3:80,157.264
prequal,75,srv-3:80,161.651
prequal,75,srv-3:80,160.414
prequal,75,srv-3:80,163.488
prequal,75,srv-3:80,147.823
prequal,75,srv-3:80,144.684
prequal,75,srv-3:80,158.449
prequal,75,srv-3:80,162.888
prequal,75,srv-3:80,167.063
prequal,75,srv-3:80,165.865
prequal,75,srv-3:80,171.314
prequal,75,srv-3:80,168.660
prequal,75,srv-3:80,164.820
prequal,75,srv-3:80,167.556
prequal,75,srv-3:80,175.360
prequal,75,srv-3:80,167.380
prequal,75,srv-3:80,80.788
prequal,75,srv-4:80,144.622
prequal,75,srv-4:80,165.497
prequal,75,srv-4:80,168.310
prequal,75,srv-4:80,167.777
prequal,75,srv-4:80,153.124
prequal,75,srv-4:80,147.228
prequal,75,srv-4:80,154.652
prequal,75,srv-4:80,162.947
prequal,75,srv-4:80,166.725
prequal,75,srv-4:80,168.822
prequal,75,srv-4:80,164.776
prequal,75,srv-4:80,162.307
prequal,75,srv-4:80,157.131
prequal,75,srv-4:80,157.418
prequal,75,srv-4:80,169.403
prequal,75,srv-4:80,171.375
prequal,75,srv-4:80,151.879
prequal,75,srv-4:80,151.686
prequal,75,srv-4:80,102.334
prequal,75,srv-4:80,52.410
prequal,75,srv-4:80,123.627
prequal,75,srv-4:80,174.111
prequal,75,srv-4:80,171.908
prequal,75,srv-4:80,165.479
prequal,75,srv-4:80,164.961
prequal,75,srv-4:80,171.484
prequal,75,srv-4:80,162.786
prequal,75,srv-4:80,165.176
prequal,75,srv-4:80,167.803
prequal,75,srv-4:80,167.632
prequal,75,srv-4:80,174.799
prequal,75,srv-4:80,170.179
prequal,75,srv-4:80,169.053
prequal,75,srv-4:80,168.816
prequal,75,srv-4:80,168.977
prequal,75,srv-4:80,171.565
prequal,75,srv-4:80,171.788
prequal,75,srv-4:80,170.012
prequal,75,srv-4:80,165.246
prequal,75,srv-4:80,170.695
prequal,75,srv-4:80,171.973
prequal,75,srv-4:80,168.011
prequal,75,srv-4:80,167.950
prequal,75,srv-4:80,167.074
prequal,75,srv-4:80,168.620
prequal,75,srv-4:80,164.660
prequal,75,srv-4:80,167.251
prequal,75,srv-4:80,170.481
prequal,75,srv-4:80,170.868
prequal,75,srv-4:80,165.484
prequal,75,srv-4:80,161.999
prequal,75,srv-4:80,161.435
prequal,75,srv-4:80,159.227
prequal,75,srv-4:80,164.716
prequal,75,srv-4:80,170.961
prequal,75,srv-4:80,171.449
prequal,75,srv-4:80,171.910
prequal,75,srv-4:80,175.357
prequal,75,srv-4:80,164.823
prequal,75,srv-4:80,99.495
prequal,75,srv-5:80,26.101
prequal,75,srv-5:80,48.669
prequal,75,srv-5:80,96.979
prequal,75,srv-5:80,96.386
prequal,75,srv-5:80,102.961
prequal,75,srv-5:80,119.848
prequal,75,srv-5:80,135.827
prequal,75,srv-5:80,135.412
prequal,75,srv-5:80,118.219
prequal,75,srv-5:80,121.123
prequal,75,srv-5:80,66.225
prequal,75,srv-5:80,17.038
prequal,75,srv-5:80,76.208
prequal,75,srv-5:80,138.052
prequal,75,srv-5:80,112.394
prequal,75,srv-5:80,110.500
prequal,75,srv-5:80,133.726
prequal,75,srv-5:80,130.509
prequal,75,srv-5:80,129.812
prequal,75,srv-5:80,139.158
prequal,75,srv-5:80,90.981
prequal,75,srv-5:80,49.533
prequal,75,srv-5:80,75.516
prequal,75,srv-5:80,113.619
prequal,75,srv-5:80,121.094
prequal,75,srv-5:80,127.505
prequal,75,srv-5:80,127.986
prequal,75,srv-5:80,116.902
prequal,75,srv-5:80,92.832
prequal,75,srv-5:80,54.032
prequal,75,srv-5:80,44.989
prequal,75,srv-5:80,40.841
prequal,75,srv-5:80,60.738
prequal,75,srv-5:80,51.313
prequal,75,srv-5:80,64.217
prequal,75,srv-5:80,122.387
prequal,75,srv-5:80,124.986
prequal,75,srv-5:80,123.264
prequal,75,srv-5:80,119.557
prequal,75,srv-5:80,82.895
prequal,75,srv-5:80,92.527
prequal,75,srv-5:80,116.958
prequal,75,srv-5:80,107.831
prequal,75,srv-5:80,72.250
prequal,75,srv-5:80,80.047
prequal,75,srv-5:80,115.304
prequal,75,srv-5:80,111.583
prequal,75,srv-5:80,102.623
prequal,75,srv-5:80,118.064
prequal,75,srv-5:80,126.293
prequal,75,srv-5:80,123.611
prequal,75,srv-5:80,117.599
prequal,75,srv-5:80,60.163
prequal,75,srv-5:80,7.086
prequal,75,srv-5:80,24.969
prequal,75,srv-5:80,36.247
prequal,75,srv-5:80,72.231
prequal,75,srv-5:80,67.429
prequal,75,srv-5:80,83.728
prequal,75,srv-5:80,84.183
prequal,75,srv-6:80,113.393
prequal,75,srv-6:80,120.115
prequal,75,srv-6:80,117.468
prequal,75,srv-6:80,114.697
prequal,75,srv-6:80,138.538
prequal,75,srv-6:80,148.439
prequal,75,srv-6:80,130.485
prequal,75,srv-6:80,97.741
prequal,75,srv-6:80,73.857
prequal,75,srv-6:80,93.473
prequal,75,srv-6:80,137.810
prequal,75,srv-6:80,132.298
prequal,75,srv-6:80,119.532
prequal,75,srv-6:80,112.587
prequal,75,srv-6:80,123.020
prequal,75,srv-6:80,137.538
prequal,75,srv-6:80,147.688
prequal,75,srv-6:80,141.752
prequal,75,srv-6:80,136.980
prequal,75,srv-6:80,131.008
prequal,75,srv-6:80,102.891
prequal,75,srv-6:80,90.777
prequal,75,srv-6:80,117.065
prequal,75,srv-6:80,116.145
prequal,75,srv-6:80,103.483
prequal,75,srv-6:80,117.897
prequal,75,srv-6:80,127.613
prequal,75,srv-6:80,121.319
prequal,75,srv-6:80,132.750
prequal,75,srv-6:80,128.352
prequal,75,srv-6:80,139.153
prequal,75,srv-6:80,119.338
prequal,75,srv-6:80,117.428
prequal,75,srv-6:80,127.362
prequal,75,srv-6:80,120.642
prequal,75,srv-6:80,125.851
prequal,75,srv-6:80,133.878
prequal,75,srv-6:80,114.939
prequal,75,srv-6:80,119.724
prequal,75,srv-6:80,137.697
prequal,75,srv-6:80,129.144
prequal,75,srv-6:80,133.020
prequal,75,srv-6:80,142.074
prequal,75,srv-6:80,124.949
prequal,75,srv-6:80,124.970
prequal,75,srv-6:80,140.397
prequal,75,srv-6:80,122.491
prequal,75,srv-6:80,121.263
prequal,75,srv-6:80,129.080
prequal,75,srv-6:80,125.207
prequal,75,srv-6:80,129.754
prequal,75,srv-6:80,127.276
prequal,75,srv-6:80,120.477
prequal,75,srv-6:80,132.454
prequal,75,srv-6:80,129.767
prequal,75,srv-6:80,109.384
prequal,75,srv-6:80,99.311
prequal,75,srv-6:80,80.819
prequal,75,srv-6:80,55.773
prequal,75,srv-6:80,35.458
prequal,75,srv-7:80,48.245
prequal,75,srv-7:80,60.182
prequal,75,srv-7:80,26.487
prequal,75,srv-7:80,27.529
prequal,75,srv-7:80,26.114
prequal,75,srv-7:80,18.497
prequal,75,srv-7:80,51.908
prequal,75,srv-7:80,75.072
prequal,75,srv-7:80,91.811
prequal,75,srv-7:80,96.580
prequal,75,srv-7:80,79.050
prequal,75,srv-7:80,69.441
prequal,75,srv-7:80,34.530
prequal,75,srv-7:80,8.029
prequal,75,srv-7:80,8.273
prequal,75,srv-7:80,10.399
prequal,75,srv-7:80,12.201
prequal,75,srv-7:80,9.819
prequal,75,srv-7:80,16.589
prequal,75,srv-7:80,37.456
prequal,75,srv-7:80,34.736
prequal,75,srv-7:80,38.425
prequal,75,srv-7:80,51.197
prequal,75,srv-7:80,53.324
prequal,75,srv-7:80,57.529
prequal,75,srv-7:80,58.852
prequal,75,srv-7:80,41.730
prequal,75,srv-7:80,13.159
prequal,75,srv-7:80,6.908
prequal,75,srv-7:80,7.255
prequal,75,srv-7:80,8.710
prequal,75,srv-7:80,37.895
prequal,75,srv-7:80,71.112
prequal,75,srv-7:80,75.335
prequal,75,srv-7:80,45.648
prequal,75,srv-7:80,11.341
prequal,75,srv-7:80,6.923
prequal,75,srv-7:80,7.603
prequal,75,srv-7:80,7.467
prequal,75,srv-7:80,7.127
prequal,75,srv-7:80,7.273
prequal,75,srv-7:80,7.107
prequal,75,srv-7:80,6.500
prequal,75,srv-7:80,7.645
prequal,75,srv-7:80,7.520
prequal,75,srv-7:80,6.142
prequal,75,srv-7:80,6.120
prequal,75,srv-7:80,6.213
prequal,75,srv-7:80,6.869
prequal,75,srv-7:80,7.070
prequal,75,srv-7:80,6.605
prequal,75,srv-7:80,6.981
prequal,75,srv-7:80,19.758
prequal,75,srv-7:80,28.490
prequal,75,srv-7:80,39.056
prequal,75,srv-7:80,70.367
prequal,75,srv-7:80,72.131
prequal,75,srv-7:80,52.542
prequal,75,srv-7:80,59.159
prequal,75,srv-7:80,37.327
prequal,75,srv-8:80,18.851
prequal,75,srv-8:80,30.608
prequal,75,srv-8:80,71.947
prequal,75,srv-8:80,87.487
prequal,75,srv-8:80,89.411
prequal,75,srv-8:80,82.468
prequal,75,srv-8:80,55.932
prequal,75,srv-8:80,46.577
prequal,75,srv-8:80,33.231
prequal,75,srv-8:80,40.432
prequal,75,srv-8:80,91.408
prequal,75,srv-8:80,87.630
prequal,75,srv-8:80,70.076
prequal,75,srv-8:80,80.302
prequal,75,srv-8:80,84.349
prequal,75,srv-8:80,77.586
prequal,75,srv-8:80,45.997
prequal,75,srv-8:80,49.292
prequal,75,srv-8:80,81.604
prequal,75,srv-8:80,83.542
prequal,75,srv-8:80,83.409
prequal,75,srv-8:80,67.500
prequal,75,srv-8:80,21.186
prequal,75,srv-8:80,7.569
prequal,75,srv-8:80,6.763
prequal,75,srv-8:80,6.695
prequal,75,srv-8:80,8.213
prequal,75,srv-8:80,12.266
prequal,75,srv-8:80,25.036
prequal,75,srv-8:80,41.029
prequal,75,srv-8:80,28.515
prequal,75,srv-8:80,8.561
prequal,75,srv-8:80,7.095
prequal,75,srv-8:80,6.610
prequal,75,srv-8:80,7.316
prequal,75,srv-8:80,7.384
prequal,75,srv-8:80,8.750
prequal,75,srv-8:80,9.125
prequal,75,srv-8:80,7.346
prequal,75,srv-8:80,7.102
prequal,75,srv-8:80,6.709
prequal,75,srv-8:80,6.677
prequal,75,srv-8:80,7.578
prequal,75,srv-8:80,9.170
prequal,75,srv-8:80,8.711
prequal,75,srv-8:80,7.434
prequal,75,srv-8:80,8.851
prequal,75,srv-8:80,17.827
prequal,75,srv-8:80,32.069
prequal,75,srv-8:80,32.337
prequal,75,srv-8:80,43.418
prequal,75,srv-8:80,96.497
prequal,75,srv-8:80,78.168
prequal,75,srv-8:80,16.368
prequal,75,srv-8:80,8.479
prequal,75,srv-8:80,7.638
prequal,75,srv-8:80,8.273
prequal,75,srv-8:80,8.691
prequal,75,srv-8:80,7.476
prequal,75,srv-8:80,5.010
prequal,75,srv-9:80,6.756
prequal,75,srv-9:80,6.243
prequal,75,srv-9:80,6.369
prequal,75,srv-9:80,6.295
prequal,75,srv-9:80,6.747
prequal,75,srv-9:80,8.099
prequal,75,srv-9:80,8.263
prequal,75,srv-9:80,7.627
prequal,75,srv-9:80,6.735
prequal,75,srv-9:80,6.429
prequal,75,srv-9:80,6.512
prequal,75,srv-9:80,6.079
prequal,75,srv-9:80,6.606
prequal,75,srv-9:80,6.990
prequal,75,srv-9:80,6.883
prequal,75,srv-9:80,7.835
prequal,75,srv-9:80,8.149
prequal,75,srv-9:80,7.562
prequal,75,srv-9:80,7.294
prequal,75,srv-9:80,7.202
prequal,75,srv-9:80,7.441
prequal,75,srv-9:80,7.904
prequal,75,srv-9:80,7.959
prequal,75,srv-9:80,8.832
prequal,75,srv-9:80,8.768
prequal,75,srv-9:80,8.445
prequal,75,srv-9:80,8.264
prequal,75,srv-9:80,7.534
prequal,75,srv-9:80,11.348
prequal,75,srv-9:80,15.509
prequal,75,srv-9:80,39.372
prequal,75,srv-9:80,43.686
prequal,75,srv-9:80,23.237
prequal,75,srv-9:80,35.233
prequal,75,srv-9:80,37.132
prequal,75,srv-9:80,19.668
prequal,75,srv-9:80,20.122
prequal,75,srv-9:80,29.511
prequal,75,srv-9:80,42.622
prequal,75,srv-9:80,33.291
prequal,75,srv-9:80,15.459
prequal,75,srv-9:80,14.417
prequal,75,srv-9:80,27.568
prequal,75,srv-9:80,50.828
prequal,75,srv-9:80,58.472
prequal,75,srv-9:80,36.161
prequal,75,srv-9:80,36.370
prequal,75,srv-9:80,39.106
prequal,75,srv-9:80,30.197
prequal,75,srv-9:80,30.421
prequal,75,srv-9:80,18.318
prequal,75,srv-9:80,22.117
prequal,75,srv-9:80,50.486
prequal,75,srv-9:80,57.374
prequal,75,srv-9:80,42.160
prequal,75,srv-9:80,38.063
prequal,75,srv-9:80,47.401
prequal,75,srv-9:80,55.281
prequal,75,srv-9:80,36.408
prequal,75,srv-9:80,13.037
prequal,83,srv-10:80,22.192
prequal,83,srv-10:80,40.719
prequal,83,srv-10:80,57.507
prequal,83,srv-10:80,63.788
prequal,83,srv-10:80,51.517
prequal,83,srv-10:80,50.191
prequal,83,srv-10:80,62.858
prequal,83,srv-10:80,60.154
prequal,83,srv-10:80,58.302
prequal,83,srv-10:80,61.690
prequal,83,srv-10:80,61.496
prequal,83,srv-10:80,58.019
prequal,83,srv-10:80,47.166
prequal,83,srv-10:80,53.790
prequal,83,srv-10:80,45.297
prequal,83,srv-10:80,41.752
prequal,83,srv-10:80,40.107
prequal,83,srv-10:80,15.997
prequal,83,srv-10:80,15.116
prequal,83,srv-10:80,14.819
prequal,83,srv-10:80,18.385
prequal,83,srv-10:80,23.601
prequal,83,srv-10:80,29.955
prequal,83,srv-10:80,46.120
prequal,83,srv-10:80,66.284
prequal,83,srv-10:80,71.460
prequal,83,srv-10:80,66.685
prequal,83,srv-10:80,64.582
prequal,83,srv-10:80,60.256
prequal,83,srv-10:80,50.728
prequal,83,srv-10:80,40.704
prequal,83,srv-10:80,38.829
prequal,83,srv-10:80,41.650
prequal,83,srv-10:80,50.389
prequal,83,srv-10:80,57.495
prequal,83,srv-10:80,38.615
prequal,83,srv-10:80,20.844
prequal,83,srv-10:80,20.639
prequal,83,srv-10:80,20.957
prequal,83,srv-10:80,19.326
prequal,83,srv-10:80,28.239
prequal,83,srv-10:80,23.379
prequal,83,srv-10:80,18.674
prequal,83,srv-10:80,18.431
prequal,83,srv-10:80,38.678
prequal,83,srv-10:80,57.578
prequal,83,srv-10:80,48.149
prequal,83,srv-10:80,27.022
prequal,83,srv-10:80,26.725
prequal,83,srv-10:80,34.037
prequal,83,srv-10:80,34.055
prequal,83,srv-10:80,29.328
prequal,83,srv-10:80,32.664
prequal,83,srv-10:80,30.330
prequal,83,srv-10:80,19.367
prequal,83,srv-10:80,22.281
prequal,83,srv-10:80,36.528
prequal,83,srv-10:80,53.259
prequal,83,srv-10:80,30.263
prequal,83,srv-10:80,6.737
prequal,83,srv-1:80,151.605
prequal,83,srv-1:80,135.950
prequal,83,srv-1:80,68.757
prequal,83,srv-1:80,84.640
prequal,83,srv-1:80,113.036
prequal,83,srv-1:80,138.803
prequal,83,srv-1:80,181.129
prequal,83,srv-1:80,180.239
prequal,83,srv-1:80,174.329
prequal,83,srv-1:80,174.070
prequal,83,srv-1:80,151.285
prequal,83,srv-1:80,149.974
prequal,83,srv-1:80,172.566
prequal,83,srv-1:80,171.663
prequal,83,srv-1:80,178.691
prequal,83,srv-1:80,189.527
prequal,83,srv-1:80,192.397
prequal,83,srv-1:80,185.047
prequal,83,srv-1:80,181.769
prequal,83,srv-1:80,182.882
prequal,83,srv-1:80,177.653
prequal,83,srv-1:80,175.445
prequal,83,srv-1:80,181.627
prequal,83,srv-1:80,184.226
prequal,83,srv-1:80,187.239
prequal,83,srv-1:80,181.200
prequal,83,srv-1:80,174.369
prequal,83,srv-1:80,178.850
prequal,83,srv-1:80,184.376
prequal,83,srv-1:80,174.937
prequal,83,srv-1:80,174.285
prequal,83,srv-1:80,184.570
prequal,83,srv-1:80,178.759
prequal,83,srv-1:80,171.365
prequal,83,srv-1:80,178.361
prequal,83,srv-1:80,181.093
prequal,83,srv-1:80,173.919
prequal,83,srv-1:80,176.044
prequal,83,srv-1:80,174.726
prequal,83,srv-1:80,171.261
prequal,83,srv-1:80,175.375
prequal,83,srv-1:80,177.509
prequal,83,srv-1:80,182.972
prequal,83,srv-1:80,184.298
prequal,83,srv-1:80,180.114
prequal,83,srv-1:80,175.836
prequal,83,srv-1:80,179.244
prequal,83,srv-1:80,164.000
prequal,83,srv-1:80,162.751
prequal,83,srv-1:80,169.436
prequal,83,srv-1:80,172.397
prequal,83,srv-1:80,173.027
prequal,83,srv-1:80,167.944
prequal,83,srv-1:80,172.172
prequal,83,srv-1:80,171.666
prequal,83,srv-1:80,131.537
prequal,83,srv-1:80,128.965
prequal,83,srv-1:80,178.043
prequal,83,srv-1:80,184.648
prequal,83,srv-1:80,115.520
prequal,83,srv-2:80,143.452
prequal,83,srv-2:80,165.099
prequal,83,srv-2:80,188.180
prequal,83,srv-2:80,188.954
prequal,83,srv-2:80,184.120
prequal,83,srv-2:80,179.155
prequal,83,srv-2:80,172.008
prequal,83,srv-2:80,172.399
prequal,83,srv-2:80,158.661
prequal,83,srv-2:80,163.347
prequal,83,srv-2:80,176.869
prequal,83,srv-2:80,174.180
prequal,83,srv-2:80,177.185
prequal,83,srv-2:80,178.074
prequal,83,srv-2:80,181.966
prequal,83,srv-2:80,188.773
prequal,83,srv-2:80,184.442
prequal,83,srv-2:80,174.836
prequal,83,srv-2:80,178.789
prequal,83,srv-2:80,179.625
prequal,83,srv-2:80,174.697
prequal,83,srv-2:80,179.560
prequal,83,srv-2:80,165.011
prequal,83,srv-2:80,162.931
prequal,83,srv-2:80,182.458
prequal,83,srv-2:80,187.136
prequal,83,srv-2:80,179.456
prequal,83,srv-2:80,177.198
prequal,83,srv-2:80,184.067
prequal,83,srv-2:80,182.705
prequal,83,srv-2:80,184.079
prequal,83,srv-2:80,183.201
prequal,83,srv-2:80,186.110
prequal,83,srv-2:80,181.346
prequal,83,srv-2:80,175.549
prequal,83,srv-2:80,179.625
prequal,83,srv-2:80,178.284
prequal,83,srv-2:80,166.685
prequal,83,srv-2:80,168.976
prequal,83,srv-2:80,170.135
prequal,83,srv-2:80,165.711
prequal,83,srv-2:80,175.666
prequal,83,srv-2:80,181.578
prequal,83,srv-2:80,182.664
prequal,83,srv-2:80,181.662
prequal,83,srv-2:80,175.444
prequal,83,srv-2:80,174.093
prequal,83,srv-2:80,181.237
prequal,83,srv-2:80,182.574
prequal,83,srv-2:80,162.971
prequal,83,srv-2:80,165.822
prequal,83,srv-2:80,176.705
prequal,83,srv-2:80,175.936
prequal,83,srv-2:80,130.812
prequal,83,srv-2:80,129.034
prequal,83,srv-2:80,176.462
prequal,83,srv-2:80,179.037
prequal,83,srv-2:80,173.624
prequal,83,srv-2:80,175.335
prequal,83,srv-2:80,116.374
prequal,83,srv-3:80,171.054
prequal,83,srv-3:80,181.572
prequal,83,srv-3:80,189.004
prequal,83,srv-3:80,182.790
prequal,83,srv-3:80,172.783
prequal,83,srv-3:80,177.442
prequal,83,srv-3:80,166.627
prequal,83,srv-3:80,165.690
prequal,83,srv-3:80,181.625
prequal,83,srv-3:80,178.167
prequal,83,srv-3:80,177.541
prequal,83,srv-3:80,182.025
prequal,83,srv-3:80,184.470
prequal,83,srv-3:80,179.303
prequal,83,srv-3:80,183.756
prequal,83,srv-3:80,189.043
prequal,83,srv-3:80,171.409
prequal,83,srv-3:80,175.052
prequal,83,srv-3:80,184.446
prequal,83,srv-3:80,183.669
prequal,83,srv-3:80,182.438
prequal,83,srv-3:80,179.512
prequal,83,srv-3:80,182.439
prequal,83,srv-3:80,181.389
prequal,83,srv-3:80,180.955
prequal,83,srv-3:80,184.997
prequal,83,srv-3:80,168.633
prequal,83,srv-3:80,161.952
prequal,83,srv-3:80,173.313
prequal,83,srv-3:80,177.782
prequal,83,srv-3:80,175.749
prequal,83,srv-3:80,175.164
prequal,83,srv-3:80,182.224
prequal,83,srv-3:80,186.436
prequal,83,srv-3:80,182.813
prequal,83,srv-3:80,181.440
prequal,83,srv-3:80,181.463
prequal,83,srv-3:80,177.209
prequal,83,srv-3:80,174.525
prequal,83,srv-3:80,163.999
prequal,83,srv-3:80,152.096
prequal,83,srv-3:80,159.840
prequal,83,srv-3:80,174.181
prequal,83,srv-3:80,174.674
prequal,83,srv-3:80,145.182
prequal,83,srv-3:80,134.826
prequal,83,srv-3:80,144.214
prequal,83,srv-3:80,156.038
prequal,83,srv-3:80,174.439
prequal,83,srv-3:80,177.692
prequal,83,srv-3:80,178.326
prequal,83,srv-3:80,177.101
prequal,83,srv-3:80,185.322
prequal,83,srv-3:80,191.117
prequal,83,srv-3:80,190.498
prequal,83,srv-3:80,181.735
prequal,83,srv-3:80,176.788
prequal,83,srv-3:80,165.952
prequal,83,srv-3:80,152.571
prequal,83,srv-3:80,75.683
prequal,83,srv-4:80,163.837
prequal,83,srv-4:80,185.327
prequal,83,srv-4:80,183.428
prequal,83,srv-4:80,185.050
prequal,83,srv-4:80,179.835
prequal,83,srv-4:80,179.760
prequal,83,srv-4:80,184.287
prequal,83,srv-4:80,176.619
prequal,83,srv-4:80,170.235
prequal,83,srv-4:80,173.207
prequal,83,srv-4:80,179.482
prequal,83,srv-4:80,184.894
prequal,83,srv-4:80,182.286
prequal,83,srv-4:80,178.698
prequal,83,srv-4:80,167.548
prequal,83,srv-4:80,172.731
prequal,83,srv-4:80,184.876
prequal,83,srv-4:80,183.455
prequal,83,srv-4:80,183.755
prequal,83,srv-4:80,181.928
prequal,83,srv-4:80,180.463
prequal,83,srv-4:80,178.322
prequal,83,srv-4:80,176.045
prequal,83,srv-4:80,178.053
prequal,83,srv-4:80,167.458
prequal,83,srv-4:80,168.628
prequal,83,srv-4:80,182.714
prequal,83,srv-4:80,181.266
prequal,83,srv-4:80,158.013
prequal,83,srv-4:80,159.208
prequal,83,srv-4:80,185.162
prequal,83,srv-4:80,184.435
prequal,83,srv-4:80,179.992
prequal,83,srv-4:80,171.308
prequal,83,srv-4:80,172.867
prequal,83,srv-4:80,182.948
prequal,83,srv-4:80,183.927
prequal,83,srv-4:80,183.401
prequal,83,srv-4:80,189.584
prequal,83,srv-4:80,188.317
prequal,83,srv-4:80,185.496
prequal,83,srv-4:80,170.377
prequal,83,srv-4:80,161.128
prequal,83,srv-4:80,164.858
prequal,83,srv-4:80,172.443
prequal,83,srv-4:80,182.535
prequal,83,srv-4:80,181.516
prequal,83,srv-4:80,177.708
prequal,83,srv-4:80,179.133
prequal,83,srv-4:80,184.580
prequal,83,srv-4:80,182.079
prequal,83,srv-4:80,175.261
prequal,83,srv-4:80,178.877
prequal,83,srv-4:80,182.232
prequal,83,srv-4:80,168.471
prequal,83,srv-4:80,162.426
prequal,83,srv-4:80,174.942
prequal,83,srv-4:80,176.443
prequal,83,srv-4:80,177.228
prequal,83,srv-4:80,106.615
prequal,83,srv-5:80,126.669
prequal,83,srv-5:80,135.033
prequal,83,srv-5:80,146.347
prequal,83,srv-5:80,115.611
prequal,83,srv-5:80,103.582
prequal,83,srv-5:80,96.917
prequal,83,srv-5:80,78.176
prequal,83,srv-5:80,120.541
prequal,83,srv-5:80,152.728
prequal,83,srv-5:80,148.391
prequal,83,srv-5:80,137.241
prequal,83,srv-5:80,135.584
prequal,83,srv-5:80,137.212
prequal,83,srv-5:80,107.170
prequal,83,srv-5:80,30.667
prequal,83,srv-5:80,49.814
prequal,83,srv-5:80,130.118
prequal,83,srv-5:80,146.144
prequal,83,srv-5:80,136.771
prequal,83,srv-5:80,141.807
prequal,83,srv-5:80,132.610
prequal,83,srv-5:80,125.819
prequal,83,srv-5:80,127.096
prequal,83,srv-5:80,124.658
prequal,83,srv-5:80,61.994
prequal,83,srv-5:80,65.270
prequal,83,srv-5:80,128.944
prequal,83,srv-5:80,141.809
prequal,83,srv-5:80,138.799
prequal,83,srv-5:80,132.197
prequal,83,srv-5:80,69.949
prequal,83,srv-5:80,60.679
prequal,83,srv-5:80,87.005
prequal,83,srv-5:80,112.165
prequal,83,srv-5:80,84.523
prequal,83,srv-5:80,56.228
prequal,83,srv-5:80,56.314
prequal,83,srv-5:80,33.417
prequal,83,srv-5:80,84.509
prequal,83,srv-5:80,131.635
prequal,83,srv-5:80,124.224
prequal,83,srv-5:80,116.019
prequal,83,srv-5:80,123.519
prequal,83,srv-5:80,142.189
prequal,83,srv-5:80,124.619
prequal,83,srv-5:80,128.187
prequal,83,srv-5:80,145.484
prequal,83,srv-5:80,145.568
prequal,83,srv-5:80,128.526
prequal,83,srv-5:80,126.580
prequal,83,srv-5:80,138.557
prequal,83,srv-5:80,117.434
prequal,83,srv-5:80,122.891
prequal,83,srv-5:80,143.658
prequal,83,srv-5:80,140.858
prequal,83,srv-5:80,133.698
prequal,83,srv-5:80,139.596
prequal,83,srv-5:80,142.940
prequal,83,srv-5:80,144.703
prequal,83,srv-5:80,72.115
prequal,83,srv-6:80,109.298
prequal,83,srv-6:80,139.935
prequal,83,srv-6:80,159.611
prequal,83,srv-6:80,135.816
prequal,83,srv-6:80,125.614
prequal,83,srv-6:80,132.592
prequal,83,srv-6:80,132.757
prequal,83,srv-6:80,124.899
prequal,83,srv-6:80,132.178
prequal,83,srv-6:80,146.772
prequal,83,srv-6:80,144.288
prequal,83,srv-6:80,117.027
prequal,83,srv-6:80,113.020
prequal,83,srv-6:80,126.337
prequal,83,srv-6:80,126.784
prequal,83,srv-6:80,92.392
prequal,83,srv-6:80,21.238
prequal,83,srv-6:80,7.160
prequal,83,srv-6:80,7.373
prequal,83,srv-6:80,7.417
prequal,83,srv-6:80,64.985
prequal,83,srv-6:80,91.986
prequal,83,srv-6:80,97.626
prequal,83,srv-6:80,118.324
prequal,83,srv-6:80,145.635
prequal,83,srv-6:80,137.463
prequal,83,srv-6:80,125.882
prequal,83,srv-6:80,137.349
prequal,83,srv-6:80,120.029
prequal,83,srv-6:80,121.501
prequal,83,srv-6:80,141.956
prequal,83,srv-6:80,137.486
prequal,83,srv-6:80,123.787
prequal,83,srv-6:80,131.842
prequal,83,srv-6:80,134.453
prequal,83,srv-6:80,139.794
prequal,83,srv-6:80,139.865
prequal,83,srv-6:80,149.388
prequal,83,srv-6:80,143.992
prequal,83,srv-6:80,139.607
prequal,83,srv-6:80,129.875
prequal,83,srv-6:80,134.851
prequal,83,srv-6:80,145.750
prequal,83,srv-6:80,140.604
prequal,83,srv-6:80,131.048
prequal,83,srv-6:80,141.788
prequal,83,srv-6:80,121.686
prequal,83,srv-6:80,114.247
prequal,83,srv-6:80,130.653
prequal,83,srv-6:80,139.048
prequal,83,srv-6:80,135.866
prequal,83,srv-6:80,135.152
prequal,83,srv-6:80,121.395
prequal,83,srv-6:80,134.343
prequal,83,srv-6:80,120.355
prequal,83,srv-6:80,112.443
prequal,83,srv-6:80,136.633
prequal,83,srv-6:80,142.157
prequal,83,srv-6:80,142.805
prequal,83,srv-6:80,94.271
prequal,83,srv-7:80,73.394
prequal,83,srv-7:80,76.340
prequal,83,srv-7:80,51.253
prequal,83,srv-7:80,46.096
prequal,83,srv-7:80,66.852
prequal,83,srv-7:80,75.554
prequal,83,srv-7:80,69.256
prequal,83,srv-7:80,69.159
prequal,83,srv-7:80,58.234
prequal,83,srv-7:80,41.557
prequal,83,srv-7:80,41.401
prequal,83,srv-7:80,52.106
prequal,83,srv-7:80,27.384
prequal,83,srv-7:80,19.498
prequal,83,srv-7:80,50.037
prequal,83,srv-7:80,70.059
prequal,83,srv-7:80,97.154
prequal,83,srv-7:80,95.893
prequal,83,srv-7:80,44.813
prequal,83,srv-7:80,40.284
prequal,83,srv-7:80,35.134
prequal,83,srv-7:80,23.901
prequal,83,srv-7:80,28.810
prequal,83,srv-7:80,32.972
prequal,83,srv-7:80,25.993
prequal,83,srv-7:80,10.496
prequal,83,srv-7:80,11.896
prequal,83,srv-7:80,22.307
prequal,83,srv-7:80,61.504
prequal,83,srv-7:80,67.203
prequal,83,srv-7:80,55.121
prequal,83,srv-7:80,63.395
prequal,83,srv-7:80,33.788
prequal,83,srv-7:80,7.835
prequal,83,srv-7:80,8.795
prequal,83,srv-7:80,12.755
prequal,83,srv-7:80,35.188
prequal,83,srv-7:80,66.521
prequal,83,srv-7:80,67.904
prequal,83,srv-7:80,71.055
prequal,83,srv-7:80,70.629
prequal,83,srv-7:80,58.349
prequal,83,srv-7:80,36.115
prequal,83,srv-7:80,9.409
prequal,83,srv-7:80,8.951
prequal,83,srv-7:80,10.049
prequal,83,srv-7:80,9.389
prequal,83,srv-7:80,8.800
prequal,83,srv-7:80,9.092
prequal,83,srv-7:80,8.975
prequal,83,srv-7:80,9.589
prequal,83,srv-7:80,9.450
prequal,83,srv-7:80,9.389
prequal,83,srv-7:80,10.060
prequal,83,srv-7:80,29.795
prequal,83,srv-7:80,75.148
prequal,83,srv-7:80,58.630
prequal,83,srv-7:80,13.166
prequal,83,srv-7:80,18.360
prequal,83,srv-7:80,18.460
prequal,83,srv-8:80,13.043
prequal,83,srv-8:80,37.603
prequal,83,srv-8:80,69.443
prequal,83,srv-8:80,95.463
prequal,83,srv-8:80,81.712
prequal,83,srv-8:80,29.960
prequal,83,srv-8:80,10.045
prequal,83,srv-8:80,7.646
prequal,83,srv-8:80,7.752
prequal,83,srv-8:80,7.422
prequal,83,srv-8:80,7.408
prequal,83,srv-8:80,8.204
prequal,83,srv-8:80,8.597
prequal,83,srv-8:80,31.543
prequal,83,srv-8:80,82.998
prequal,83,srv-8:80,81.592
prequal,83,srv-8:80,59.680
prequal,83,srv-8:80,74.440
prequal,83,srv-8:80,97.776
prequal,83,srv-8:80,98.608
prequal,83,srv-8:80,78.501
prequal,83,srv-8:80,70.459
prequal,83,srv-8:80,63.829
prequal,83,srv-8:80,50.073
prequal,83,srv-8:80,66.438
prequal,83,srv-8:80,64.437
prequal,83,srv-8:80,29.710
prequal,83,srv-8:80,29.519
prequal,83,srv-8:80,24.639
prequal,83,srv-8:80,46.117
prequal,83,srv-8:80,85.792
prequal,83,srv-8:80,69.206
prequal,83,srv-8:80,77.156
prequal,83,srv-8:80,73.908
prequal,83,srv-8:80,63.563
prequal,83,srv-8:80,79.045
prequal,83,srv-8:80,60.378
prequal,83,srv-8:80,59.052
prequal,83,srv-8:80,48.563
prequal,83,srv-8:80,47.678
prequal,83,srv-8:80,80.348
prequal,83,srv-8:80,83.118
prequal,83,srv-8:80,62.655
prequal,83,srv-8:80,65.368
prequal,83,srv-8:80,82.412
prequal,83,srv-8:80,80.782
prequal,83,srv-8:80,67.245
prequal,83,srv-8:80,72.938
prequal,83,srv-8:80,69.812
prequal,83,srv-8:80,64.427
prequal,83,srv-8:80,84.949
prequal,83,srv-8:80,87.201
prequal,83,srv-8:80,82.513
prequal,83,srv-8:80,97.458
prequal,83,srv-8:80,96.569
prequal,83,srv-8:80,77.433
prequal,83,srv-8:80,46.482
prequal,83,srv-8:80,18.974
prequal,83,srv-8:80,34.546
prequal,83,srv-8:80,27.683
prequal,83,srv-9:80,9.896
prequal,83,srv-9:80,7.881
prequal,83,srv-9:80,13.654
prequal,83,srv-9:80,15.815
prequal,83,srv-9:80,12.174
prequal,83,srv-9:80,31.669
prequal,83,srv-9:80,35.969
prequal,83,srv-9:80,16.657
prequal,83,srv-9:80,11.650
prequal,83,srv-9:80,15.668
prequal,83,srv-9:80,30.734
prequal,83,srv-9:80,47.197
prequal,83,srv-9:80,47.558
prequal,83,srv-9:80,51.235
prequal,83,srv-9:80,60.429
prequal,83,srv-9:80,56.789
prequal,83,srv-9:80,42.880
prequal,83,srv-9:80,53.938
prequal,83,srv-9:80,61.222
prequal,83,srv-9:80,59.898
prequal,83,srv-9:80,44.818
prequal,83,srv-9:80,38.672
prequal,83,srv-9:80,34.382
prequal,83,srv-9:80,11.917
prequal,83,srv-9:80,34.252
prequal,83,srv-9:80,50.705
prequal,83,srv-9:80,28.961
prequal,83,srv-9:80,8.730
prequal,83,srv-9:80,8.586
prequal,83,srv-9:80,8.612
prequal,83,srv-9:80,8.185
prequal,83,srv-9:80,17.767
prequal,83,srv-9:80,19.246
prequal,83,srv-9:80,21.529
prequal,83,srv-9:80,49.025
prequal,83,srv-9:80,56.311
prequal,83,srv-9:80,60.414
prequal,83,srv-9:80,54.286
prequal,83,srv-9:80,21.332
prequal,83,srv-9:80,8.213
prequal,83,srv-9:80,8.272
prequal,83,srv-9:80,9.225
prequal,83,srv-9:80,12.880
prequal,83,srv-9:80,15.393
prequal,83,srv-9:80,16.182
prequal,83,srv-9:80,17.325
prequal,83,srv-9:80,49.617
prequal,83,srv-9:80,52.506
prequal,83,srv-9:80,18.957
prequal,83,srv-9:80,13.545
prequal,83,srv-9:80,20.043
prequal,83,srv-9:80,18.660
prequal,83,srv-9:80,21.809
prequal,83,srv-9:80,36.730
prequal,83,srv-9:80,50.640
prequal,83,srv-9:80,42.355
prequal,83,srv-9:80,31.417
prequal,83,srv-9:80,34.459
prequal,83,srv-9:80,34.227
prequal,83,srv-9:80,20.801
prequal,93,srv-10:80,11.439
prequal,93,srv-10:80,13.236
prequal,93,srv-10:80,11.435
prequal,93,srv-10:80,8.376
prequal,93,srv-10:80,9.694
prequal,93,srv-10:80,12.421
prequal,93,srv-10:80,16.634
prequal,93,srv-10:80,26.336
prequal,93,srv-10:80,57.420
prequal,93,srv-10:80,65.830
prequal,93,srv-10:80,51.042
prequal,93,srv-10:80,52.840
prequal,93,srv-10:80,55.374
prequal,93,srv-10:80,64.842
prequal,93,srv-10:80,71.634
prequal,93,srv-10:80,65.206
prequal,93,srv-10:80,57.978
prequal,93,srv-10:80,62.236
prequal,93,srv-10:80,51.658
prequal,93,srv-10:80,62.187
prequal,93,srv-10:80,73.061
prequal,93,srv-10:80,61.601
prequal,93,srv-10:80,43.501
prequal,93,srv-10:80,24.812
prequal,93,srv-10:80,19.318
prequal,93,srv-10:80,36.994
prequal,93,srv-10:80,63.178
prequal,93,srv-10:80,62.010
prequal,93,srv-10:80,41.046
prequal,93,srv-10:80,23.946
prequal,93,srv-10:80,27.174
prequal,93,srv-10:80,56.117
prequal,93,srv-10:80,66.236
prequal,93,srv-10:80,53.509
prequal,93,srv-10:80,66.466
prequal,93,srv-10:80,55.942
prequal,93,srv-10:80,38.985
prequal,93,srv-10:80,47.647
prequal,93,srv-10:80,47.843
prequal,93,srv-10:80,52.731
prequal,93,srv-10:80,61.788
prequal,93,srv-10:80,69.745
prequal,93,srv-10:80,77.442
prequal,93,srv-10:80,60.730
prequal,93,srv-10:80,44.059
prequal,93,srv-10:80,52.952
prequal,93,srv-10:80,73.581
prequal,93,srv-10:80,74.019
prequal,93,srv-10:80,44.740
prequal,93,srv-10:80,17.450
prequal,93,srv-10:80,11.940
prequal,93,srv-10:80,11.777
prequal,93,srv-10:80,30.039
prequal,93,srv-10:80,42.974
prequal,93,srv-10:80,53.313
prequal,93,srv-10:80,60.459
prequal,93,srv-10:80,39.482
prequal,93,srv-10:80,32.974
prequal,93,srv-10:80,59.520
prequal,93,srv-10:80,49.531
prequal,93,srv-1:80,158.302
prequal,93,srv-1:80,202.404
prequal,93,srv-1:80,203.803
prequal,93,srv-1:80,207.947
prequal,93,srv-1:80,206.150
prequal,93,srv-1:80,206.124
prequal,93,srv-1:80,212.045
prequal,93,srv-1:80,221.108
prequal,93,srv-1:80,213.396
prequal,93,srv-1:80,210.036
prequal,93,srv-1:80,218.502
prequal,93,srv-1:80,201.542
prequal,93,srv-1:80,141.338
prequal,93,srv-1:80,159.770
prequal,93,srv-1:80,216.899
prequal,93,srv-1:80,214.510
prequal,93,srv-1:80,199.980
prequal,93,srv-1:80,200.494
prequal,93,srv-1:80,207.545
prequal,93,srv-1:80,209.366
prequal,93,srv-1:80,211.490
prequal,93,srv-1:80,193.303
prequal,93,srv-1:80,121.530
prequal,93,srv-1:80,140.858
prequal,93,srv-1:80,206.104
prequal,93,srv-1:80,206.080
prequal,93,srv-1:80,204.489
prequal,93,srv-1:80,205.076
prequal,93,srv-1:80,211.195
prequal,93,srv-1:80,205.334
prequal,93,srv-1:80,194.557
prequal,93,srv-1:80,198.735
prequal,93,srv-1:80,208.561
prequal,93,srv-1:80,205.563
prequal,93,srv-1:80,214.933
prequal,93,srv-1:80,204.701
prequal,93,srv-1:80,190.527
prequal,93,srv-1:80,195.260
prequal,93,srv-1:80,185.029
prequal,93,srv-1:80,190.396
prequal,93,srv-1:80,212.827
prequal,93,srv-1:80,215.400
prequal,93,srv-1:80,215.923
prequal,93,srv-1:80,210.371
prequal,93,srv-1:80,211.678
prequal,93,srv-1:80,219.192
prequal,93,srv-1:80,220.110
prequal,93,srv-1:80,212.712
prequal,93,srv-1:80,214.805
prequal,93,srv-1:80,216.191
prequal,93,srv-1:80,215.449
prequal,93,srv-1:80,211.936
prequal,93,srv-1:80,202.241
prequal,93,srv-1:80,167.156
prequal,93,srv-1:80,177.049
prequal,93,srv-1:80,166.680
prequal,93,srv-1:80,164.776
prequal,93,srv-1:80,169.909
prequal,93,srv-1:80,146.929
prequal,93,srv-1:80,117.504
prequal,93,srv-2:80,145.687
prequal,93,srv-2:80,201.218
prequal,93,srv-2:80,201.187
prequal,93,srv-2:80,208.999
prequal,93,srv-2:80,213.242
prequal,93,srv-2:80,210.815
prequal,93,srv-2:80,178.468
prequal,93,srv-2:80,95.913
prequal,93,srv-2:80,59.847
prequal,93,srv-2:80,143.489
prequal,93,srv-2:80,212.277
prequal,93,srv-2:80,203.157
prequal,93,srv-2:80,206.059
prequal,93,srv-2:80,215.689
prequal,93,srv-2:80,214.753
prequal,93,srv-2:80,209.678
prequal,93,srv-2:80,204.462
prequal,93,srv-2:80,191.780
prequal,93,srv-2:80,127.988
prequal,93,srv-2:80,145.505
prequal,93,srv-2:80,213.850
prequal,93,srv-2:80,219.653
prequal,93,srv-2:80,214.798
prequal,93,srv-2:80,207.549
prequal,93,srv-2:80,206.114
prequal,93,srv-2:80,202.880
prequal,93,srv-2:80,202.165
prequal,93,srv-2:80,209.779
prequal,93,srv-2:80,165.195
prequal,93,srv-2:80,164.954
prequal,93,srv-2:80,204.272
prequal,93,srv-2:80,186.624
prequal,93,srv-2:80,185.784
prequal,93,srv-2:80,206.488
prequal,93,srv-2:80,221.017
prequal,93,srv-2:80,216.180
prequal,93,srv-2:80,201.599
prequal,93,srv-2:80,195.660
prequal,93,srv-2:80,195.088
prequal,93,srv-2:80,197.328
prequal,93,srv-2:80,201.028
prequal,93,srv-2:80,192.162
prequal,93,srv-2:80,199.535
prequal,93,srv-2:80,214.815
prequal,93,srv-2:80,213.095
prequal,93,srv-2:80,207.232
prequal,93,srv-2:80,211.869
prequal,93,srv-2:80,213.957
prequal,93,srv-2:80,211.715
prequal,93,srv-2:80,208.054
prequal,93,srv-2:80,200.956
prequal,93,srv-2:80,196.056
prequal,93,srv-2:80,197.080
prequal,93,srv-2:80,197.394
prequal,93,srv-2:80,208.791
prequal,93,srv-2:80,197.882
prequal,93,srv-2:80,126.332
prequal,93,srv-2:80,140.762
prequal,93,srv-2:80,208.981
prequal,93,srv-2:80,141.186
prequal,93,srv-3:80,192.645
prequal,93,srv-3:80,207.862
prequal,93,srv-3:80,207.992
prequal,93,srv-3:80,203.031
prequal,93,srv-3:80,195.710
prequal,93,srv-3:80,204.282
prequal,93,srv-3:80,213.083
prequal,93,srv-3:80,205.739
prequal,93,srv-3:80,202.853
prequal,93,srv-3:80,189.267
prequal,93,srv-3:80,190.543
prequal,93,srv-3:80,207.154
prequal,93,srv-3:80,200.575
prequal,93,srv-3:80,199.352
prequal,93,srv-3:80,204.565
prequal,93,srv-3:80,216.138
prequal,93,srv-3:80,213.659
prequal,93,srv-3:80,208.065
prequal,93,srv-3:80,207.267
prequal,93,srv-3:80,213.496
prequal,93,srv-3:80,215.585
prequal,93,srv-3:80,213.523
prequal,93,srv-3:80,214.834
prequal,93,srv-3:80,208.351
prequal,93,srv-3:80,200.627
prequal,93,srv-3:80,208.074
prequal,93,srv-3:80,216.912
prequal,93,srv-3:80,217.700
prequal,93,srv-3:80,200.464
prequal,93,srv-3:80,192.786
prequal,93,srv-3:80,179.397
prequal,93,srv-3:80,185.528
prequal,93,srv-3:80,166.203
prequal,93,srv-3:80,85.211
prequal,93,srv-3:80,37.189
prequal,93,srv-3:80,116.480
prequal,93,srv-3:80,197.956
prequal,93,srv-3:80,197.844
prequal,93,srv-3:80,201.755
prequal,93,srv-3:80,203.598
prequal,93,srv-3:80,202.633
prequal,93,srv-3:80,201.524
prequal,93,srv-3:80,211.094
prequal,93,srv-3:80,203.608
prequal,93,srv-3:80,200.359
prequal,93,srv-3:80,209.464
prequal,93,srv-3:80,214.593
prequal,93,srv-3:80,217.135
prequal,93,srv-3:80,214.438
prequal,93,srv-3:80,211.398
prequal,93,srv-3:80,210.717
prequal,93,srv-3:80,214.909
prequal,93,srv-3:80,211.591
prequal,93,srv-3:80,202.781
prequal,93,srv-3:80,201.697
prequal,93,srv-3:80,203.078
prequal,93,srv-3:80,201.883
prequal,93,srv-3:80,203.419
prequal,93,srv-3:80,201.608
prequal,93,srv-3:80,96.854
prequal,93,srv-4:80,177.099
prequal,93,srv-4:80,210.512
prequal,93,srv-4:80,211.241
prequal,93,srv-4:80,212.479
prequal,93,srv-4:80,207.499
prequal,93,srv-4:80,213.382
prequal,93,srv-4:80,222.707
prequal,93,srv-4:80,213.691
prequal,93,srv-4:80,211.479
prequal,93,srv-4:80,206.334
prequal,93,srv-4:80,172.666
prequal,93,srv-4:80,179.476
prequal,93,srv-4:80,204.190
prequal,93,srv-4:80,192.669
prequal,93,srv-4:80,191.769
prequal,93,srv-4:80,205.309
prequal,93,srv-4:80,201.834
prequal,93,srv-4:80,204.894
prequal,93,srv-4:80,188.208
prequal,93,srv-4:80,189.879
prequal,93,srv-4:80,203.332
prequal,93,srv-4:80,203.485
prequal,93,srv-4:80,216.779
prequal,93,srv-4:80,218.622
prequal,93,srv-4:80,213.921
prequal,93,srv-4:80,211.866
prequal,93,srv-4:80,213.464
prequal,93,srv-4:80,202.889
prequal,93,srv-4:80,193.248
prequal,93,srv-4:80,202.203
prequal,93,srv-4:80,208.681
prequal,93,srv-4:80,189.140
prequal,93,srv-4:80,179.595
prequal,93,srv-4:80,201.752
prequal,93,srv-4:80,218.502
prequal,93,srv-4:80,216.080
prequal,93,srv-4:80,209.959
prequal,93,srv-4:80,206.835
prequal,93,srv-4:80,185.939
prequal,93,srv-4:80,179.893
prequal,93,srv-4:80,187.757
prequal,93,srv-4:80,197.553
prequal,93,srv-4:80,216.436
prequal,93,srv-4:80,210.092
prequal,93,srv-4:80,159.374
prequal,93,srv-4:80,127.924
prequal,93,srv-4:80,164.745
prequal,93,srv-4:80,197.654
prequal,93,srv-4:80,172.442
prequal,93,srv-4:80,140.675
prequal,93,srv-4:80,169.155
prequal,93,srv-4:80,192.222
prequal,93,srv-4:80,180.397
prequal,93,srv-4:80,190.897
prequal,93,srv-4:80,211.049
prequal,93,srv-4:80,210.905
prequal,93,srv-4:80,207.422
prequal,93,srv-4:80,210.614
prequal,93,srv-4:80,216.867
prequal,93,srv-4:80,123.340
prequal,93,srv-5:80,114.170
prequal,93,srv-5:80,68.614
prequal,93,srv-5:80,51.101
prequal,93,srv-5:80,50.941
prequal,93,srv-5:80,68.569
prequal,93,srv-5:80,126.375
prequal,93,srv-5:80,147.747
prequal,93,srv-5:80,168.011
prequal,93,srv-5:80,162.959
prequal,93,srv-5:80,122.515
prequal,93,srv-5:80,97.562
prequal,93,srv-5:80,106.317
prequal,93,srv-5:80,144.539
prequal,93,srv-5:80,104.962
prequal,93,srv-5:80,14.323
prequal,93,srv-5:80,8.122
prequal,93,srv-5:80,29.068
prequal,93,srv-5:80,70.681
prequal,93,srv-5:80,153.749
prequal,93,srv-5:80,121.794
prequal,93,srv-5:80,24.359
prequal,93,srv-5:80,67.928
prequal,93,srv-5:80,153.834
prequal,93,srv-5:80,159.533
prequal,93,srv-5:80,160.375
prequal,93,srv-5:80,127.731
prequal,93,srv-5:80,35.588
prequal,93,srv-5:80,48.887
prequal,93,srv-5:80,140.827
prequal,93,srv-5:80,153.772
prequal,93,srv-5:80,148.837
prequal,93,srv-5:80,149.515
prequal,93,srv-5:80,142.850
prequal,93,srv-5:80,141.656
prequal,93,srv-5:80,155.791
prequal,93,srv-5:80,168.041
prequal,93,srv-5:80,135.083
prequal,93,srv-5:80,136.633
prequal,93,srv-5:80,149.005
prequal,93,srv-5:80,145.742
prequal,93,srv-5:80,128.392
prequal,93,srv-5:80,139.934
prequal,93,srv-5:80,138.271
prequal,93,srv-5:80,109.241
prequal,93,srv-5:80,98.846
prequal,93,srv-5:80,125.308
prequal,93,srv-5:80,156.004
prequal,93,srv-5:80,161.260
prequal,93,srv-5:80,126.888
prequal,93,srv-5:80,132.160
prequal,93,srv-5:80,153.335
prequal,93,srv-5:80,159.635
prequal,93,srv-5:80,158.765
prequal,93,srv-5:80,154.316
prequal,93,srv-5:80,99.448
prequal,93,srv-5:80,86.354
prequal,93,srv-5:80,146.811
prequal,93,srv-5:80,162.192
prequal,93,srv-5:80,124.577
prequal,93,srv-5:80,52.210
prequal,93,srv-6:80,134.789
prequal,93,srv-6:80,142.914
prequal,93,srv-6:80,160.268
prequal,93,srv-6:80,148.727
prequal,93,srv-6:80,120.933
prequal,93,srv-6:80,102.232
prequal,93,srv-6:80,132.749
prequal,93,srv-6:80,176.974
prequal,93,srv-6:80,154.865
prequal,93,srv-6:80,161.063
prequal,93,srv-6:80,165.728
prequal,93,srv-6:80,166.786
prequal,93,srv-6:80,144.259
prequal,93,srv-6:80,121.308
prequal,93,srv-6:80,139.470
prequal,93,srv-6:80,142.652
prequal,93,srv-6:80,122.422
prequal,93,srv-6:80,98.391
prequal,93,srv-6:80,112.624
prequal,93,srv-6:80,157.454
prequal,93,srv-6:80,109.759
prequal,93,srv-6:80,119.737
prequal,93,srv-6:80,106.479
prequal,93,srv-6:80,17.600
prequal,93,srv-6:80,16.424
prequal,93,srv-6:80,118.676
prequal,93,srv-6:80,141.625
prequal,93,srv-6:80,130.626
prequal,93,srv-6:80,141.916
prequal,93,srv-6:80,88.100
prequal,93,srv-6:80,47.352
prequal,93,srv-6:80,62.659
prequal,93,srv-6:80,116.932
prequal,93,srv-6:80,135.477
prequal,93,srv-6:80,114.169
prequal,93,srv-6:80,138.942
prequal,93,srv-6:80,160.423
prequal,93,srv-6:80,160.317
prequal,93,srv-6:80,153.647
prequal,93,srv-6:80,145.132
prequal,93,srv-6:80,136.235
prequal,93,srv-6:80,75.409
prequal,93,srv-6:80,84.273
prequal,93,srv-6:80,140.844
prequal,93,srv-6:80,134.978
prequal,93,srv-6:80,52.837
prequal,93,srv-6:80,9.020
prequal,93,srv-6:80,88.457
prequal,93,srv-6:80,165.489
prequal,93,srv-6:80,168.849
prequal,93,srv-6:80,160.927
prequal,93,srv-6:80,155.224
prequal,93,srv-6:80,159.048
prequal,93,srv-6:80,159.915
prequal,93,srv-6:80,154.865
prequal,93,srv-6:80,142.658
prequal,93,srv-6:80,104.674
prequal,93,srv-6:80,100.494
prequal,93,srv-6:80,129.388
prequal,93,srv-6:80,63.493
prequal,93,srv-7:80,75.554
prequal,93,srv-7:80,110.224
prequal,93,srv-7:80,94.061
prequal,93,srv-7:80,66.811
prequal,93,srv-7:80,88.172
prequal,93,srv-7:80,56.953
prequal,93,srv-7:80,53.145
prequal,93,srv-7:80,94.721
prequal,93,srv-7:80,83.250
prequal,93,srv-7:80,34.854
prequal,93,srv-7:80,19.120
prequal,93,srv-7:80,33.467
prequal,93,srv-7:80,48.553
prequal,93,srv-7:80,68.160
prequal,93,srv-7:80,97.224
prequal,93,srv-7:80,82.291
prequal,93,srv-7:80,73.354
prequal,93,srv-7:80,95.802
prequal,93,srv-7:80,113.370
prequal,93,srv-7:80,95.064
prequal,93,srv-7:80,94.994
prequal,93,srv-7:80,101.293
prequal,93,srv-7:80,97.353
prequal,93,srv-7:80,110.390
prequal,93,srv-7:80,110.417
prequal,93,srv-7:80,77.632
prequal,93,srv-7:80,22.365
prequal,93,srv-7:80,40.195
prequal,93,srv-7:80,89.376
prequal,93,srv-7:80,90.447
prequal,93,srv-7:80,94.305
prequal,93,srv-7:80,79.991
prequal,93,srv-7:80,81.650
prequal,93,srv-7:80,88.881
prequal,93,srv-7:80,97.902
prequal,93,srv-7:80,118.716
prequal,93,srv-7:80,89.212
prequal,93,srv-7:80,75.698
prequal,93,srv-7:80,92.522
prequal,93,srv-7:80,95.208
prequal,93,srv-7:80,92.636
prequal,93,srv-7:80,98.706
prequal,93,srv-7:80,87.791
prequal,93,srv-7:80,76.480
prequal,93,srv-7:80,64.394
prequal,93,srv-7:80,69.363
prequal,93,srv-7:80,50.933
prequal,93,srv-7:80,31.913
prequal,93,srv-7:80,59.341
prequal,93,srv-7:80,92.086
prequal,93,srv-7:80,78.961
prequal,93,srv-7:80,55.494
prequal,93,srv-7:80,35.490
prequal,93,srv-7:80,47.236
prequal,93,srv-7:80,73.923
prequal,93,srv-7:80,93.202
prequal,93,srv-7:80,92.397
prequal,93,srv-7:80,77.654
prequal,93,srv-7:80,83.622
prequal,93,srv-7:80,76.383
prequal,93,srv-8:80,66.041
prequal,93,srv-8:80,73.446
prequal,93,srv-8:80,78.877
prequal,93,srv-8:80,77.182
prequal,93,srv-8:80,95.021
prequal,93,srv-8:80,103.759
prequal,93,srv-8:80,75.977
prequal,93,srv-8:80,28.620
prequal,93,srv-8:80,51.307
prequal,93,srv-8:80,52.387
prequal,93,srv-8:80,66.993
prequal,93,srv-8:80,84.386
prequal,93,srv-8:80,68.261
prequal,93,srv-8:80,65.959
prequal,93,srv-8:80,76.955
prequal,93,srv-8:80,84.556
prequal,93,srv-8:80,84.456
prequal,93,srv-8:80,97.354
prequal,93,srv-8:80,88.486
prequal,93,srv-8:80,41.520
prequal,93,srv-8:80,44.842
prequal,93,srv-8:80,44.334
prequal,93,srv-8:80,25.270
prequal,93,srv-8:80,71.877
prequal,93,srv-8:80,98.140
prequal,93,srv-8:80,95.533
prequal,93,srv-8:80,112.107
prequal,93,srv-8:80,64.945
prequal,93,srv-8:80,20.201
prequal,93,srv-8:80,38.644
prequal,93,srv-8:80,85.767
prequal,93,srv-8:80,96.704
prequal,93,srv-8:80,72.017
prequal,93,srv-8:80,78.723
prequal,93,srv-8:80,63.473
prequal,93,srv-8:80,32.444
prequal,93,srv-8:80,14.446
prequal,93,srv-8:80,8.925
prequal,93,srv-8:80,8.538
prequal,93,srv-8:80,9.056
prequal,93,srv-8:80,8.590
prequal,93,srv-8:80,8.983
prequal,93,srv-8:80,14.994
prequal,93,srv-8:80,45.060
prequal,93,srv-8:80,94.411
prequal,93,srv-8:80,95.001
prequal,93,srv-8:80,102.145
prequal,93,srv-8:80,83.174
prequal,93,srv-8:80,23.231
prequal,93,srv-8:80,24.713
prequal,93,srv-8:80,39.883
prequal,93,srv-8:80,58.538
prequal,93,srv-8:80,103.409
prequal,93,srv-8:80,113.184
prequal,93,srv-8:80,118.325
prequal,93,srv-8:80,116.989
prequal,93,srv-8:80,112.585
prequal,93,srv-8:80,99.759
prequal,93,srv-8:80,38.583
prequal,93,srv-8:80,6.781
prequal,93,srv-9:80,42.913
prequal,93,srv-9:80,47.640
prequal,93,srv-9:80,58.001
prequal,93,srv-9:80,59.869
prequal,93,srv-9:80,29.493
prequal,93,srv-9:80,34.918
prequal,93,srv-9:80,54.817
prequal,93,srv-9:80,67.274
prequal,93,srv-9:80,69.670
prequal,93,srv-9:80,70.551
prequal,93,srv-9:80,77.207
prequal,93,srv-9:80,54.679
prequal,93,srv-9:80,38.971
prequal,93,srv-9:80,48.769
prequal,93,srv-9:80,56.486
prequal,93,srv-9:80,59.121
prequal,93,srv-9:80,56.677
prequal,93,srv-9:80,39.448
prequal,93,srv-9:80,34.463
prequal,93,srv-9:80,53.547
prequal,93,srv-9:80,58.667
prequal,93,srv-9:80,68.444
prequal,93,srv-9:80,64.395
prequal,93,srv-9:80,58.756
prequal,93,srv-9:80,50.846
prequal,93,srv-9:80,57.145
prequal,93,srv-9:80,61.304
prequal,93,srv-9:80,65.270
prequal,93,srv-9:80,69.062
prequal,93,srv-9:80,68.536
prequal,93,srv-9:80,73.931
prequal,93,srv-9:80,69.045
prequal,93,srv-9:80,66.831
prequal,93,srv-9:80,66.079
prequal,93,srv-9:80,77.610
prequal,93,srv-9:80,81.597
prequal,93,srv-9:80,49.999
prequal,93,srv-9:80,29.381
prequal,93,srv-9:80,23.958
prequal,93,srv-9:80,23.414
prequal,93,srv-9:80,25.102
prequal,93,srv-9:80,32.154
prequal,93,srv-9:80,62.019
prequal,93,srv-9:80,50.001
prequal,93,srv-9:80,24.228
prequal,93,srv-9:80,37.202
prequal,93,srv-9:80,48.041
prequal,93,srv-9:80,55.890
prequal,93,srv-9:80,66.864
prequal,93,srv-9:80,57.267
prequal,93,srv-9:80,27.890
prequal,93,srv-9:80,8.213
prequal,93,srv-9:80,9.573
prequal,93,srv-9:80,9.786
prequal,93,srv-9:80,10.727
prequal,93,srv-9:80,12.081
prequal,93,srv-9:80,31.439
prequal,93,srv-9:80,64.544
prequal,93,srv-9:80,67.210
prequal,93,srv-9:80,29.513
prequal,103,srv-10:80,68.213
prequal,103,srv-10:80,60.850
prequal,103,srv-10:80,69.598
prequal,103,srv-10:80,74.818
prequal,103,srv-10:80,80.205
prequal,103,srv-10:80,69.519
prequal,103,srv-10:80,71.361
prequal,103,srv-10:80,80.913
prequal,103,srv-10:80,76.322
prequal,103,srv-10:80,68.547
prequal,103,srv-10:80,54.767
prequal,103,srv-10:80,62.906
prequal,103,srv-10:80,67.154
prequal,103,srv-10:80,55.152
prequal,103,srv-10:80,57.596
prequal,103,srv-10:80,51.027
prequal,103,srv-10:80,66.335
prequal,103,srv-10:80,81.783
prequal,103,srv-10:80,65.037
prequal,103,srv-10:80,46.429
prequal,103,srv-10:80,55.508
prequal,103,srv-10:80,68.081
prequal,103,srv-10:80,46.983
prequal,103,srv-10:80,40.913
prequal,103,srv-10:80,69.044
prequal,103,srv-10:80,64.625
prequal,103,srv-10:80,60.254
prequal,103,srv-10:80,67.470
prequal,103,srv-10:80,72.285
prequal,103,srv-10:80,73.301
prequal,103,srv-10:80,70.237
prequal,103,srv-10:80,82.344
prequal,103,srv-10:80,97.211
prequal,103,srv-10:80,98.659
prequal,103,srv-10:80,80.640
prequal,103,srv-10:80,50.993
prequal,103,srv-10:80,62.400
prequal,103,srv-10:80,86.763
prequal,103,srv-10:80,86.920
prequal,103,srv-10:80,70.217
prequal,103,srv-10:80,59.591
prequal,103,srv-10:80,61.285
prequal,103,srv-10:80,73.789
prequal,103,srv-10:80,75.752
prequal,103,srv-10:80,68.917
prequal,103,srv-10:80,85.619
prequal,103,srv-10:80,88.979
prequal,103,srv-10:80,59.874
prequal,103,srv-10:80,58.023
prequal,103,srv-10:80,67.092
prequal,103,srv-10:80,65.861
prequal,103,srv-10:80,68.955
prequal,103,srv-10:80,69.833
prequal,103,srv-10:80,71.206
prequal,103,srv-10:80,63.113
prequal,103,srv-10:80,60.134
prequal,103,srv-10:80,56.635
prequal,103,srv-10:80,68.198
prequal,103,srv-10:80,68.704
prequal,103,srv-10:80,29.971
prequal,103,srv-1:80,220.382
prequal,103,srv-1:80,226.969
prequal,103,srv-1:80,205.356
prequal,103,srv-1:80,197.898
prequal,103,srv-1:80,205.834
prequal,103,srv-1:80,207.596
prequal,103,srv-1:80,222.032
prequal,103,srv-1:80,222.123
prequal,103,srv-1:80,223.614
prequal,103,srv-1:80,231.138
prequal,103,srv-1:80,236.295
prequal,103,srv-1:80,227.471
prequal,103,srv-1:80,213.253
prequal,103,srv-1:80,210.794
prequal,103,srv-1:80,209.086
prequal,103,srv-1:80,205.704
prequal,103,srv-1:80,215.900
prequal,103,srv-1:80,222.490
prequal,103,srv-1:80,217.147
prequal,103,srv-1:80,219.253
prequal,103,srv-1:80,230.005
prequal,103,srv-1:80,226.774
prequal,103,srv-1:80,222.946
prequal,103,srv-1:80,223.476
prequal,103,srv-1:80,226.107
prequal,103,srv-1:80,224.493
prequal,103,srv-1:80,219.047
prequal,103,srv-1:80,211.429
prequal,103,srv-1:80,206.638
prequal,103,srv-1:80,184.711
prequal,103,srv-1:80,188.836
prequal,103,srv-1:80,203.453
prequal,103,srv-1:80,206.518
prequal,103,srv-1:80,199.608
prequal,103,srv-1:80,188.768
prequal,103,srv-1:80,193.296
prequal,103,srv-1:80,216.631
prequal,103,srv-1:80,231.478
prequal,103,srv-1:80,227.705
prequal,103,srv-1:80,202.036
prequal,103,srv-1:80,204.168
prequal,103,srv-1:80,228.737
prequal,103,srv-1:80,223.611
prequal,103,srv-1:80,225.938
prequal,103,srv-1:80,219.620
prequal,103,srv-1:80,217.371
prequal,103,srv-1:80,228.369
prequal,103,srv-1:80,185.633
prequal,103,srv-1:80,188.150
prequal,103,srv-1:80,230.833
prequal,103,srv-1:80,231.973
prequal,103,srv-1:80,220.031
prequal,103,srv-1:80,206.837
prequal,103,srv-1:80,219.888
prequal,103,srv-1:80,224.938
prequal,103,srv-1:80,227.550
prequal,103,srv-1:80,224.877
prequal,103,srv-1:80,226.630
prequal,103,srv-1:80,203.253
prequal,103,srv-1:80,89.580
prequal,103,srv-2:80,219.346
prequal,103,srv-2:80,218.523
prequal,103,srv-2:80,224.854
prequal,103,srv-2:80,218.646
prequal,103,srv-2:80,187.097
prequal,103,srv-2:80,199.012
prequal,103,srv-2:80,203.416
prequal,103,srv-2:80,193.340
prequal,103,srv-2:80,225.793
prequal,103,srv-2:80,235.911
prequal,103,srv-2:80,231.456
prequal,103,srv-2:80,223.522
prequal,103,srv-2:80,224.907
prequal,103,srv-2:80,220.495
prequal,103,srv-2:80,194.786
prequal,103,srv-2:80,195.099
prequal,103,srv-2:80,223.050
prequal,103,srv-2:80,234.389
prequal,103,srv-2:80,218.200
prequal,103,srv-2:80,210.486
prequal,103,srv-2:80,226.729
prequal,103,srv-2:80,227.197
prequal,103,srv-2:80,191.181
prequal,103,srv-2:80,153.187
prequal,103,srv-2:80,175.305
prequal,103,srv-2:80,203.388
prequal,103,srv-2:80,190.510
prequal,103,srv-2:80,191.158
prequal,103,srv-2:80,215.694
prequal,103,srv-2:80,202.662
prequal,103,srv-2:80,195.553
prequal,103,srv-2:80,169.470
prequal,103,srv-2:80,173.688
prequal,103,srv-2:80,159.620
prequal,103,srv-2:80,165.921
prequal,103,srv-2:80,223.556
prequal,103,srv-2:80,232.794
prequal,103,srv-2:80,241.129
prequal,103,srv-2:80,236.680
prequal,103,srv-2:80,227.271
prequal,103,srv-2:80,212.620
prequal,103,srv-2:80,195.780
prequal,103,srv-2:80,211.969
prequal,103,srv-2:80,228.635
prequal,103,srv-2:80,220.998
prequal,103,srv-2:80,216.378
prequal,103,srv-2:80,225.072
prequal,103,srv-2:80,224.420
prequal,103,srv-2:80,217.290
prequal,103,srv-2:80,190.261
prequal,103,srv-2:80,195.292
prequal,103,srv-2:80,231.591
prequal,103,srv-2:80,232.373
prequal,103,srv-2:80,226.595
prequal,103,srv-2:80,221.705
prequal,103,srv-2:80,228.656
prequal,103,srv-2:80,217.122
prequal,103,srv-2:80,216.508
prequal,103,srv-2:80,156.071
prequal,103,srv-2:80,44.995
prequal,103,srv-3:80,182.246
prequal,103,srv-3:80,211.873
prequal,103,srv-3:80,220.630
prequal,103,srv-3:80,220.777
prequal,103,srv-3:80,220.186
prequal,103,srv-3:80,231.364
prequal,103,srv-3:80,231.538
prequal,103,srv-3:80,218.332
prequal,103,srv-3:80,221.501
prequal,103,srv-3:80,214.958
prequal,103,srv-3:80,217.513
prequal,103,srv-3:80,236.097
prequal,103,srv-3:80,226.599
prequal,103,srv-3:80,226.814
prequal,103,srv-3:80,234.027
prequal,103,srv-3:80,226.638
prequal,103,srv-3:80,229.757
prequal,103,srv-3:80,227.798
prequal,103,srv-3:80,226.726
prequal,103,srv-3:80,226.188
prequal,103,srv-3:80,214.976
prequal,103,srv-3:80,220.943
prequal,103,srv-3:80,229.405
prequal,103,srv-3:80,227.692
prequal,103,srv-3:80,221.743
prequal,103,srv-3:80,216.084
prequal,103,srv-3:80,219.611
prequal,103,srv-3:80,230.144
prequal,103,srv-3:80,216.159
prequal,103,srv-3:80,196.876
prequal,103,srv-3:80,203.902
prequal,103,srv-3:80,204.151
prequal,103,srv-3:80,187.847
prequal,103,srv-3:80,163.047
prequal,103,srv-3:80,178.247
prequal,103,srv-3:80,187.885
prequal,103,srv-3:80,184.112
prequal,103,srv-3:80,193.674
prequal,103,srv-3:80,205.282
prequal,103,srv-3:80,193.594
prequal,103,srv-3:80,192.027
prequal,103,srv-3:80,225.119
prequal,103,srv-3:80,220.715
prequal,103,srv-3:80,222.806
prequal,103,srv-3:80,211.782
prequal,103,srv-3:80,209.562
prequal,103,srv-3:80,220.726
prequal,103,srv-3:80,225.015
prequal,103,srv-3:80,219.858
prequal,103,srv-3:80,226.375
prequal,103,srv-3:80,232.443
prequal,103,srv-3:80,227.986
prequal,103,srv-3:80,222.924
prequal,103,srv-3:80,226.847
prequal,103,srv-3:80,236.680
prequal,103,srv-3:80,227.672
prequal,103,srv-3:80,223.995
prequal,103,srv-3:80,232.570
prequal,103,srv-3:80,208.460
prequal,103,srv-3:80,129.492
prequal,103,srv-4:80,223.664
prequal,103,srv-4:80,216.601
prequal,103,srv-4:80,217.681
prequal,103,srv-4:80,216.641
prequal,103,srv-4:80,216.414
prequal,103,srv-4:80,211.286
prequal,103,srv-4:80,145.689
prequal,103,srv-4:80,157.534
prequal,103,srv-4:80,178.181
prequal,103,srv-4:80,190.341
prequal,103,srv-4:80,196.899
prequal,103,srv-4:80,176.171
prequal,103,srv-4:80,218.049
prequal,103,srv-4:80,227.960
prequal,103,srv-4:80,226.773
prequal,103,srv-4:80,224.989
prequal,103,srv-4:80,225.250
prequal,103,srv-4:80,226.805
prequal,103,srv-4:80,227.706
prequal,103,srv-4:80,220.957
prequal,103,srv-4:80,216.115
prequal,103,srv-4:80,219.838
prequal,103,srv-4:80,223.739
prequal,103,srv-4:80,219.784
prequal,103,srv-4:80,171.370
prequal,103,srv-4:80,136.340
prequal,103,srv-4:80,183.088
prequal,103,srv-4:80,210.983
prequal,103,srv-4:80,211.641
prequal,103,srv-4:80,225.418
prequal,103,srv-4:80,196.494
prequal,103,srv-4:80,170.199
prequal,103,srv-4:80,205.214
prequal,103,srv-4:80,214.279
prequal,103,srv-4:80,211.753
prequal,103,srv-4:80,222.984
prequal,103,srv-4:80,236.109
prequal,103,srv-4:80,236.977
prequal,103,srv-4:80,229.358
prequal,103,srv-4:80,225.526
prequal,103,srv-4:80,195.267
prequal,103,srv-4:80,194.609
prequal,103,srv-4:80,223.011
prequal,103,srv-4:80,227.015
prequal,103,srv-4:80,229.427
prequal,103,srv-4:80,220.774
prequal,103,srv-4:80,216.591
prequal,103,srv-4:80,199.836
prequal,103,srv-4:80,209.404
prequal,103,srv-4:80,243.016
prequal,103,srv-4:80,239.028
prequal,103,srv-4:80,227.045
prequal,103,srv-4:80,226.728
prequal,103,srv-4:80,175.389
prequal,103,srv-4:80,171.468
prequal,103,srv-4:80,220.986
prequal,103,srv-4:80,225.979
prequal,103,srv-4:80,226.014
prequal,103,srv-4:80,184.897
prequal,103,srv-4:80,79.826
prequal,103,srv-5:80,159.929
prequal,103,srv-5:80,164.776
prequal,103,srv-5:80,157.330
prequal,103,srv-5:80,163.079
prequal,103,srv-5:80,152.575
prequal,103,srv-5:80,146.654
prequal,103,srv-5:80,147.521
prequal,103,srv-5:80,146.614
prequal,103,srv-5:80,151.054
prequal,103,srv-5:80,162.931
prequal,103,srv-5:80,147.408
prequal,103,srv-5:80,152.457
prequal,103,srv-5:80,116.718
prequal,103,srv-5:80,123.044
prequal,103,srv-5:80,169.696
prequal,103,srv-5:80,168.244
prequal,103,srv-5:80,120.880
prequal,103,srv-5:80,131.987
prequal,103,srv-5:80,138.448
prequal,103,srv-5:80,127.347
prequal,103,srv-5:80,119.252
prequal,103,srv-5:80,109.046
prequal,103,srv-5:80,106.115
prequal,103,srv-5:80,124.894
prequal,103,srv-5:80,161.467
prequal,103,srv-5:80,180.787
prequal,103,srv-5:80,171.790
prequal,103,srv-5:80,171.910
prequal,103,srv-5:80,155.144
prequal,103,srv-5:80,165.763
prequal,103,srv-5:80,181.898
prequal,103,srv-5:80,175.969
prequal,103,srv-5:80,191.326
prequal,103,srv-5:80,196.966
prequal,103,srv-5:80,157.127
prequal,103,srv-5:80,159.954
prequal,103,srv-5:80,158.537
prequal,103,srv-5:80,155.896
prequal,103,srv-5:80,175.391
prequal,103,srv-5:80,168.909
prequal,103,srv-5:80,173.166
prequal,103,srv-5:80,159.032
prequal,103,srv-5:80,162.019
prequal,103,srv-5:80,178.791
prequal,103,srv-5:80,160.034
prequal,103,srv-5:80,149.222
prequal,103,srv-5:80,162.153
prequal,103,srv-5:80,163.199
prequal,103,srv-5:80,165.980
prequal,103,srv-5:80,159.629
prequal,103,srv-5:80,171.872
prequal,103,srv-5:80,183.480
prequal,103,srv-5:80,184.330
prequal,103,srv-5:80,173.497
prequal,103,srv-5:80,176.570
prequal,103,srv-5:80,165.345
prequal,103,srv-5:80,167.453
prequal,103,srv-5:80,172.692
prequal,103,srv-5:80,163.835
prequal,103,srv-5:80,77.290
prequal,103,srv-6:80,172.115
prequal,103,srv-6:80,172.454
prequal,103,srv-6:80,164.196
prequal,103,srv-6:80,161.795
prequal,103,srv-6:80,161.652
prequal,103,srv-6:80,137.508
prequal,103,srv-6:80,130.503
prequal,103,srv-6:80,153.369
prequal,103,srv-6:80,162.935
prequal,103,srv-6:80,160.335
prequal,103,srv-6:80,163.154
prequal,103,srv-6:80,162.587
prequal,103,srv-6:80,157.746
prequal,103,srv-6:80,145.340
prequal,103,srv-6:80,148.202
prequal,103,srv-6:80,165.573
prequal,103,srv-6:80,156.250
prequal,103,srv-6:80,112.839
prequal,103,srv-6:80,113.794
prequal,103,srv-6:80,168.665
prequal,103,srv-6:80,155.465
prequal,103,srv-6:80,156.640
prequal,103,srv-6:80,163.041
prequal,103,srv-6:80,160.929
prequal,103,srv-6:80,152.331
prequal,103,srv-6:80,167.144
prequal,103,srv-6:80,173.886
prequal,103,srv-6:80,164.302
prequal,103,srv-6:80,159.462
prequal,103,srv-6:80,169.946
prequal,103,srv-6:80,173.085
prequal,103,srv-6:80,177.266
prequal,103,srv-6:80,148.020
prequal,103,srv-6:80,118.830
prequal,103,srv-6:80,137.521
prequal,103,srv-6:80,180.542
prequal,103,srv-6:80,164.134
prequal,103,srv-6:80,137.761
prequal,103,srv-6:80,149.926
prequal,103,srv-6:80,181.362
prequal,103,srv-6:80,180.804
prequal,103,srv-6:80,115.551
prequal,103,srv-6:80,95.761
prequal,103,srv-6:80,152.070
prequal,103,srv-6:80,165.653
prequal,103,srv-6:80,167.655
prequal,103,srv-6:80,174.719
prequal,103,srv-6:80,192.411
prequal,103,srv-6:80,179.260
prequal,103,srv-6:80,176.180
prequal,103,srv-6:80,168.757
prequal,103,srv-6:80,147.099
prequal,103,srv-6:80,147.444
prequal,103,srv-6:80,155.401
prequal,103,srv-6:80,167.324
prequal,103,srv-6:80,102.494
prequal,103,srv-6:80,68.063
prequal,103,srv-6:80,132.810
prequal,103,srv-6:80,153.060
prequal,103,srv-6:80,50.164
prequal,103,srv-7:80,89.478
prequal,103,srv-7:80,59.485
prequal,103,srv-7:80,12.525
prequal,103,srv-7:80,13.063
prequal,103,srv-7:80,22.729
prequal,103,srv-7:80,52.515
prequal,103,srv-7:80,110.565
prequal,103,srv-7:80,87.047
prequal,103,srv-7:80,19.977
prequal,103,srv-7:80,30.281
prequal,103,srv-7:80,91.324
prequal,103,srv-7:80,86.212
prequal,103,srv-7:80,37.358
prequal,103,srv-7:80,62.891
prequal,103,srv-7:80,113.288
prequal,103,srv-7:80,116.361
prequal,103,srv-7:80,62.923
prequal,103,srv-7:80,58.466
prequal,103,srv-7:80,88.804
prequal,103,srv-7:80,71.632
prequal,103,srv-7:80,36.233
prequal,103,srv-7:80,28.900
prequal,103,srv-7:80,53.657
prequal,103,srv-7:80,95.113
prequal,103,srv-7:80,100.347
prequal,103,srv-7:80,94.101
prequal,103,srv-7:80,67.681
prequal,103,srv-7:80,43.316
prequal,103,srv-7:80,55.521
prequal,103,srv-7:80,31.999
prequal,103,srv-7:80,40.722
prequal,103,srv-7:80,100.865
prequal,103,srv-7:80,114.307
prequal,103,srv-7:80,105.429
prequal,103,srv-7:80,82.630
prequal,103,srv-7:80,83.071
prequal,103,srv-7:80,89.542
prequal,103,srv-7:80,75.075
prequal,103,srv-7:80,55.396
prequal,103,srv-7:80,21.402
prequal,103,srv-7:80,48.927
prequal,103,srv-7:80,96.309
prequal,103,srv-7:80,75.741
prequal,103,srv-7:80,25.672
prequal,103,srv-7:80,30.487
prequal,103,srv-7:80,30.542
prequal,103,srv-7:80,26.089
prequal,103,srv-7:80,99.707
prequal,103,srv-7:80,111.218
prequal,103,srv-7:80,104.819
prequal,103,srv-7:80,116.559
prequal,103,srv-7:80,97.089
prequal,103,srv-7:80,90.162
prequal,103,srv-7:80,44.131
prequal,103,srv-7:80,43.231
prequal,103,srv-7:80,86.578
prequal,103,srv-7:80,85.359
prequal,103,srv-7:80,90.797
prequal,103,srv-7:80,92.059
prequal,103,srv-7:80,34.971
prequal,103,srv-8:80,20.035
prequal,103,srv-8:80,45.543
prequal,103,srv-8:80,89.351
prequal,103,srv-8:80,89.886
prequal,103,srv-8:80,107.107
prequal,103,srv-8:80,115.802
prequal,103,srv-8:80,111.849
prequal,103,srv-8:80,104.066
prequal,103,srv-8:80,105.668
prequal,103,srv-8:80,80.505
prequal,103,srv-8:80,27.433
prequal,103,srv-8:80,55.617
prequal,103,srv-8:80,115.675
prequal,103,srv-8:80,101.969
prequal,103,srv-8:80,59.296
prequal,103,srv-8:80,52.197
prequal,103,srv-8:80,95.966
prequal,103,srv-8:80,120.877
prequal,103,srv-8:80,98.812
prequal,103,srv-8:80,100.014
prequal,103,srv-8:80,117.339
prequal,103,srv-8:80,109.061
prequal,103,srv-8:80,114.293
prequal,103,srv-8:80,116.683
prequal,103,srv-8:80,102.065
prequal,103,srv-8:80,109.919
prequal,103,srv-8:80,123.132
prequal,103,srv-8:80,124.391
prequal,103,srv-8:80,112.683
prequal,103,srv-8:80,106.956
prequal,103,srv-8:80,98.602
prequal,103,srv-8:80,116.418
prequal,103,srv-8:80,104.138
prequal,103,srv-8:80,114.505
prequal,103,srv-8:80,131.258
prequal,103,srv-8:80,121.212
prequal,103,srv-8:80,81.410
prequal,103,srv-8:80,48.316
prequal,103,srv-8:80,51.475
prequal,103,srv-8:80,82.240
prequal,103,srv-8:80,106.584
prequal,103,srv-8:80,114.854
prequal,103,srv-8:80,79.971
prequal,103,srv-8:80,69.464
prequal,103,srv-8:80,95.474
prequal,103,srv-8:80,123.432
prequal,103,srv-8:80,107.289
prequal,103,srv-8:80,83.174
prequal,103,srv-8:80,66.780
prequal,103,srv-8:80,12.574
prequal,103,srv-8:80,12.563
prequal,103,srv-8:80,14.633
prequal,103,srv-8:80,35.616
prequal,103,srv-8:80,85.396
prequal,103,srv-8:80,91.758
prequal,103,srv-8:80,117.388
prequal,103,srv-8:80,117.132
prequal,103,srv-8:80,81.929
prequal,103,srv-8:80,60.298
prequal,103,srv-8:80,12.723
prequal,103,srv-9:80,49.523
prequal,103,srv-9:80,54.931
prequal,103,srv-9:80,56.829
prequal,103,srv-9:80,56.279
prequal,103,srv-9:80,56.124
prequal,103,srv-9:80,63.856
prequal,103,srv-9:80,60.921
prequal,103,srv-9:80,55.369
prequal,103,srv-9:80,62.420
prequal,103,srv-9:80,66.801
prequal,103,srv-9:80,58.049
prequal,103,srv-9:80,44.363
prequal,103,srv-9:80,61.717
prequal,103,srv-9:80,56.718
prequal,103,srv-9:80,31.820
prequal,103,srv-9:80,32.957
prequal,103,srv-9:80,49.132
prequal,103,srv-9:80,37.585
prequal,103,srv-9:80,21.445
prequal,103,srv-9:80,34.684
prequal,103,srv-9:80,51.799
prequal,103,srv-9:80,65.697
prequal,103,srv-9:80,79.914
prequal,103,srv-9:80,53.030
prequal,103,srv-9:80,23.585
prequal,103,srv-9:80,39.315
prequal,103,srv-9:80,43.383
prequal,103,srv-9:80,25.797
prequal,103,srv-9:80,51.405
prequal,103,srv-9:80,83.564
prequal,103,srv-9:80,79.611
prequal,103,srv-9:80,60.192
prequal,103,srv-9:80,44.879
prequal,103,srv-9:80,54.342
prequal,103,srv-9:80,80.647
prequal,103,srv-9:80,62.652
prequal,103,srv-9:80,63.606
prequal,103,srv-9:80,55.928
prequal,103,srv-9:80,45.922
prequal,103,srv-9:80,85.539
prequal,103,srv-9:80,96.810
prequal,103,srv-9:80,74.596
prequal,103,srv-9:80,69.088
prequal,103,srv-9:80,65.697
prequal,103,srv-9:80,56.653
prequal,103,srv-9:80,47.280
prequal,103,srv-9:80,48.391
prequal,103,srv-9:80,56.966
prequal,103,srv-9:80,72.370
prequal,103,srv-9:80,78.465
prequal,103,srv-9:80,71.488
prequal,103,srv-9:80,71.379
prequal,103,srv-9:80,70.834
prequal,103,srv-9:80,79.806
prequal,103,srv-9:80,81.202
prequal,103,srv-9:80,61.188
prequal,103,srv-9:80,53.380
prequal,103,srv-9:80,53.437
prequal,103,srv-9:80,43.581
prequal,103,srv-9:80,26.826
prequal,114,srv-10:80,70.991
prequal,114,srv-10:80,57.995
prequal,114,srv-10:80,56.084
prequal,114,srv-10:80,78.899
prequal,114,srv-10:80,86.954
prequal,114,srv-10:80,66.140
prequal,114,srv-10:80,68.834
prequal,114,srv-10:80,72.956
prequal,114,srv-10:80,68.211
prequal,114,srv-10:80,81.088
prequal,114,srv-10:80,83.377
prequal,114,srv-10:80,73.927
prequal,114,srv-10:80,70.758
prequal,114,srv-10:80,71.451
prequal,114,srv-10:80,77.664
prequal,114,srv-10:80,74.723
prequal,114,srv-10:80,79.455
prequal,114,srv-10:80,91.796
prequal,114,srv-10:80,88.806
prequal,114,srv-10:80,86.072
prequal,114,srv-10:80,79.302
prequal,114,srv-10:80,60.377
prequal,114,srv-10:80,58.707
prequal,114,srv-10:80,50.462
prequal,114,srv-10:80,45.920
prequal,114,srv-10:80,48.300
prequal,114,srv-10:80,56.187
prequal,114,srv-10:80,62.263
prequal,114,srv-10:80,70.077
prequal,114,srv-10:80,87.995
prequal,114,srv-10:80,79.230
prequal,114,srv-10:80,82.050
prequal,114,srv-10:80,71.561
prequal,114,srv-10:80,54.250
prequal,114,srv-10:80,38.586
prequal,114,srv-10:80,46.199
prequal,114,srv-10:80,63.349
prequal,114,srv-10:80,65.806
prequal,114,srv-10:80,67.463
prequal,114,srv-10:80,78.818
prequal,114,srv-10:80,76.943
prequal,114,srv-10:80,67.882
prequal,114,srv-10:80,82.768
prequal,114,srv-10:80,92.730
prequal,114,srv-10:80,56.970
prequal,114,srv-10:80,58.010
prequal,114,srv-10:80,67.332
prequal,114,srv-10:80,67.464
prequal,114,srv-10:80,68.057
prequal,114,srv-10:80,61.936
prequal,114,srv-10:80,78.326
prequal,114,srv-10:80,85.757
prequal,114,srv-10:80,88.127
prequal,114,srv-10:80,79.888
prequal,114,srv-10:80,63.980
prequal,114,srv-10:80,73.060
prequal,114,srv-10:80,83.651
prequal,114,srv-10:80,78.410
prequal,114,srv-10:80,75.181
prequal,114,srv-10:80,30.588
prequal,114,srv-1:80,208.691
prequal,114,srv-1:80,214.600
prequal,114,srv-1:80,256.297
prequal,114,srv-1:80,250.689
prequal,114,srv-1:80,250.555
prequal,114,srv-1:80,237.420
prequal,114,srv-1:80,240.654
prequal,114,srv-1:80,238.352
prequal,114,srv-1:80,239.883
prequal,114,srv-1:80,253.913
prequal,114,srv-1:80,258.394
prequal,114,srv-1:80,252.349
prequal,114,srv-1:80,248.091
prequal,114,srv-1:80,253.847
prequal,114,srv-1:80,240.561
prequal,114,srv-1:80,213.915
prequal,114,srv-1:80,225.631
prequal,114,srv-1:80,202.545
prequal,114,srv-1:80,198.591
prequal,114,srv-1:80,246.239
prequal,114,srv-1:80,254.128
prequal,114,srv-1:80,223.615
prequal,114,srv-1:80,226.744
prequal,114,srv-1:80,194.228
prequal,114,srv-1:80,182.288
prequal,114,srv-1:80,240.444
prequal,114,srv-1:80,247.310
prequal,114,srv-1:80,256.422
prequal,114,srv-1:80,252.207
prequal,114,srv-1:80,251.897
prequal,114,srv-1:80,249.012
prequal,114,srv-1:80,254.324
prequal,114,srv-1:80,252.905
prequal,114,srv-1:80,244.621
prequal,114,srv-1:80,250.184
prequal,114,srv-1:80,257.877
prequal,114,srv-1:80,252.065
prequal,114,srv-1:80,246.659
prequal,114,srv-1:80,251.369
prequal,114,srv-1:80,252.516
prequal,114,srv-1:80,243.719
prequal,114,srv-1:80,242.025
prequal,114,srv-1:80,212.092
prequal,114,srv-1:80,223.376
prequal,114,srv-1:80,243.442
prequal,114,srv-1:80,238.873
prequal,114,srv-1:80,228.943
prequal,114,srv-1:80,230.057
prequal,114,srv-1:80,190.165
prequal,114,srv-1:80,199.836
prequal,114,srv-1:80,258.956
prequal,114,srv-1:80,249.475
prequal,114,srv-1:80,251.597
prequal,114,srv-1:80,251.263
prequal,114,srv-1:80,241.154
prequal,114,srv-1:80,244.875
prequal,114,srv-1:80,245.205
prequal,114,srv-1:80,248.383
prequal,114,srv-1:80,203.407
prequal,114,srv-1:80,68.021
prequal,114,srv-2:80,251.014
prequal,114,srv-2:80,244.950
prequal,114,srv-2:80,239.749
prequal,114,srv-2:80,194.699
prequal,114,srv-2:80,206.591
prequal,114,srv-2:80,223.107
prequal,114,srv-2:80,221.974
prequal,114,srv-2:80,256.068
prequal,114,srv-2:80,263.024
prequal,114,srv-2:80,248.354
prequal,114,srv-2:80,249.718
prequal,114,srv-2:80,251.744
prequal,114,srv-2:80,251.245
prequal,114,srv-2:80,265.987
prequal,114,srv-2:80,258.260
prequal,114,srv-2:80,237.133
prequal,114,srv-2:80,239.227
prequal,114,srv-2:80,251.610
prequal,114,srv-2:80,247.860
prequal,114,srv-2:80,226.712
prequal,114,srv-2:80,225.679
prequal,114,srv-2:80,259.395
prequal,114,srv-2:80,266.128
prequal,114,srv-2:80,261.323
prequal,114,srv-2:80,262.672
prequal,114,srv-2:80,262.382
prequal,114,srv-2:80,262.278
prequal,114,srv-2:80,260.993
prequal,114,srv-2:80,233.104
prequal,114,srv-2:80,219.285
prequal,114,srv-2:80,227.400
prequal,114,srv-2:80,232.746
prequal,114,srv-2:80,241.640
prequal,114,srv-2:80,244.183
prequal,114,srv-2:80,246.432
prequal,114,srv-2:80,244.427
prequal,114,srv-2:80,241.742
prequal,114,srv-2:80,250.497
prequal,114,srv-2:80,252.646
prequal,114,srv-2:80,231.341
prequal,114,srv-2:80,202.376
prequal,114,srv-2:80,220.124
prequal,114,srv-2:80,242.218
prequal,114,srv-2:80,228.183
prequal,114,srv-2:80,233.782
prequal,114,srv-2:80,243.203
prequal,114,srv-2:80,236.129
prequal,114,srv-2:80,243.498
prequal,114,srv-2:80,237.482
prequal,114,srv-2:80,236.038
prequal,114,srv-2:80,252.823
prequal,114,srv-2:80,261.263
prequal,114,srv-2:80,249.777
prequal,114,srv-2:80,247.305
prequal,114,srv-2:80,256.317
prequal,114,srv-2:80,246.156
prequal,114,srv-2:80,175.481
prequal,114,srv-2:80,189.656
prequal,114,srv-2:80,194.264
prequal,114,srv-2:80,59.292
prequal,114,srv-3:80,213.285
prequal,114,srv-3:80,242.136
prequal,114,srv-3:80,240.076
prequal,114,srv-3:80,249.296
prequal,114,srv-3:80,246.725
prequal,114,srv-3:80,254.674
prequal,114,srv-3:80,257.950
prequal,114,srv-3:80,251.007
prequal,114,srv-3:80,237.910
prequal,114,srv-3:80,240.017
prequal,114,srv-3:80,249.063
prequal,114,srv-3:80,258.148
prequal,114,srv-3:80,254.644
prequal,114,srv-3:80,254.740
prequal,114,srv-3:80,254.215
prequal,114,srv-3:80,244.853
prequal,114,srv-3:80,241.906
prequal,114,srv-3:80,252.899
prequal,114,srv-3:80,253.939
prequal,114,srv-3:80,250.971
prequal,114,srv-3:80,244.354
prequal,114,srv-3:80,244.482
prequal,114,srv-3:80,253.784
prequal,114,srv-3:80,256.849
prequal,114,srv-3:80,253.909
prequal,114,srv-3:80,249.450
prequal,114,srv-3:80,233.148
prequal,114,srv-3:80,238.850
prequal,114,srv-3:80,196.663
prequal,114,srv-3:80,194.157
prequal,114,srv-3:80,248.072
prequal,114,srv-3:80,243.312
prequal,114,srv-3:80,242.805
prequal,114,srv-3:80,247.315
prequal,114,srv-3:80,230.727
prequal,114,srv-3:80,229.591
prequal,114,srv-3:80,219.404
prequal,114,srv-3:80,220.782
prequal,114,srv-3:80,252.372
prequal,114,srv-3:80,250.808
prequal,114,srv-3:80,249.094
prequal,114,srv-3:80,246.090
prequal,114,srv-3:80,232.873
prequal,114,srv-3:80,234.524
prequal,114,srv-3:80,253.662
prequal,114,srv-3:80,252.877
prequal,114,srv-3:80,252.025
prequal,114,srv-3:80,253.427
prequal,114,srv-3:80,258.995
prequal,114,srv-3:80,239.179
prequal,114,srv-3:80,223.688
prequal,114,srv-3:80,239.585
prequal,114,srv-3:80,251.018
prequal,114,srv-3:80,208.886
prequal,114,srv-3:80,209.918
prequal,114,srv-3:80,254.848
prequal,114,srv-3:80,254.497
prequal,114,srv-3:80,249.174
prequal,114,srv-3:80,255.674
prequal,114,srv-3:80,162.752
prequal,114,srv-4:80,236.711
prequal,114,srv-4:80,203.481
prequal,114,srv-4:80,208.041
prequal,114,srv-4:80,238.262
prequal,114,srv-4:80,244.719
prequal,114,srv-4:80,251.139
prequal,114,srv-4:80,237.568
prequal,114,srv-4:80,213.525
prequal,114,srv-4:80,230.851
prequal,114,srv-4:80,242.936
prequal,114,srv-4:80,249.882
prequal,114,srv-4:80,253.542
prequal,114,srv-4:80,255.822
prequal,114,srv-4:80,257.016
prequal,114,srv-4:80,243.293
prequal,114,srv-4:80,239.266
prequal,114,srv-4:80,232.106
prequal,114,srv-4:80,198.958
prequal,114,srv-4:80,214.435
prequal,114,srv-4:80,259.214
prequal,114,srv-4:80,257.234
prequal,114,srv-4:80,235.958
prequal,114,srv-4:80,241.471
prequal,114,srv-4:80,248.234
prequal,114,srv-4:80,245.691
prequal,114,srv-4:80,241.095
prequal,114,srv-4:80,223.901
prequal,114,srv-4:80,231.816
prequal,114,srv-4:80,248.858
prequal,114,srv-4:80,247.144
prequal,114,srv-4:80,244.169
prequal,114,srv-4:80,232.649
prequal,114,srv-4:80,235.286
prequal,114,srv-4:80,253.866
prequal,114,srv-4:80,240.084
prequal,114,srv-4:80,245.584
prequal,114,srv-4:80,249.158
prequal,114,srv-4:80,244.482
prequal,114,srv-4:80,245.358
prequal,114,srv-4:80,249.482
prequal,114,srv-4:80,252.497
prequal,114,srv-4:80,245.224
prequal,114,srv-4:80,233.867
prequal,114,srv-4:80,235.388
prequal,114,srv-4:80,247.847
prequal,114,srv-4:80,259.511
prequal,114,srv-4:80,257.419
prequal,114,srv-4:80,254.592
prequal,114,srv-4:80,249.955
prequal,114,srv-4:80,254.367
prequal,114,srv-4:80,217.693
prequal,114,srv-4:80,216.609
prequal,114,srv-4:80,254.969
prequal,114,srv-4:80,244.703
prequal,114,srv-4:80,187.774
prequal,114,srv-4:80,195.658
prequal,114,srv-4:80,262.891
prequal,114,srv-4:80,269.530
prequal,114,srv-4:80,213.599
prequal,114,srv-4:80,75.900
prequal,114,srv-5:80,154.606
prequal,114,srv-5:80,169.626
prequal,114,srv-5:80,172.780
prequal,114,srv-5:80,180.178
prequal,114,srv-5:80,166.695
prequal,114,srv-5:80,167.682
prequal,114,srv-5:80,169.661
prequal,114,srv-5:80,169.559
prequal,114,srv-5:80,173.372
prequal,114,srv-5:80,172.151
prequal,114,srv-5:80,163.457
prequal,114,srv-5:80,166.163
prequal,114,srv-5:80,146.669
prequal,114,srv-5:80,56.745
prequal,114,srv-5:80,104.825
prequal,114,srv-5:80,176.617
prequal,114,srv-5:80,165.084
prequal,114,srv-5:80,184.806
prequal,114,srv-5:80,172.859
prequal,114,srv-5:80,144.176
prequal,114,srv-5:80,163.115
prequal,114,srv-5:80,179.355
prequal,114,srv-5:80,193.028
prequal,114,srv-5:80,208.663
prequal,114,srv-5:80,206.519
prequal,114,srv-5:80,184.861
prequal,114,srv-5:80,197.141
prequal,114,srv-5:80,197.492
prequal,114,srv-5:80,196.690
prequal,114,srv-5:80,190.302
prequal,114,srv-5:80,185.804
prequal,114,srv-5:80,160.117
prequal,114,srv-5:80,166.898
prequal,114,srv-5:80,177.771
prequal,114,srv-5:80,174.803
prequal,114,srv-5:80,169.822
prequal,114,srv-5:80,179.123
prequal,114,srv-5:80,159.890
prequal,114,srv-5:80,152.223
prequal,114,srv-5:80,139.301
prequal,114,srv-5:80,157.000
prequal,114,srv-5:80,183.022
prequal,114,srv-5:80,176.514
prequal,114,srv-5:80,190.061
prequal,114,srv-5:80,186.904
prequal,114,srv-5:80,175.461
prequal,114,srv-5:80,179.614
prequal,114,srv-5:80,181.064
prequal,114,srv-5:80,185.471
prequal,114,srv-5:80,179.067
prequal,114,srv-5:80,166.422
prequal,114,srv-5:80,150.682
prequal,114,srv-5:80,150.269
prequal,114,srv-5:80,174.901
prequal,114,srv-5:80,196.182
prequal,114,srv-5:80,184.876
prequal,114,srv-5:80,154.582
prequal,114,srv-5:80,141.027
prequal,114,srv-5:80,114.294
prequal,114,srv-5:80,64.664
prequal,114,srv-6:80,182.815
prequal,114,srv-6:80,185.286
prequal,114,srv-6:80,167.900
prequal,114,srv-6:80,170.413
prequal,114,srv-6:80,158.300
prequal,114,srv-6:80,138.649
prequal,114,srv-6:80,159.275
prequal,114,srv-6:80,181.414
prequal,114,srv-6:80,172.103
prequal,114,srv-6:80,187.103
prequal,114,srv-6:80,191.889
prequal,114,srv-6:80,196.816
prequal,114,srv-6:80,190.207
prequal,114,srv-6:80,201.040
prequal,114,srv-6:80,183.905
prequal,114,srv-6:80,171.287
prequal,114,srv-6:80,185.736
prequal,114,srv-6:80,191.152
prequal,114,srv-6:80,183.970
prequal,114,srv-6:80,150.263
prequal,114,srv-6:80,136.075
prequal,114,srv-6:80,177.118
prequal,114,srv-6:80,186.887
prequal,114,srv-6:80,181.090
prequal,114,srv-6:80,191.455
prequal,114,srv-6:80,188.639
prequal,114,srv-6:80,172.989
prequal,114,srv-6:80,170.144
prequal,114,srv-6:80,194.407
prequal,114,srv-6:80,165.182
prequal,114,srv-6:80,161.949
prequal,114,srv-6:80,187.466
prequal,114,srv-6:80,194.993
prequal,114,srv-6:80,179.622
prequal,114,srv-6:80,178.164
prequal,114,srv-6:80,176.513
prequal,114,srv-6:80,179.257
prequal,114,srv-6:80,168.503
prequal,114,srv-6:80,142.821
prequal,114,srv-6:80,129.449
prequal,114,srv-6:80,169.350
prequal,114,srv-6:80,183.687
prequal,114,srv-6:80,181.943
prequal,114,srv-6:80,181.864
prequal,114,srv-6:80,184.414
prequal,114,srv-6:80,170.628
prequal,114,srv-6:80,159.621
prequal,114,srv-6:80,168.577
prequal,114,srv-6:80,179.579
prequal,114,srv-6:80,182.880
prequal,114,srv-6:80,194.513
prequal,114,srv-6:80,191.695
prequal,114,srv-6:80,195.164
prequal,114,srv-6:80,191.155
prequal,114,srv-6:80,184.735
prequal,114,srv-6:80,175.968
prequal,114,srv-6:80,184.904
prequal,114,srv-6:80,184.421
prequal,114,srv-6:80,177.383
prequal,114,srv-6:80,112.991
prequal,114,srv-7:80,105.779
prequal,114,srv-7:80,127.826
prequal,114,srv-7:80,112.588
prequal,114,srv-7:80,111.603
prequal,114,srv-7:80,120.074
prequal,114,srv-7:80,112.934
prequal,114,srv-7:80,92.958
prequal,114,srv-7:80,96.559
prequal,114,srv-7:80,101.592
prequal,114,srv-7:80,99.030
prequal,114,srv-7:80,103.626
prequal,114,srv-7:80,49.837
prequal,114,srv-7:80,57.879
prequal,114,srv-7:80,101.462
prequal,114,srv-7:80,100.071
prequal,114,srv-7:80,105.923
prequal,114,srv-7:80,102.304
prequal,114,srv-7:80,131.708
prequal,114,srv-7:80,129.343
prequal,114,srv-7:80,104.969
prequal,114,srv-7:80,105.128
prequal,114,srv-7:80,111.952
prequal,114,srv-7:80,111.674
prequal,114,srv-7:80,108.242
prequal,114,srv-7:80,110.053
prequal,114,srv-7:80,116.383
prequal,114,srv-7:80,100.823
prequal,114,srv-7:80,104.098
prequal,114,srv-7:80,113.152
prequal,114,srv-7:80,53.052
prequal,114,srv-7:80,61.830
prequal,114,srv-7:80,123.724
prequal,114,srv-7:80,135.985
prequal,114,srv-7:80,125.736
prequal,114,srv-7:80,113.251
prequal,114,srv-7:80,112.259
prequal,114,srv-7:80,111.903
prequal,114,srv-7:80,117.641
prequal,114,srv-7:80,129.880
prequal,114,srv-7:80,122.467
prequal,114,srv-7:80,110.376
prequal,114,srv-7:80,82.498
prequal,114,srv-7:80,98.369
prequal,114,srv-7:80,101.922
prequal,114,srv-7:80,121.411
prequal,114,srv-7:80,115.937
prequal,114,srv-7:80,108.505
prequal,114,srv-7:80,109.658
prequal,114,srv-7:80,117.450
prequal,114,srv-7:80,128.207
prequal,114,srv-7:80,136.108
prequal,114,srv-7:80,130.843
prequal,114,srv-7:80,72.639
prequal,114,srv-7:80,64.914
prequal,114,srv-7:80,79.824
prequal,114,srv-7:80,93.948
prequal,114,srv-7:80,126.767
prequal,114,srv-7:80,106.162
prequal,114,srv-7:80,69.324
prequal,114,srv-7:80,41.252
prequal,114,srv-8:80,104.163
prequal,114,srv-8:80,117.073
prequal,114,srv-8:80,123.143
prequal,114,srv-8:80,120.471
prequal,114,srv-8:80,110.605
prequal,114,srv-8:80,119.231
prequal,114,srv-8:80,129.423
prequal,114,srv-8:80,119.451
prequal,114,srv-8:80,133.808
prequal,114,srv-8:80,82.569
prequal,114,srv-8:80,32.860
prequal,114,srv-8:80,45.000
prequal,114,srv-8:80,99.996
prequal,114,srv-8:80,133.567
prequal,114,srv-8:80,134.670
prequal,114,srv-8:80,122.862
prequal,114,srv-8:80,121.441
prequal,114,srv-8:80,91.805
prequal,114,srv-8:80,70.197
prequal,114,srv-8:80,102.639
prequal,114,srv-8:80,130.652
prequal,114,srv-8:80,122.329
prequal,114,srv-8:80,120.390
prequal,114,srv-8:80,91.763
prequal,114,srv-8:80,85.985
prequal,114,srv-8:80,93.614
prequal,114,srv-8:80,73.093
prequal,114,srv-8:80,90.169
prequal,114,srv-8:80,83.116
prequal,114,srv-8:80,90.072
prequal,114,srv-8:80,131.656
prequal,114,srv-8:80,113.353
prequal,114,srv-8:80,52.566
prequal,114,srv-8:80,73.087
prequal,114,srv-8:80,126.580
prequal,114,srv-8:80,123.875
prequal,114,srv-8:80,108.627
prequal,114,srv-8:80,106.744
prequal,114,srv-8:80,113.779
prequal,114,srv-8:80,92.923
prequal,114,srv-8:80,101.044
prequal,114,srv-8:80,133.848
prequal,114,srv-8:80,128.219
prequal,114,srv-8:80,128.182
prequal,114,srv-8:80,77.828
prequal,114,srv-8:80,60.683
prequal,114,srv-8:80,87.226
prequal,114,srv-8:80,109.175
prequal,114,srv-8:80,107.988
prequal,114,srv-8:80,113.938
prequal,114,srv-8:80,96.267
prequal,114,srv-8:80,65.210
prequal,114,srv-8:80,91.507
prequal,114,srv-8:80,123.761
prequal,114,srv-8:80,118.071
prequal,114,srv-8:80,126.352
prequal,114,srv-8:80,123.734
prequal,114,srv-8:80,126.887
prequal,114,srv-8:80,109.260
prequal,114,srv-8:80,34.958
prequal,114,srv-9:80,23.380
prequal,114,srv-9:80,53.130
prequal,114,srv-9:80,74.811
prequal,114,srv-9:80,66.874
prequal,114,srv-9:80,52.303
prequal,114,srv-9:80,64.369
prequal,114,srv-9:80,71.116
prequal,114,srv-9:80,75.294
prequal,114,srv-9:80,70.735
prequal,114,srv-9:80,73.000
prequal,114,srv-9:80,74.868
prequal,114,srv-9:80,57.859
prequal,114,srv-9:80,58.272
prequal,114,srv-9:80,64.296
prequal,114,srv-9:80,57.414
prequal,114,srv-9:80,59.200
prequal,114,srv-9:80,67.232
prequal,114,srv-9:80,77.676
prequal,114,srv-9:80,71.860
prequal,114,srv-9:80,66.352
prequal,114,srv-9:80,57.759
prequal,114,srv-9:80,57.987
prequal,114,srv-9:80,53.434
prequal,114,srv-9:80,58.876
prequal,114,srv-9:80,88.216
prequal,114,srv-9:80,89.536
prequal,114,srv-9:80,85.452
prequal,114,srv-9:80,77.020
prequal,114,srv-9:80,59.533
prequal,114,srv-9:80,65.814
prequal,114,srv-9:80,80.306
prequal,114,srv-9:80,75.859
prequal,114,srv-9:80,61.090
prequal,114,srv-9:80,42.984
prequal,114,srv-9:80,41.923
prequal,114,srv-9:80,58.942
prequal,114,srv-9:80,70.651
prequal,114,srv-9:80,61.189
prequal,114,srv-9:80,57.548
prequal,114,srv-9:80,73.370
prequal,114,srv-9:80,79.470
prequal,114,srv-9:80,54.582
prequal,114,srv-9:80,39.893
prequal,114,srv-9:80,49.598
prequal,114,srv-9:80,72.919
prequal,114,srv-9:80,67.717
prequal,114,srv-9:80,58.206
prequal,114,srv-9:80,39.415
prequal,114,srv-9:80,39.303
prequal,114,srv-9:80,60.574
prequal,114,srv-9:80,65.806
prequal,114,srv-9:80,55.161
prequal,114,srv-9:80,54.733
prequal,114,srv-9:80,61.543
prequal,114,srv-9:80,61.469
prequal,114,srv-9:80,64.543
prequal,114,srv-9:80,63.327
prequal,114,srv-9:80,51.185
prequal,114,srv-9:80,62.056
prequal,114,srv-9:80,66.899
prequal,127,srv-10:80,83.653
prequal,127,srv-10:80,85.717
prequal,127,srv-10:80,69.392
prequal,127,srv-10:80,81.043
prequal,127,srv-10:80,88.005
prequal,127,srv-10:80,84.385
prequal,127,srv-10:80,80.012
prequal,127,srv-10:80,65.483
prequal,127,srv-10:80,56.734
prequal,127,srv-10:80,73.862
prequal,127,srv-10:80,82.943
prequal,127,srv-10:80,81.140
prequal,127,srv-10:80,80.779
prequal,127,srv-10:80,88.481
prequal,127,srv-10:80,95.058
prequal,127,srv-10:80,92.936
prequal,127,srv-10:80,92.589
prequal,127,srv-10:80,86.271
prequal,127,srv-10:80,56.106
prequal,127,srv-10:80,48.792
prequal,127,srv-10:80,58.307
prequal,127,srv-10:80,76.916
prequal,127,srv-10:80,71.721
prequal,127,srv-10:80,73.767
prequal,127,srv-10:80,98.213
prequal,127,srv-10:80,90.500
prequal,127,srv-10:80,89.670
prequal,127,srv-10:80,94.697
prequal,127,srv-10:80,87.482
prequal,127,srv-10:80,90.906
prequal,127,srv-10:80,88.054
prequal,127,srv-10:80,87.077
prequal,127,srv-10:80,74.854
prequal,127,srv-10:80,66.844
prequal,127,srv-10:80,73.937
prequal,127,srv-10:80,73.054
prequal,127,srv-10:80,87.624
prequal,127,srv-10:80,95.466
prequal,127,srv-10:80,74.522
prequal,127,srv-10:80,58.100
prequal,127,srv-10:80,78.790
prequal,127,srv-10:80,88.948
prequal,127,srv-10:80,79.749
prequal,127,srv-10:80,83.112
prequal,127,srv-10:80,96.972
prequal,127,srv-10:80,88.518
prequal,127,srv-10:80,86.387
prequal,127,srv-10:80,82.904
prequal,127,srv-10:80,79.940
prequal,127,srv-10:80,81.538
prequal,127,srv-10:80,90.240
prequal,127,srv-10:80,86.032
prequal,127,srv-10:80,87.707
prequal,127,srv-10:80,88.878
prequal,127,srv-10:80,86.874
prequal,127,srv-10:80,85.990
prequal,127,srv-10:80,89.254
prequal,127,srv-10:80,92.393
prequal,127,srv-10:80,87.588
prequal,127,srv-10:80,49.387
prequal,127,srv-1:80,254.595
prequal,127,srv-1:80,270.083
prequal,127,srv-1:80,270.018
prequal,127,srv-1:80,260.483
prequal,127,srv-1:80,243.735
prequal,127,srv-1:80,234.976
prequal,127,srv-1:80,231.683
prequal,127,srv-1:80,249.098
prequal,127,srv-1:80,266.053
prequal,127,srv-1:80,263.333
prequal,127,srv-1:80,264.526
prequal,127,srv-1:80,243.533
prequal,127,srv-1:80,240.361
prequal,127,srv-1:80,271.412
prequal,127,srv-1:80,258.077
prequal,127,srv-1:80,267.813
prequal,127,srv-1:80,271.987
prequal,127,srv-1:80,269.809
prequal,127,srv-1:80,250.526
prequal,127,srv-1:80,240.160
prequal,127,srv-1:80,258.669
prequal,127,srv-1:80,262.921
prequal,127,srv-1:80,240.379
prequal,127,srv-1:80,245.810
prequal,127,srv-1:80,264.542
prequal,127,srv-1:80,277.719
prequal,127,srv-1:80,297.906
prequal,127,srv-1:80,290.686
prequal,127,srv-1:80,257.297
prequal,127,srv-1:80,266.228
prequal,127,srv-1:80,292.142
prequal,127,srv-1:80,274.084
prequal,127,srv-1:80,268.906
prequal,127,srv-1:80,266.834
prequal,127,srv-1:80,260.810
prequal,127,srv-1:80,265.347
prequal,127,srv-1:80,260.834
prequal,127,srv-1:80,257.694
prequal,127,srv-1:80,266.279
prequal,127,srv-1:80,272.331
prequal,127,srv-1:80,272.750
prequal,127,srv-1:80,262.672
prequal,127,srv-1:80,252.411
prequal,127,srv-1:80,248.275
prequal,127,srv-1:80,254.022
prequal,127,srv-1:80,259.703
prequal,127,srv-1:80,265.238
prequal,127,srv-1:80,252.584
prequal,127,srv-1:80,264.414
prequal,127,srv-1:80,274.743
prequal,127,srv-1:80,245.453
prequal,127,srv-1:80,246.517
prequal,127,srv-1:80,253.760
prequal,127,srv-1:80,241.478
prequal,127,srv-1:80,260.812
prequal,127,srv-1:80,266.946
prequal,127,srv-1:80,267.993
prequal,127,srv-1:80,269.481
prequal,127,srv-1:80,231.106
prequal,127,srv-1:80,100.902
prequal,127,srv-2:80,263.718
prequal,127,srv-2:80,243.503
prequal,127,srv-2:80,241.514
prequal,127,srv-2:80,270.461
prequal,127,srv-2:80,263.135
prequal,127,srv-2:80,259.401
prequal,127,srv-2:80,270.283
prequal,127,srv-2:80,272.863
prequal,127,srv-2:80,267.882
prequal,127,srv-2:80,273.282
prequal,127,srv-2:80,254.231
prequal,127,srv-2:80,248.519
prequal,127,srv-2:80,252.718
prequal,127,srv-2:80,268.226
prequal,127,srv-2:80,270.983
prequal,127,srv-2:80,263.263
prequal,127,srv-2:80,272.430
prequal,127,srv-2:80,253.344
prequal,127,srv-2:80,216.739
prequal,127,srv-2:80,243.841
prequal,127,srv-2:80,267.649
prequal,127,srv-2:80,262.111
prequal,127,srv-2:80,266.539
prequal,127,srv-2:80,266.799
prequal,127,srv-2:80,260.819
prequal,127,srv-2:80,258.558
prequal,127,srv-2:80,256.043
prequal,127,srv-2:80,259.654
prequal,127,srv-2:80,248.999
prequal,127,srv-2:80,251.214
prequal,127,srv-2:80,269.923
prequal,127,srv-2:80,267.964
prequal,127,srv-2:80,238.733
prequal,127,srv-2:80,243.316
prequal,127,srv-2:80,280.346
prequal,127,srv-2:80,276.751
prequal,127,srv-2:80,269.230
prequal,127,srv-2:80,267.389
prequal,127,srv-2:80,262.725
prequal,127,srv-2:80,263.958
prequal,127,srv-2:80,278.036
prequal,127,srv-2:80,273.856
prequal,127,srv-2:80,270.813
prequal,127,srv-2:80,268.707
prequal,127,srv-2:80,276.556
prequal,127,srv-2:80,270.005
prequal,127,srv-2:80,258.691
prequal,127,srv-2:80,257.984
prequal,127,srv-2:80,236.964
prequal,127,srv-2:80,237.211
prequal,127,srv-2:80,265.190
prequal,127,srv-2:80,268.821
prequal,127,srv-2:80,275.019
prequal,127,srv-2:80,272.688
prequal,127,srv-2:80,276.501
prequal,127,srv-2:80,282.156
prequal,127,srv-2:80,270.156
prequal,127,srv-2:80,260.053
prequal,127,srv-2:80,239.338
prequal,127,srv-2:80,112.986
prequal,127,srv-3:80,199.595
prequal,127,srv-3:80,253.483
prequal,127,srv-3:80,271.029
prequal,127,srv-3:80,273.520
prequal,127,srv-3:80,273.379
prequal,127,srv-3:80,268.331
prequal,127,srv-3:80,248.840
prequal,127,srv-3:80,249.965
prequal,127,srv-3:80,256.632
prequal,127,srv-3:80,256.334
prequal,127,srv-3:80,249.372
prequal,127,srv-3:80,247.474
prequal,127,srv-3:80,269.940
prequal,127,srv-3:80,272.562
prequal,127,srv-3:80,260.251
prequal,127,srv-3:80,257.313
prequal,127,srv-3:80,262.184
prequal,127,srv-3:80,264.742
prequal,127,srv-3:80,273.924
prequal,127,srv-3:80,268.998
prequal,127,srv-3:80,253.203
prequal,127,srv-3:80,256.797
prequal,127,srv-3:80,270.463
prequal,127,srv-3:80,263.546
prequal,127,srv-3:80,247.574
prequal,127,srv-3:80,243.925
prequal,127,srv-3:80,258.094
prequal,127,srv-3:80,252.339
prequal,127,srv-3:80,260.965
prequal,127,srv-3:80,263.794
prequal,127,srv-3:80,254.808
prequal,127,srv-3:80,244.448
prequal,127,srv-3:80,258.266
prequal,127,srv-3:80,268.020
prequal,127,srv-3:80,270.678
prequal,127,srv-3:80,272.217
prequal,127,srv-3:80,267.877
prequal,127,srv-3:80,243.652
prequal,127,srv-3:80,250.341
prequal,127,srv-3:80,269.184
prequal,127,srv-3:80,264.322
prequal,127,srv-3:80,235.769
prequal,127,srv-3:80,241.101
prequal,127,srv-3:80,272.180
prequal,127,srv-3:80,264.751
prequal,127,srv-3:80,263.898
prequal,127,srv-3:80,266.763
prequal,127,srv-3:80,268.544
prequal,127,srv-3:80,265.875
prequal,127,srv-3:80,274.044
prequal,127,srv-3:80,280.941
prequal,127,srv-3:80,271.367
prequal,127,srv-3:80,267.893
prequal,127,srv-3:80,271.712
prequal,127,srv-3:80,269.407
prequal,127,srv-3:80,242.638
prequal,127,srv-3:80,240.274
prequal,127,srv-3:80,233.687
prequal,127,srv-3:80,232.341
prequal,127,srv-3:80,188.588
prequal,127,srv-4:80,257.757
prequal,127,srv-4:80,251.393
prequal,127,srv-4:80,247.075
prequal,127,srv-4:80,244.196
prequal,127,srv-4:80,240.467
prequal,127,srv-4:80,251.001
prequal,127,srv-4:80,260.248
prequal,127,srv-4:80,262.973
prequal,127,srv-4:80,263.819
prequal,127,srv-4:80,253.824
prequal,127,srv-4:80,245.966
prequal,127,srv-4:80,268.815
prequal,127,srv-4:80,264.293
prequal,127,srv-4:80,243.154
prequal,127,srv-4:80,242.069
prequal,127,srv-4:80,263.936
prequal,127,srv-4:80,267.158
prequal,127,srv-4:80,267.892
prequal,127,srv-4:80,265.131
prequal,127,srv-4:80,266.891
prequal,127,srv-4:80,264.292
prequal,127,srv-4:80,259.474
prequal,127,srv-4:80,260.330
prequal,127,srv-4:80,268.218
prequal,127,srv-4:80,269.713
prequal,127,srv-4:80,249.172
prequal,127,srv-4:80,215.880
prequal,127,srv-4:80,232.498
prequal,127,srv-4:80,260.191
prequal,127,srv-4:80,258.890
prequal,127,srv-4:80,242.288
prequal,127,srv-4:80,246.014
prequal,127,srv-4:80,266.269
prequal,127,srv-4:80,272.799
prequal,127,srv-4:80,220.024
prequal,127,srv-4:80,222.598
prequal,127,srv-4:80,277.638
prequal,127,srv-4:80,273.001
prequal,127,srv-4:80,271.505
prequal,127,srv-4:80,268.275
prequal,127,srv-4:80,255.708
prequal,127,srv-4:80,252.580
prequal,127,srv-4:80,271.216
prequal,127,srv-4:80,269.887
prequal,127,srv-4:80,256.885
prequal,127,srv-4:80,254.365
prequal,127,srv-4:80,261.560
prequal,127,srv-4:80,264.988
prequal,127,srv-4:80,268.738
prequal,127,srv-4:80,272.375
prequal,127,srv-4:80,278.678
prequal,127,srv-4:80,269.127
prequal,127,srv-4:80,269.747
prequal,127,srv-4:80,264.086
prequal,127,srv-4:80,259.541
prequal,127,srv-4:80,261.689
prequal,127,srv-4:80,264.430
prequal,127,srv-4:80,262.355
prequal,127,srv-4:80,226.669
prequal,127,srv-4:80,100.038
prequal,127,srv-5:80,204.221
prequal,127,srv-5:80,209.595
prequal,127,srv-5:80,222.306
prequal,127,srv-5:80,174.275
prequal,127,srv-5:80,180.176
prequal,127,srv-5:80,214.850
prequal,127,srv-5:80,207.687
prequal,127,srv-5:80,190.999
prequal,127,srv-5:80,188.825
prequal,127,srv-5:80,196.887
prequal,127,srv-5:80,199.697
prequal,127,srv-5:80,191.285
prequal,127,srv-5:80,209.898
prequal,127,srv-5:80,171.410
prequal,127,srv-5:80,172.828
prequal,127,srv-5:80,208.290
prequal,127,srv-5:80,220.558
prequal,127,srv-5:80,209.495
prequal,127,srv-5:80,197.771
prequal,127,srv-5:80,204.682
prequal,127,srv-5:80,214.564
prequal,127,srv-5:80,204.222
prequal,127,srv-5:80,197.456
prequal,127,srv-5:80,201.207
prequal,127,srv-5:80,200.721
prequal,127,srv-5:80,198.668
prequal,127,srv-5:80,168.847
prequal,127,srv-5:80,157.394
prequal,127,srv-5:80,181.947
prequal,127,srv-5:80,189.600
prequal,127,srv-5:80,169.030
prequal,127,srv-5:80,186.736
prequal,127,srv-5:80,223.325
prequal,127,srv-5:80,212.363
prequal,127,srv-5:80,190.517
prequal,127,srv-5:80,199.311
prequal,127,srv-5:80,184.511
prequal,127,srv-5:80,189.613
prequal,127,srv-5:80,200.833
prequal,127,srv-5:80,210.222
prequal,127,srv-5:80,201.397
prequal,127,srv-5:80,206.141
prequal,127,srv-5:80,174.245
prequal,127,srv-5:80,181.618
prequal,127,srv-5:80,216.703
prequal,127,srv-5:80,216.817
prequal,127,srv-5:80,204.049
prequal,127,srv-5:80,208.463
prequal,127,srv-5:80,206.639
prequal,127,srv-5:80,213.126
prequal,127,srv-5:80,192.760
prequal,127,srv-5:80,196.187
prequal,127,srv-5:80,211.104
prequal,127,srv-5:80,204.992
prequal,127,srv-5:80,198.173
prequal,127,srv-5:80,188.850
prequal,127,srv-5:80,185.980
prequal,127,srv-5:80,205.779
prequal,127,srv-5:80,169.478
prequal,127,srv-5:80,38.828
prequal,127,srv-6:80,212.259
prequal,127,srv-6:80,198.171
prequal,127,srv-6:80,208.288
prequal,127,srv-6:80,192.843
prequal,127,srv-6:80,186.534
prequal,127,srv-6:80,201.599
prequal,127,srv-6:80,220.140
prequal,127,srv-6:80,214.942
prequal,127,srv-6:80,220.364
prequal,127,srv-6:80,220.187
prequal,127,srv-6:80,221.906
prequal,127,srv-6:80,207.017
prequal,127,srv-6:80,193.133
prequal,127,srv-6:80,190.523
prequal,127,srv-6:80,197.725
prequal,127,srv-6:80,194.500
prequal,127,srv-6:80,184.481
prequal,127,srv-6:80,188.632
prequal,127,srv-6:80,217.640
prequal,127,srv-6:80,207.720
prequal,127,srv-6:80,186.705
prequal,127,srv-6:80,186.908
prequal,127,srv-6:80,212.632
prequal,127,srv-6:80,210.625
prequal,127,srv-6:80,210.212
prequal,127,srv-6:80,206.430
prequal,127,srv-6:80,195.759
prequal,127,srv-6:80,186.630
prequal,127,srv-6:80,187.853
prequal,127,srv-6:80,193.708
prequal,127,srv-6:80,199.557
prequal,127,srv-6:80,204.656
prequal,127,srv-6:80,212.854
prequal,127,srv-6:80,207.793
prequal,127,srv-6:80,211.583
prequal,127,srv-6:80,223.532
prequal,127,srv-6:80,209.914
prequal,127,srv-6:80,208.913
prequal,127,srv-6:80,210.764
prequal,127,srv-6:80,216.834
prequal,127,srv-6:80,207.843
prequal,127,srv-6:80,216.462
prequal,127,srv-6:80,213.255
prequal,127,srv-6:80,214.218
prequal,127,srv-6:80,193.020
prequal,127,srv-6:80,171.905
prequal,127,srv-6:80,176.259
prequal,127,srv-6:80,199.261
prequal,127,srv-6:80,200.522
prequal,127,srv-6:80,199.913
prequal,127,srv-6:80,197.692
prequal,127,srv-6:80,196.281
prequal,127,srv-6:80,191.545
prequal,127,srv-6:80,212.123
prequal,127,srv-6:80,209.097
prequal,127,srv-6:80,198.300
prequal,127,srv-6:80,194.673
prequal,127,srv-6:80,192.648
prequal,127,srv-6:80,186.676
prequal,127,srv-6:80,76.827
prequal,127,srv-7:80,115.441
prequal,127,srv-7:80,112.664
prequal,127,srv-7:80,116.020
prequal,127,srv-7:80,140.656
prequal,127,srv-7:80,134.640
prequal,127,srv-7:80,110.804
prequal,127,srv-7:80,109.711
prequal,127,srv-7:80,104.007
prequal,127,srv-7:80,104.165
prequal,127,srv-7:80,100.353
prequal,127,srv-7:80,108.389
prequal,127,srv-7:80,127.121
prequal,127,srv-7:80,138.567
prequal,127,srv-7:80,139.799
prequal,127,srv-7:80,136.078
prequal,127,srv-7:80,102.889
prequal,127,srv-7:80,91.462
prequal,127,srv-7:80,112.901
prequal,127,srv-7:80,146.278
prequal,127,srv-7:80,127.786
prequal,127,srv-7:80,96.485
prequal,127,srv-7:80,97.730
prequal,127,srv-7:80,112.941
prequal,127,srv-7:80,121.530
prequal,127,srv-7:80,144.685
prequal,127,srv-7:80,136.408
prequal,127,srv-7:80,131.409
prequal,127,srv-7:80,135.541
prequal,127,srv-7:80,114.430
prequal,127,srv-7:80,110.065
prequal,127,srv-7:80,136.367
prequal,127,srv-7:80,141.700
prequal,127,srv-7:80,105.424
prequal,127,srv-7:80,104.048
prequal,127,srv-7:80,124.960
prequal,127,srv-7:80,118.078
prequal,127,srv-7:80,134.817
prequal,127,srv-7:80,141.600
prequal,127,srv-7:80,146.848
prequal,127,srv-7:80,153.866
prequal,127,srv-7:80,116.610
prequal,127,srv-7:80,109.753
prequal,127,srv-7:80,124.864
prequal,127,srv-7:80,129.934
prequal,127,srv-7:80,113.670
prequal,127,srv-7:80,113.654
prequal,127,srv-7:80,119.359
prequal,127,srv-7:80,137.604
prequal,127,srv-7:80,141.093
prequal,127,srv-7:80,123.742
prequal,127,srv-7:80,121.875
prequal,127,srv-7:80,124.530
prequal,127,srv-7:80,123.334
prequal,127,srv-7:80,137.733
prequal,127,srv-7:80,130.084
prequal,127,srv-7:80,142.213
prequal,127,srv-7:80,137.980
prequal,127,srv-7:80,136.678
prequal,127,srv-7:80,120.855
prequal,127,srv-7:80,41.087
prequal,127,srv-8:80,138.190
prequal,127,srv-8:80,137.747
prequal,127,srv-8:80,141.361
prequal,127,srv-8:80,142.456
prequal,127,srv-8:80,142.031
prequal,127,srv-8:80,143.515
prequal,127,srv-8:80,134.758
prequal,127,srv-8:80,124.449
prequal,127,srv-8:80,133.232
prequal,127,srv-8:80,142.427
prequal,127,srv-8:80,145.551
prequal,127,srv-8:80,128.419
prequal,127,srv-8:80,122.428
prequal,127,srv-8:80,131.200
prequal,127,srv-8:80,134.340
prequal,127,srv-8:80,128.488
prequal,127,srv-8:80,132.355
prequal,127,srv-8:80,133.588
prequal,127,srv-8:80,143.527
prequal,127,srv-8:80,142.624
prequal,127,srv-8:80,134.463
prequal,127,srv-8:80,127.934
prequal,127,srv-8:80,148.547
prequal,127,srv-8:80,106.963
prequal,127,srv-8:80,88.214
prequal,127,srv-8:80,134.561
prequal,127,srv-8:80,144.921
prequal,127,srv-8:80,135.689
prequal,127,srv-8:80,144.635
prequal,127,srv-8:80,135.385
prequal,127,srv-8:80,136.893
prequal,127,srv-8:80,123.938
prequal,127,srv-8:80,117.295
prequal,127,srv-8:80,127.625
prequal,127,srv-8:80,144.826
prequal,127,srv-8:80,138.017
prequal,127,srv-8:80,102.824
prequal,127,srv-8:80,98.363
prequal,127,srv-8:80,110.583
prequal,127,srv-8:80,121.077
prequal,127,srv-8:80,150.563
prequal,127,srv-8:80,142.706
prequal,127,srv-8:80,128.964
prequal,127,srv-8:80,124.427
prequal,127,srv-8:80,116.965
prequal,127,srv-8:80,128.357
prequal,127,srv-8:80,128.859
prequal,127,srv-8:80,127.552
prequal,127,srv-8:80,147.978
prequal,127,srv-8:80,143.023
prequal,127,srv-8:80,117.305
prequal,127,srv-8:80,126.919
prequal,127,srv-8:80,99.931
prequal,127,srv-8:80,95.431
prequal,127,srv-8:80,119.116
prequal,127,srv-8:80,125.827
prequal,127,srv-8:80,123.106
prequal,127,srv-8:80,127.545
prequal,127,srv-8:80,90.044
prequal,127,srv-8:80,28.540
prequal,127,srv-9:80,75.324
prequal,127,srv-9:80,87.141
prequal,127,srv-9:80,93.636
prequal,127,srv-9:80,92.408
prequal,127,srv-9:80,94.978
prequal,127,srv-9:80,90.894
prequal,127,srv-9:80,84.813
prequal,127,srv-9:80,97.115
prequal,127,srv-9:80,96.799
prequal,127,srv-9:80,82.952
prequal,127,srv-9:80,86.180
prequal,127,srv-9:80,90.206
prequal,127,srv-9:80,81.609
prequal,127,srv-9:80,90.459
prequal,127,srv-9:80,97.430
prequal,127,srv-9:80,91.059
prequal,127,srv-9:80,77.199
prequal,127,srv-9:80,77.748
prequal,127,srv-9:80,87.533
prequal,127,srv-9:80,94.824
prequal,127,srv-9:80,93.538
prequal,127,srv-9:80,91.132
prequal,127,srv-9:80,75.008
prequal,127,srv-9:80,78.757
prequal,127,srv-9:80,84.956
prequal,127,srv-9:80,83.006
prequal,127,srv-9:80,83.407
prequal,127,srv-9:80,82.368
prequal,127,srv-9:80,79.963
prequal,127,srv-9:80,64.139
prequal,127,srv-9:80,60.505
prequal,127,srv-9:80,82.018
prequal,127,srv-9:80,101.043
prequal,127,srv-9:80,100.306
prequal,127,srv-9:80,92.215
prequal,127,srv-9:80,92.875
prequal,127,srv-9:80,96.895
prequal,127,srv-9:80,88.634
prequal,127,srv-9:80,60.242
prequal,127,srv-9:80,61.175
prequal,127,srv-9:80,84.597
prequal,127,srv-9:80,82.220
prequal,127,srv-9:80,60.833
prequal,127,srv-9:80,62.716
prequal,127,srv-9:80,93.781
prequal,127,srv-9:80,96.543
prequal,127,srv-9:80,71.877
prequal,127,srv-9:80,64.803
prequal,127,srv-9:80,72.666
prequal,127,srv-9:80,70.271
prequal,127,srv-9:80,71.832
prequal,127,srv-9:80,68.710
prequal,127,srv-9:80,73.609
prequal,127,srv-9:80,77.329
prequal,127,srv-9:80,75.370
prequal,127,srv-9:80,72.321
prequal,127,srv-9:80,65.505
prequal,127,srv-9:80,54.377
prequal,127,srv-9:80,61.199
prequal,127,srv-9:80,34.872
prequal,141,srv-10:80,77.563
prequal,141,srv-10:80,98.384
prequal,141,srv-10:80,95.139
prequal,141,srv-10:80,85.931
prequal,141,srv-10:80,83.918
prequal,141,srv-10:80,81.689
prequal,141,srv-10:80,73.647
prequal,141,srv-10:80,87.079
prequal,141,srv-10:80,114.585
prequal,141,srv-10:80,108.741
prequal,141,srv-10:80,109.094
prequal,141,srv-10:80,114.993
prequal,141,srv-10:80,96.499
prequal,141,srv-10:80,91.173
prequal,141,srv-10:80,109.487
prequal,141,srv-10:80,103.577
prequal,141,srv-10:80,91.934
prequal,141,srv-10:80,87.952
prequal,141,srv-10:80,99.544
prequal,141,srv-10:80,103.364
prequal,141,srv-10:80,100.985
prequal,141,srv-10:80,95.164
prequal,141,srv-10:80,99.899
prequal,141,srv-10:80,112.513
prequal,141,srv-10:80,121.733
prequal,141,srv-10:80,110.121
prequal,141,srv-10:80,109.109
prequal,141,srv-10:80,96.503
prequal,141,srv-10:80,96.403
prequal,141,srv-10:80,115.557
prequal,141,srv-10:80,114.242
prequal,141,srv-10:80,112.237
prequal,141,srv-10:80,111.700
prequal,141,srv-10:80,106.625
prequal,141,srv-10:80,107.194
prequal,141,srv-10:80,114.856
prequal,141,srv-10:80,117.496
prequal,141,srv-10:80,107.650
prequal,141,srv-10:80,108.576
prequal,141,srv-10:80,102.825
prequal,141,srv-10:80,100.495
prequal,141,srv-10:80,82.280
prequal,141,srv-10:80,78.490
prequal,141,srv-10:80,88.345
prequal,141,srv-10:80,82.531
prequal,141,srv-10:80,97.698
prequal,141,srv-10:80,99.664
prequal,141,srv-10:80,102.666
prequal,141,srv-10:80,106.012
prequal,141,srv-10:80,92.996
prequal,141,srv-10:80,80.155
prequal,141,srv-10:80,86.363
prequal,141,srv-10:80,88.153
prequal,141,srv-10:80,96.208
prequal,141,srv-10:80,96.765
prequal,141,srv-10:80,103.564
prequal,141,srv-10:80,101.242
prequal,141,srv-10:80,88.372
prequal,141,srv-10:80,101.093
prequal,141,srv-10:80,80.782
prequal,141,srv-10:80,22.564
prequal,141,srv-1:80,236.957
prequal,141,srv-1:80,273.734
prequal,141,srv-1:80,273.503
prequal,141,srv-1:80,258.739
prequal,141,srv-1:80,254.349
prequal,141,srv-1:80,249.281
prequal,141,srv-1:80,235.085
prequal,141,srv-1:80,243.222
prequal,141,srv-1:80,276.363
prequal,141,srv-1:80,288.140
prequal,141,srv-1:80,268.276
prequal,141,srv-1:80,262.455
prequal,141,srv-1:80,273.625
prequal,141,srv-1:80,274.434
prequal,141,srv-1:80,271.054
prequal,141,srv-1:80,262.060
prequal,141,srv-1:80,263.174
prequal,141,srv-1:80,261.242
prequal,141,srv-1:80,258.896
prequal,141,srv-1:80,262.043
prequal,141,srv-1:80,253.695
prequal,141,srv-1:80,252.112
prequal,141,srv-1:80,283.691
prequal,141,srv-1:80,284.981
prequal,141,srv-1:80,275.637
prequal,141,srv-1:80,262.366
prequal,141,srv-1:80,261.321
prequal,141,srv-1:80,260.082
prequal,141,srv-1:80,253.474
prequal,141,srv-1:80,246.649
prequal,141,srv-1:80,258.919
prequal,141,srv-1:80,258.118
prequal,141,srv-1:80,272.765
prequal,141,srv-1:80,278.820
prequal,141,srv-1:80,273.246
prequal,141,srv-1:80,269.122
prequal,141,srv-1:80,270.071
prequal,141,srv-1:80,270.883
prequal,141,srv-1:80,271.748
prequal,141,srv-1:80,262.827
prequal,141,srv-1:80,258.696
prequal,141,srv-1:80,266.382
prequal,141,srv-1:80,261.706
prequal,141,srv-1:80,282.981
prequal,141,srv-1:80,292.774
prequal,141,srv-1:80,280.988
prequal,141,srv-1:80,280.046
prequal,141,srv-1:80,275.887
prequal,141,srv-1:80,267.045
prequal,141,srv-1:80,279.848
prequal,141,srv-1:80,282.146
prequal,141,srv-1:80,264.679
prequal,141,srv-1:80,252.340
prequal,141,srv-1:80,261.923
prequal,141,srv-1:80,262.284
prequal,141,srv-1:80,249.717
prequal,141,srv-1:80,234.384
prequal,141,srv-1:80,259.088
prequal,141,srv-1:80,267.009
prequal,141,srv-1:80,163.902
prequal,141,srv-1:80,38.220
prequal,141,srv-2:80,208.654
prequal,141,srv-2:80,211.504
prequal,141,srv-2:80,255.267
prequal,141,srv-2:80,297.840
prequal,141,srv-2:80,312.705
prequal,141,srv-2:80,311.720
prequal,141,srv-2:80,317.350
prequal,141,srv-2:80,313.215
prequal,141,srv-2:80,290.467
prequal,141,srv-2:80,286.286
prequal,141,srv-2:80,280.701
prequal,141,srv-2:80,264.768
prequal,141,srv-2:80,271.272
prequal,141,srv-2:80,275.292
prequal,141,srv-2:80,255.065
prequal,141,srv-2:80,257.617
prequal,141,srv-2:80,280.144
prequal,141,srv-2:80,268.192
prequal,141,srv-2:80,266.293
prequal,141,srv-2:80,268.045
prequal,141,srv-2:80,276.842
prequal,141,srv-2:80,280.376
prequal,141,srv-2:80,262.705
prequal,141,srv-2:80,252.900
prequal,141,srv-2:80,276.206
prequal,141,srv-2:80,284.754
prequal,141,srv-2:80,291.027
prequal,141,srv-2:80,294.724
prequal,141,srv-2:80,291.711
prequal,141,srv-2:80,273.402
prequal,141,srv-2:80,274.455
prequal,141,srv-2:80,275.525
prequal,141,srv-2:80,278.624
prequal,141,srv-2:80,263.732
prequal,141,srv-2:80,255.613
prequal,141,srv-2:80,263.173
prequal,141,srv-2:80,272.313
prequal,141,srv-2:80,262.756
prequal,141,srv-2:80,261.963
prequal,141,srv-2:80,265.460
prequal,141,srv-2:80,259.345
prequal,141,srv-2:80,273.665
prequal,141,srv-2:80,276.712
prequal,141,srv-2:80,289.690
prequal,141,srv-2:80,294.189
prequal,141,srv-2:80,268.367
prequal,141,srv-2:80,260.717
prequal,141,srv-2:80,272.614
prequal,141,srv-2:80,270.367
prequal,141,srv-2:80,274.419
prequal,141,srv-2:80,254.934
prequal,141,srv-2:80,265.882
prequal,141,srv-2:80,293.436
prequal,141,srv-2:80,303.210
prequal,141,srv-2:80,294.200
prequal,141,srv-2:80,288.389
prequal,141,srv-2:80,279.162
prequal,141,srv-2:80,269.408
prequal,141,srv-2:80,269.288
prequal,141,srv-2:80,176.676
prequal,141,srv-2:80,40.667
prequal,141,srv-3:80,283.494
prequal,141,srv-3:80,272.187
prequal,141,srv-3:80,255.352
prequal,141,srv-3:80,258.387
prequal,141,srv-3:80,258.670
prequal,141,srv-3:80,267.729
prequal,141,srv-3:80,254.361
prequal,141,srv-3:80,252.069
prequal,141,srv-3:80,269.761
prequal,141,srv-3:80,287.703
prequal,141,srv-3:80,266.470
prequal,141,srv-3:80,258.957
prequal,141,srv-3:80,270.170
prequal,141,srv-3:80,265.653
prequal,141,srv-3:80,266.787
prequal,141,srv-3:80,273.055
prequal,141,srv-3:80,278.823
prequal,141,srv-3:80,282.016
prequal,141,srv-3:80,275.614
prequal,141,srv-3:80,272.177
prequal,141,srv-3:80,280.868
prequal,141,srv-3:80,284.110
prequal,141,srv-3:80,286.130
prequal,141,srv-3:80,284.806
prequal,141,srv-3:80,268.987
prequal,141,srv-3:80,253.768
prequal,141,srv-3:80,267.069
prequal,141,srv-3:80,271.641
prequal,141,srv-3:80,266.474
prequal,141,srv-3:80,263.364
prequal,141,srv-3:80,269.094
prequal,141,srv-3:80,274.306
prequal,141,srv-3:80,283.950
prequal,141,srv-3:80,275.044
prequal,141,srv-3:80,274.824
prequal,141,srv-3:80,272.152
prequal,141,srv-3:80,250.340
prequal,141,srv-3:80,250.540
prequal,141,srv-3:80,279.951
prequal,141,srv-3:80,279.762
prequal,141,srv-3:80,281.211
prequal,141,srv-3:80,278.572
prequal,141,srv-3:80,277.394
prequal,141,srv-3:80,278.967
prequal,141,srv-3:80,278.475
prequal,141,srv-3:80,270.393
prequal,141,srv-3:80,278.486
prequal,141,srv-3:80,281.107
prequal,141,srv-3:80,280.413
prequal,141,srv-3:80,283.390
prequal,141,srv-3:80,277.701
prequal,141,srv-3:80,260.434
prequal,141,srv-3:80,255.338
prequal,141,srv-3:80,248.044
prequal,141,srv-3:80,242.837
prequal,141,srv-3:80,264.727
prequal,141,srv-3:80,273.971
prequal,141,srv-3:80,268.223
prequal,141,srv-3:80,241.845
prequal,141,srv-3:80,120.969
prequal,141,srv-3:80,0.052
prequal,141,srv-4:80,267.050
prequal,141,srv-4:80,292.994
prequal,141,srv-4:80,277.934
prequal,141,srv-4:80,269.195
prequal,141,srv-4:80,271.894
prequal,141,srv-4:80,269.984
prequal,141,srv-4:80,256.775
prequal,141,srv-4:80,256.331
prequal,141,srv-4:80,264.585
prequal,141,srv-4:80,276.623
prequal,141,srv-4:80,277.082
prequal,141,srv-4:80,264.648
prequal,141,srv-4:80,261.389
prequal,141,srv-4:80,253.938
prequal,141,srv-4:80,256.553
prequal,141,srv-4:80,267.005
prequal,141,srv-4:80,286.625
prequal,141,srv-4:80,298.264
prequal,141,srv-4:80,318.987
prequal,141,srv-4:80,319.731
prequal,141,srv-4:80,308.907
prequal,141,srv-4:80,304.755
prequal,141,srv-4:80,300.060
prequal,141,srv-4:80,280.821
prequal,141,srv-4:80,272.737
prequal,141,srv-4:80,263.402
prequal,141,srv-4:80,271.203
prequal,141,srv-4:80,277.281
prequal,141,srv-4:80,263.120
prequal,141,srv-4:80,262.038
prequal,141,srv-4:80,278.898
prequal,141,srv-4:80,274.989
prequal,141,srv-4:80,284.974
prequal,141,srv-4:80,280.149
prequal,141,srv-4:80,273.979
prequal,141,srv-4:80,267.536
prequal,141,srv-4:80,271.954
prequal,141,srv-4:80,274.853
prequal,141,srv-4:80,277.716
prequal,141,srv-4:80,276.923
prequal,141,srv-4:80,265.656
prequal,141,srv-4:80,272.907
prequal,141,srv-4:80,282.078
prequal,141,srv-4:80,254.098
prequal,141,srv-4:80,250.258
prequal,141,srv-4:80,269.011
prequal,141,srv-4:80,274.074
prequal,141,srv-4:80,252.218
prequal,141,srv-4:80,241.004
prequal,141,srv-4:80,271.335
prequal,141,srv-4:80,272.335
prequal,141,srv-4:80,272.597
prequal,141,srv-4:80,273.417
prequal,141,srv-4:80,263.625
prequal,141,srv-4:80,247.255
prequal,141,srv-4:80,261.954
prequal,141,srv-4:80,263.862
prequal,141,srv-4:80,267.646
prequal,141,srv-4:80,274.004
prequal,141,srv-4:80,165.527
prequal,141,srv-4:80,28.055
prequal,141,srv-5:80,191.930
prequal,141,srv-5:80,240.066
prequal,141,srv-5:80,217.037
prequal,141,srv-5:80,207.936
prequal,141,srv-5:80,209.975
prequal,141,srv-5:80,207.532
prequal,141,srv-5:80,215.475
prequal,141,srv-5:80,228.325
prequal,141,srv-5:80,217.199
prequal,141,srv-5:80,213.646
prequal,141,srv-5:80,241.176
prequal,141,srv-5:80,262.026
prequal,141,srv-5:80,247.125
prequal,141,srv-5:80,255.574
prequal,141,srv-5:80,238.170
prequal,141,srv-5:80,242.783
prequal,141,srv-5:80,250.413
prequal,141,srv-5:80,248.462
prequal,141,srv-5:80,229.457
prequal,141,srv-5:80,226.494
prequal,141,srv-5:80,225.613
prequal,141,srv-5:80,234.671
prequal,141,srv-5:80,227.082
prequal,141,srv-5:80,226.264
prequal,141,srv-5:80,223.241
prequal,141,srv-5:80,240.673
prequal,141,srv-5:80,230.931
prequal,141,srv-5:80,220.934
prequal,141,srv-5:80,228.685
prequal,141,srv-5:80,234.408
prequal,141,srv-5:80,236.774
prequal,141,srv-5:80,200.565
prequal,141,srv-5:80,206.823
prequal,141,srv-5:80,247.428
prequal,141,srv-5:80,241.211
prequal,141,srv-5:80,221.624
prequal,141,srv-5:80,225.419
prequal,141,srv-5:80,228.249
prequal,141,srv-5:80,234.566
prequal,141,srv-5:80,219.983
prequal,141,srv-5:80,219.792
prequal,141,srv-5:80,222.990
prequal,141,srv-5:80,230.474
prequal,141,srv-5:80,235.689
prequal,141,srv-5:80,241.627
prequal,141,srv-5:80,231.133
prequal,141,srv-5:80,237.188
prequal,141,srv-5:80,240.174
prequal,141,srv-5:80,243.093
prequal,141,srv-5:80,227.717
prequal,141,srv-5:80,238.631
prequal,141,srv-5:80,241.606
prequal,141,srv-5:80,249.167
prequal,141,srv-5:80,250.293
prequal,141,srv-5:80,250.945
prequal,141,srv-5:80,216.218
prequal,141,srv-5:80,230.520
prequal,141,srv-5:80,255.685
prequal,141,srv-5:80,259.725
prequal,141,srv-5:80,173.429
prequal,141,srv-5:80,15.952
prequal,141,srv-6:80,195.469
prequal,141,srv-6:80,237.475
prequal,141,srv-6:80,230.210
prequal,141,srv-6:80,226.596
prequal,141,srv-6:80,210.049
prequal,141,srv-6:80,210.666
prequal,141,srv-6:80,208.308
prequal,141,srv-6:80,215.733
prequal,141,srv-6:80,225.407
prequal,141,srv-6:80,225.988
prequal,141,srv-6:80,229.197
prequal,141,srv-6:80,238.193
prequal,141,srv-6:80,231.143
prequal,141,srv-6:80,237.964
prequal,141,srv-6:80,226.819
prequal,141,srv-6:80,229.689
prequal,141,srv-6:80,237.604
prequal,141,srv-6:80,230.453
prequal,141,srv-6:80,217.825
prequal,141,srv-6:80,230.053
prequal,141,srv-6:80,227.810
prequal,141,srv-6:80,224.507
prequal,141,srv-6:80,222.519
prequal,141,srv-6:80,239.820
prequal,141,srv-6:80,237.306
prequal,141,srv-6:80,237.148
prequal,141,srv-6:80,229.942
prequal,141,srv-6:80,227.376
prequal,141,srv-6:80,215.820
prequal,141,srv-6:80,206.512
prequal,141,srv-6:80,220.951
prequal,141,srv-6:80,242.312
prequal,141,srv-6:80,239.699
prequal,141,srv-6:80,247.609
prequal,141,srv-6:80,247.837
prequal,141,srv-6:80,244.785
prequal,141,srv-6:80,245.121
prequal,141,srv-6:80,248.533
prequal,141,srv-6:80,245.646
prequal,141,srv-6:80,229.924
prequal,141,srv-6:80,235.732
prequal,141,srv-6:80,250.094
prequal,141,srv-6:80,250.667
prequal,141,srv-6:80,239.325
prequal,141,srv-6:80,244.169
prequal,141,srv-6:80,232.020
prequal,141,srv-6:80,216.922
prequal,141,srv-6:80,202.242
prequal,141,srv-6:80,240.237
prequal,141,srv-6:80,257.066
prequal,141,srv-6:80,262.170
prequal,141,srv-6:80,248.068
prequal,141,srv-6:80,250.933
prequal,141,srv-6:80,253.550
prequal,141,srv-6:80,250.846
prequal,141,srv-6:80,244.442
prequal,141,srv-6:80,243.957
prequal,141,srv-6:80,231.947
prequal,141,srv-6:80,229.388
prequal,141,srv-6:80,162.425
prequal,141,srv-6:80,29.822
prequal,141,srv-7:80,142.605
prequal,141,srv-7:80,161.652
prequal,141,srv-7:80,171.579
prequal,141,srv-7:80,167.861
prequal,141,srv-7:80,116.469
prequal,141,srv-7:80,112.073
prequal,141,srv-7:80,146.922
prequal,141,srv-7:80,153.686
prequal,141,srv-7:80,157.148
prequal,141,srv-7:80,153.988
prequal,141,srv-7:80,135.624
prequal,141,srv-7:80,136.686
prequal,141,srv-7:80,169.883
prequal,141,srv-7:80,175.968
prequal,141,srv-7:80,165.405
prequal,141,srv-7:80,157.869
prequal,141,srv-7:80,137.253
prequal,141,srv-7:80,146.911
prequal,141,srv-7:80,129.371
prequal,141,srv-7:80,131.796
prequal,141,srv-7:80,132.919
prequal,141,srv-7:80,127.891
prequal,141,srv-7:80,148.382
prequal,141,srv-7:80,131.897
prequal,141,srv-7:80,130.952
prequal,141,srv-7:80,169.038
prequal,141,srv-7:80,165.619
prequal,141,srv-7:80,177.233
prequal,141,srv-7:80,170.953
prequal,141,srv-7:80,157.351
prequal,141,srv-7:80,148.944
prequal,141,srv-7:80,153.170
prequal,141,srv-7:80,138.398
prequal,141,srv-7:80,133.478
prequal,141,srv-7:80,142.831
prequal,141,srv-7:80,149.538
prequal,141,srv-7:80,144.412
prequal,141,srv-7:80,157.972
prequal,141,srv-7:80,155.138
prequal,141,srv-7:80,164.509
prequal,141,srv-7:80,172.234
prequal,141,srv-7:80,156.742
prequal,141,srv-7:80,156.336
prequal,141,srv-7:80,160.992
prequal,141,srv-7:80,154.848
prequal,141,srv-7:80,147.747
prequal,141,srv-7:80,144.011
prequal,141,srv-7:80,159.608
prequal,141,srv-7:80,158.516
prequal,141,srv-7:80,132.031
prequal,141,srv-7:80,145.491
prequal,141,srv-7:80,167.573
prequal,141,srv-7:80,151.237
prequal,141,srv-7:80,142.073
prequal,141,srv-7:80,157.322
prequal,141,srv-7:80,162.515
prequal,141,srv-7:80,165.154
prequal,141,srv-7:80,163.327
prequal,141,srv-7:80,159.576
prequal,141,srv-7:80,76.911
prequal,141,srv-7:80,16.620
prequal,141,srv-8:80,160.004
prequal,141,srv-8:80,159.478
prequal,141,srv-8:80,166.930
prequal,141,srv-8:80,163.600
prequal,141,srv-8:80,170.824
prequal,141,srv-8:80,165.518
prequal,141,srv-8:80,160.654
prequal,141,srv-8:80,148.420
prequal,141,srv-8:80,156.027
prequal,141,srv-8:80,158.623
prequal,141,srv-8:80,170.387
prequal,141,srv-8:80,167.729
prequal,141,srv-8:80,145.488
prequal,141,srv-8:80,146.638
prequal,141,srv-8:80,163.492
prequal,141,srv-8:80,163.428
prequal,141,srv-8:80,173.620
prequal,141,srv-8:80,172.596
prequal,141,srv-8:80,164.204
prequal,141,srv-8:80,162.323
prequal,141,srv-8:80,161.177
prequal,141,srv-8:80,164.618
prequal,141,srv-8:80,166.670
prequal,141,srv-8:80,163.133
prequal,141,srv-8:80,141.615
prequal,141,srv-8:80,146.445
prequal,141,srv-8:80,144.749
prequal,141,srv-8:80,145.656
prequal,141,srv-8:80,163.341
prequal,141,srv-8:80,178.380
prequal,141,srv-8:80,160.291
prequal,141,srv-8:80,160.736
prequal,141,srv-8:80,143.736
prequal,141,srv-8:80,143.344
prequal,141,srv-8:80,156.760
prequal,141,srv-8:80,163.722
prequal,141,srv-8:80,162.326
prequal,141,srv-8:80,158.991
prequal,141,srv-8:80,160.372
prequal,141,srv-8:80,157.384
prequal,141,srv-8:80,148.281
prequal,141,srv-8:80,155.817
prequal,141,srv-8:80,152.458
prequal,141,srv-8:80,163.332
prequal,141,srv-8:80,163.996
prequal,141,srv-8:80,169.051
prequal,141,srv-8:80,165.160
prequal,141,srv-8:80,167.457
prequal,141,srv-8:80,165.830
prequal,141,srv-8:80,137.292
prequal,141,srv-8:80,134.820
prequal,141,srv-8:80,158.802
prequal,141,srv-8:80,146.571
prequal,141,srv-8:80,156.611
prequal,141,srv-8:80,163.114
prequal,141,srv-8:80,162.953
prequal,141,srv-8:80,169.458
prequal,141,srv-8:80,157.753
prequal,141,srv-8:80,143.657
prequal,141,srv-8:80,48.060
prequal,141,srv-8:80,2.477
prequal,141,srv-9:80,96.474
prequal,141,srv-9:80,111.646
prequal,141,srv-9:80,102.963
prequal,141,srv-9:80,101.690
prequal,141,srv-9:80,129.944
prequal,141,srv-9:80,129.078
prequal,141,srv-9:80,109.446
prequal,141,srv-9:80,112.756
prequal,141,srv-9:80,117.723
prequal,141,srv-9:80,110.105
prequal,141,srv-9:80,95.568
prequal,141,srv-9:80,97.837
prequal,141,srv-9:80,106.316
prequal,141,srv-9:80,103.276
prequal,141,srv-9:80,104.271
prequal,141,srv-9:80,108.954
prequal,141,srv-9:80,99.449
prequal,141,srv-9:80,87.289
prequal,141,srv-9:80,93.626
prequal,141,srv-9:80,88.762
prequal,141,srv-9:80,94.149
prequal,141,srv-9:80,97.562
prequal,141,srv-9:80,105.432
prequal,141,srv-9:80,108.249
prequal,141,srv-9:80,93.732
prequal,141,srv-9:80,87.917
prequal,141,srv-9:80,90.533
prequal,141,srv-9:80,82.268
prequal,141,srv-9:80,101.903
prequal,141,srv-9:80,105.594
prequal,141,srv-9:80,102.828
prequal,141,srv-9:80,111.947
prequal,141,srv-9:80,104.141
prequal,141,srv-9:80,83.875
prequal,141,srv-9:80,87.381
prequal,141,srv-9:80,97.906
prequal,141,srv-9:80,105.056
prequal,141,srv-9:80,112.490
prequal,141,srv-9:80,112.565
prequal,141,srv-9:80,98.700
prequal,141,srv-9:80,96.208
prequal,141,srv-9:80,105.843
prequal,141,srv-9:80,110.589
prequal,141,srv-9:80,89.839
prequal,141,srv-9:80,93.146
prequal,141,srv-9:80,119.240
prequal,141,srv-9:80,121.240
prequal,141,srv-9:80,103.819
prequal,141,srv-9:80,97.013
prequal,141,srv-9:80,116.860
prequal,141,srv-9:80,105.848
prequal,141,srv-9:80,88.417
prequal,141,srv-9:80,97.555
prequal,141,srv-9:80,95.792
prequal,141,srv-9:80,91.385
prequal,141,srv-9:80,106.527
prequal,141,srv-9:80,109.766
prequal,141,srv-9:80,102.086
prequal,141,srv-9:80,92.537
prequal,141,srv-9:80,57.263
prequal,141,srv-9:80,7.637
prequal,157,srv-10:80,107.136
prequal,157,srv-10:80,106.846
prequal,157,srv-10:80,110.075
prequal,157,srv-10:80,118.672
prequal,157,srv-10:80,133.304
prequal,157,srv-10:80,121.881
prequal,157,srv-10:80,110.508
prequal,157,srv-10:80,112.308
prequal,157,srv-10:80,113.852
prequal,157,srv-10:80,112.098
prequal,157,srv-10:80,111.259
prequal,157,srv-10:80,114.091
prequal,157,srv-10:80,119.519
prequal,157,srv-10:80,131.477
prequal,157,srv-10:80,116.893
prequal,157,srv-10:80,108.114
prequal,157,srv-10:80,124.237
prequal,157,srv-10:80,116.520
prequal,157,srv-10:80,129.556
prequal,157,srv-10:80,131.221
prequal,157,srv-10:80,125.447
prequal,157,srv-10:80,123.089
prequal,157,srv-10:80,105.579
prequal,157,srv-10:80,103.967
prequal,157,srv-10:80,120.868
prequal,157,srv-10:80,122.800
prequal,157,srv-10:80,113.981
prequal,157,srv-10:80,103.113
prequal,157,srv-10:80,110.412
prequal,157,srv-10:80,115.377
prequal,157,srv-10:80,118.387
prequal,157,srv-10:80,123.256
prequal,157,srv-10:80,125.692
prequal,157,srv-10:80,117.269
prequal,157,srv-10:80,117.704
prequal,157,srv-10:80,103.609
prequal,157,srv-10:80,103.375
prequal,157,srv-10:80,120.065
prequal,157,srv-10:80,119.009
prequal,157,srv-10:80,105.344
prequal,157,srv-10:80,108.908
prequal,157,srv-10:80,119.290
prequal,157,srv-10:80,111.253
prequal,157,srv-10:80,116.802
prequal,157,srv-10:80,126.004
prequal,157,srv-10:80,122.979
prequal,157,srv-10:80,125.205
prequal,157,srv-10:80,111.395
prequal,157,srv-10:80,100.392
prequal,157,srv-10:80,115.755
prequal,157,srv-10:80,112.505
prequal,157,srv-10:80,109.080
prequal,157,srv-10:80,107.771
prequal,157,srv-10:80,115.173
prequal,157,srv-10:80,118.303
prequal,157,srv-10:80,124.909
prequal,157,srv-10:80,122.978
prequal,157,srv-10:80,120.421
prequal,157,srv-10:80,128.023
prequal,157,srv-10:80,91.774
prequal,157,srv-10:80,25.616
prequal,157,srv-1:80,251.226
prequal,157,srv-1:80,279.081
prequal,157,srv-1:80,285.476
prequal,157,srv-1:80,299.808
prequal,157,srv-1:80,293.193
prequal,157,srv-1:80,296.585
prequal,157,srv-1:80,297.348
prequal,157,srv-1:80,294.796
prequal,157,srv-1:80,290.946
prequal,157,srv-1:80,283.537
prequal,157,srv-1:80,283.300
prequal,157,srv-1:80,283.091
prequal,157,srv-1:80,280.288
prequal,157,srv-1:80,273.951
prequal,157,srv-1:80,281.470
prequal,157,srv-1:80,287.073
prequal,157,srv-1:80,281.615
prequal,157,srv-1:80,273.631
prequal,157,srv-1:80,292.446
prequal,157,srv-1:80,299.726
prequal,157,srv-1:80,299.258
prequal,157,srv-1:80,306.375
prequal,157,srv-1:80,320.735
prequal,157,srv-1:80,323.333
prequal,157,srv-1:80,303.409
prequal,157,srv-1:80,286.821
prequal,157,srv-1:80,288.732
prequal,157,srv-1:80,270.171
prequal,157,srv-1:80,251.326
prequal,157,srv-1:80,247.707
prequal,157,srv-1:80,282.410
prequal,157,srv-1:80,295.360
prequal,157,srv-1:80,293.404
prequal,157,srv-1:80,294.958
prequal,157,srv-1:80,287.156
prequal,157,srv-1:80,280.858
prequal,157,srv-1:80,293.845
prequal,157,srv-1:80,287.534
prequal,157,srv-1:80,290.041
prequal,157,srv-1:80,297.784
prequal,157,srv-1:80,298.726
prequal,157,srv-1:80,307.107
prequal,157,srv-1:80,304.773
prequal,157,srv-1:80,295.288
prequal,157,srv-1:80,302.703
prequal,157,srv-1:80,311.284
prequal,157,srv-1:80,307.682
prequal,157,srv-1:80,308.299
prequal,157,srv-1:80,302.128
prequal,157,srv-1:80,291.528
prequal,157,srv-1:80,284.771
prequal,157,srv-1:80,293.590
prequal,157,srv-1:80,297.392
prequal,157,srv-1:80,287.958
prequal,157,srv-1:80,283.883
prequal,157,srv-1:80,282.994
prequal,157,srv-1:80,271.521
prequal,157,srv-1:80,270.694
prequal,157,srv-1:80,273.730
prequal,157,srv-1:80,179.405
prequal,157,srv-1:80,36.800
prequal,157,srv-2:80,253.678
prequal,157,srv-2:80,291.695
prequal,157,srv-2:80,305.257
prequal,157,srv-2:80,309.011
prequal,157,srv-2:80,294.681
prequal,157,srv-2:80,287.271
prequal,157,srv-2:80,294.610
prequal,157,srv-2:80,303.045
prequal,157,srv-2:80,305.979
prequal,157,srv-2:80,297.002
prequal,157,srv-2:80,297.780
prequal,157,srv-2:80,284.675
prequal,157,srv-2:80,275.333
prequal,157,srv-2:80,290.976
prequal,157,srv-2:80,295.961
prequal,157,srv-2:80,293.925
prequal,157,srv-2:80,290.627
prequal,157,srv-2:80,281.634
prequal,157,srv-2:80,284.848
prequal,157,srv-2:80,287.026
prequal,157,srv-2:80,284.413
prequal,157,srv-2:80,280.762
prequal,157,srv-2:80,293.200
prequal,157,srv-2:80,294.483
prequal,157,srv-2:80,276.837
prequal,157,srv-2:80,260.395
prequal,157,srv-2:80,273.987
prequal,157,srv-2:80,268.009
prequal,157,srv-2:80,265.435
prequal,157,srv-2:80,277.458
prequal,157,srv-2:80,293.480
prequal,157,srv-2:80,285.722
prequal,157,srv-2:80,288.980
prequal,157,srv-2:80,294.240
prequal,157,srv-2:80,289.903
prequal,157,srv-2:80,288.435
prequal,157,srv-2:80,298.443
prequal,157,srv-2:80,299.259
prequal,157,srv-2:80,301.180
prequal,157,srv-2:80,297.378
prequal,157,srv-2:80,298.895
prequal,157,srv-2:80,297.771
prequal,157,srv-2:80,290.231
prequal,157,srv-2:80,266.203
prequal,157,srv-2:80,266.172
prequal,157,srv-2:80,274.559
prequal,157,srv-2:80,268.734
prequal,157,srv-2:80,295.646
prequal,157,srv-2:80,305.898
prequal,157,srv-2:80,294.868
prequal,157,srv-2:80,285.522
prequal,157,srv-2:80,288.812
prequal,157,srv-2:80,283.346
prequal,157,srv-2:80,280.883
prequal,157,srv-2:80,280.427
prequal,157,srv-2:80,306.345
prequal,157,srv-2:80,318.149
prequal,157,srv-2:80,298.747
prequal,157,srv-2:80,290.175
prequal,157,srv-2:80,187.787
prequal,157,srv-2:80,36.492
prequal,157,srv-3:80,289.196
prequal,157,srv-3:80,298.675
prequal,157,srv-3:80,294.651
prequal,157,srv-3:80,295.829
prequal,157,srv-3:80,291.481
prequal,157,srv-3:80,293.436
prequal,157,srv-3:80,292.922
prequal,157,srv-3:80,294.504
prequal,157,srv-3:80,289.043
prequal,157,srv-3:80,287.188
prequal,157,srv-3:80,289.800
prequal,157,srv-3:80,296.970
prequal,157,srv-3:80,272.171
prequal,157,srv-3:80,277.620
prequal,157,srv-3:80,295.246
prequal,157,srv-3:80,291.826
prequal,157,srv-3:80,290.774
prequal,157,srv-3:80,288.472
prequal,157,srv-3:80,282.471
prequal,157,srv-3:80,294.726
prequal,157,srv-3:80,300.225
prequal,157,srv-3:80,297.886
prequal,157,srv-3:80,295.067
prequal,157,srv-3:80,288.039
prequal,157,srv-3:80,281.855
prequal,157,srv-3:80,276.652
prequal,157,srv-3:80,284.511
prequal,157,srv-3:80,290.245
prequal,157,srv-3:80,297.570
prequal,157,srv-3:80,300.501
prequal,157,srv-3:80,293.180
prequal,157,srv-3:80,286.886
prequal,157,srv-3:80,277.307
prequal,157,srv-3:80,277.343
prequal,157,srv-3:80,292.286
prequal,157,srv-3:80,293.113
prequal,157,srv-3:80,294.520
prequal,157,srv-3:80,289.674
prequal,157,srv-3:80,295.338
prequal,157,srv-3:80,292.261
prequal,157,srv-3:80,297.352
prequal,157,srv-3:80,295.945
prequal,157,srv-3:80,295.824
prequal,157,srv-3:80,299.028
prequal,157,srv-3:80,292.931
prequal,157,srv-3:80,274.372
prequal,157,srv-3:80,279.693
prequal,157,srv-3:80,292.979
prequal,157,srv-3:80,295.605
prequal,157,srv-3:80,298.136
prequal,157,srv-3:80,312.217
prequal,157,srv-3:80,296.675
prequal,157,srv-3:80,294.470
prequal,157,srv-3:80,278.619
prequal,157,srv-3:80,276.856
prequal,157,srv-3:80,289.701
prequal,157,srv-3:80,288.712
prequal,157,srv-3:80,298.402
prequal,157,srv-3:80,262.656
prequal,157,srv-3:80,126.371
prequal,157,srv-3:80,0.040
prequal,157,srv-4:80,261.479
prequal,157,srv-4:80,279.169
prequal,157,srv-4:80,265.400
prequal,157,srv-4:80,265.979
prequal,157,srv-4:80,273.954
prequal,157,srv-4:80,278.047
prequal,157,srv-4:80,283.194
prequal,157,srv-4:80,291.215
prequal,157,srv-4:80,274.400
prequal,157,srv-4:80,271.464
prequal,157,srv-4:80,288.427
prequal,157,srv-4:80,289.255
prequal,157,srv-4:80,284.404
prequal,157,srv-4:80,281.813
prequal,157,srv-4:80,281.765
prequal,157,srv-4:80,283.601
prequal,157,srv-4:80,284.615
prequal,157,srv-4:80,286.662
prequal,157,srv-4:80,297.627
prequal,157,srv-4:80,297.627
prequal,157,srv-4:80,274.413
prequal,157,srv-4:80,262.508
prequal,157,srv-4:80,277.597
prequal,157,srv-4:80,270.637
prequal,157,srv-4:80,300.135
prequal,157,srv-4:80,322.199
prequal,157,srv-4:80,325.089
prequal,157,srv-4:80,323.298
prequal,157,srv-4:80,330.467
prequal,157,srv-4:80,324.116
prequal,157,srv-4:80,305.667
prequal,157,srv-4:80,298.160
prequal,157,srv-4:80,305.043
prequal,157,srv-4:80,302.404
prequal,157,srv-4:80,302.168
prequal,157,srv-4:80,298.327
prequal,157,srv-4:80,285.472
prequal,157,srv-4:80,287.404
prequal,157,srv-4:80,300.072
prequal,157,srv-4:80,307.399
prequal,157,srv-4:80,316.986
prequal,157,srv-4:80,296.337
prequal,157,srv-4:80,291.150
prequal,157,srv-4:80,284.572
prequal,157,srv-4:80,278.696
prequal,157,srv-4:80,268.529
prequal,157,srv-4:80,269.986
prequal,157,srv-4:80,297.615
prequal,157,srv-4:80,299.186
prequal,157,srv-4:80,295.071
prequal,157,srv-4:80,289.693
prequal,157,srv-4:80,281.764
prequal,157,srv-4:80,280.482
prequal,157,srv-4:80,274.310
prequal,157,srv-4:80,264.690
prequal,157,srv-4:80,280.484
prequal,157,srv-4:80,303.359
prequal,157,srv-4:80,306.349
prequal,157,srv-4:80,284.958
prequal,157,srv-4:80,168.065
prequal,157,srv-4:80,24.138
prequal,157,srv-5:80,225.237
prequal,157,srv-5:80,247.727
prequal,157,srv-5:80,248.941
prequal,157,srv-5:80,259.621
prequal,157,srv-5:80,257.669
prequal,157,srv-5:80,259.260
prequal,157,srv-5:80,261.331
prequal,157,srv-5:80,266.314
prequal,157,srv-5:80,253.747
prequal,157,srv-5:80,267.223
prequal,157,srv-5:80,272.336
prequal,157,srv-5:80,271.034
prequal,157,srv-5:80,254.897
prequal,157,srv-5:80,259.062
prequal,157,srv-5:80,253.308
prequal,157,srv-5:80,262.532
prequal,157,srv-5:80,266.511
prequal,157,srv-5:80,271.385
prequal,157,srv-5:80,253.568
prequal,157,srv-5:80,265.864
prequal,157,srv-5:80,272.648
prequal,157,srv-5:80,278.422
prequal,157,srv-5:80,252.776
prequal,157,srv-5:80,259.315
prequal,157,srv-5:80,255.303
prequal,157,srv-5:80,231.302
prequal,157,srv-5:80,239.593
prequal,157,srv-5:80,257.330
prequal,157,srv-5:80,255.399
prequal,157,srv-5:80,255.634
prequal,157,srv-5:80,253.044
prequal,157,srv-5:80,260.040
prequal,157,srv-5:80,261.155
prequal,157,srv-5:80,258.015
prequal,157,srv-5:80,268.808
prequal,157,srv-5:80,263.708
prequal,157,srv-5:80,259.338
prequal,157,srv-5:80,264.914
prequal,157,srv-5:80,269.732
prequal,157,srv-5:80,259.607
prequal,157,srv-5:80,260.561
prequal,157,srv-5:80,253.634
prequal,157,srv-5:80,256.879
prequal,157,srv-5:80,244.289
prequal,157,srv-5:80,253.140
prequal,157,srv-5:80,251.048
prequal,157,srv-5:80,255.151
prequal,157,srv-5:80,266.760
prequal,157,srv-5:80,276.391
prequal,157,srv-5:80,258.499
prequal,157,srv-5:80,263.912
prequal,157,srv-5:80,270.142
prequal,157,srv-5:80,272.807
prequal,157,srv-5:80,255.666
prequal,157,srv-5:80,263.789
prequal,157,srv-5:80,260.139
prequal,157,srv-5:80,264.599
prequal,157,srv-5:80,262.399
prequal,157,srv-5:80,266.830
prequal,157,srv-5:80,173.111
prequal,157,srv-5:80,14.508
prequal,157,srv-6:80,203.881
prequal,157,srv-6:80,243.723
prequal,157,srv-6:80,244.602
prequal,157,srv-6:80,245.479
prequal,157,srv-6:80,252.721
prequal,157,srv-6:80,244.481
prequal,157,srv-6:80,235.838
prequal,157,srv-6:80,241.078
prequal,157,srv-6:80,244.695
prequal,157,srv-6:80,257.395
prequal,157,srv-6:80,240.093
prequal,157,srv-6:80,232.192
prequal,157,srv-6:80,255.225
prequal,157,srv-6:80,272.777
prequal,157,srv-6:80,257.361
prequal,157,srv-6:80,256.372
prequal,157,srv-6:80,250.540
prequal,157,srv-6:80,247.956
prequal,157,srv-6:80,234.542
prequal,157,srv-6:80,234.452
prequal,157,srv-6:80,240.428
prequal,157,srv-6:80,260.295
prequal,157,srv-6:80,259.976
prequal,157,srv-6:80,266.680
prequal,157,srv-6:80,256.310
prequal,157,srv-6:80,258.332
prequal,157,srv-6:80,259.397
prequal,157,srv-6:80,245.058
prequal,157,srv-6:80,239.139
prequal,157,srv-6:80,261.928
prequal,157,srv-6:80,258.196
prequal,157,srv-6:80,256.683
prequal,157,srv-6:80,255.800
prequal,157,srv-6:80,249.814
prequal,157,srv-6:80,243.644
prequal,157,srv-6:80,243.809
prequal,157,srv-6:80,244.474
prequal,157,srv-6:80,232.804
prequal,157,srv-6:80,233.731
prequal,157,srv-6:80,251.711
prequal,157,srv-6:80,248.688
prequal,157,srv-6:80,252.689
prequal,157,srv-6:80,248.201
prequal,157,srv-6:80,246.317
prequal,157,srv-6:80,249.269
prequal,157,srv-6:80,243.735
prequal,157,srv-6:80,245.193
prequal,157,srv-6:80,236.366
prequal,157,srv-6:80,252.030
prequal,157,srv-6:80,246.995
prequal,157,srv-6:80,247.909
prequal,157,srv-6:80,251.802
prequal,157,srv-6:80,244.760
prequal,157,srv-6:80,231.547
prequal,157,srv-6:80,254.495
prequal,157,srv-6:80,234.242
prequal,157,srv-6:80,232.507
prequal,157,srv-6:80,240.384
prequal,157,srv-6:80,242.755
prequal,157,srv-6:80,161.710
prequal,157,srv-6:80,30.792
prequal,157,srv-7:80,145.971
prequal,157,srv-7:80,152.065
prequal,157,srv-7:80,175.427
prequal,157,srv-7:80,171.119
prequal,157,srv-7:80,172.599
prequal,157,srv-7:80,165.682
prequal,157,srv-7:80,176.331
prequal,157,srv-7:80,171.521
prequal,157,srv-7:80,182.089
prequal,157,srv-7:80,181.175
prequal,157,srv-7:80,159.223
prequal,157,srv-7:80,169.082
prequal,157,srv-7:80,184.310
prequal,157,srv-7:80,180.398
prequal,157,srv-7:80,182.015
prequal,157,srv-7:80,172.238
prequal,157,srv-7:80,169.626
prequal,157,srv-7:80,177.611
prequal,157,srv-7:80,176.687
prequal,157,srv-7:80,169.356
prequal,157,srv-7:80,159.919
prequal,157,srv-7:80,168.670
prequal,157,srv-7:80,171.773
prequal,157,srv-7:80,177.578
prequal,157,srv-7:80,170.541
prequal,157,srv-7:80,169.104
prequal,157,srv-7:80,157.828
prequal,157,srv-7:80,170.445
prequal,157,srv-7:80,171.436
prequal,157,srv-7:80,170.919
prequal,157,srv-7:80,158.974
prequal,157,srv-7:80,164.215
prequal,157,srv-7:80,165.983
prequal,157,srv-7:80,179.267
prequal,157,srv-7:80,172.669
prequal,157,srv-7:80,171.422
prequal,157,srv-7:80,168.100
prequal,157,srv-7:80,169.834
prequal,157,srv-7:80,169.739
prequal,157,srv-7:80,177.081
prequal,157,srv-7:80,168.780
prequal,157,srv-7:80,175.933
prequal,157,srv-7:80,175.227
prequal,157,srv-7:80,166.111
prequal,157,srv-7:80,171.358
prequal,157,srv-7:80,175.051
prequal,157,srv-7:80,176.781
prequal,157,srv-7:80,175.277
prequal,157,srv-7:80,177.750
prequal,157,srv-7:80,182.084
prequal,157,srv-7:80,174.240
prequal,157,srv-7:80,167.359
prequal,157,srv-7:80,172.980
prequal,157,srv-7:80,186.453
prequal,157,srv-7:80,189.444
prequal,157,srv-7:80,175.047
prequal,157,srv-7:80,172.753
prequal,157,srv-7:80,173.688
prequal,157,srv-7:80,177.928
prequal,157,srv-7:80,86.747
prequal,157,srv-7:80,15.763
prequal,157,srv-8:80,176.666
prequal,157,srv-8:80,183.343
prequal,157,srv-8:80,176.724
prequal,157,srv-8:80,162.056
prequal,157,srv-8:80,161.295
prequal,157,srv-8:80,162.756
prequal,157,srv-8:80,180.250
prequal,157,srv-8:80,172.913
prequal,157,srv-8:80,173.507
prequal,157,srv-8:80,174.695
prequal,157,srv-8:80,181.182
prequal,157,srv-8:80,174.878
prequal,157,srv-8:80,169.854
prequal,157,srv-8:80,162.526
prequal,157,srv-8:80,181.932
prequal,157,srv-8:80,180.268
prequal,157,srv-8:80,176.555
prequal,157,srv-8:80,180.335
prequal,157,srv-8:80,193.500
prequal,157,srv-8:80,192.092
prequal,157,srv-8:80,187.076
prequal,157,srv-8:80,178.388
prequal,157,srv-8:80,185.857
prequal,157,srv-8:80,188.777
prequal,157,srv-8:80,164.165
prequal,157,srv-8:80,165.596
prequal,157,srv-8:80,168.570
prequal,157,srv-8:80,164.634
prequal,157,srv-8:80,167.739
prequal,157,srv-8:80,163.166
prequal,157,srv-8:80,179.726
prequal,157,srv-8:80,186.591
prequal,157,srv-8:80,176.223
prequal,157,srv-8:80,184.618
prequal,157,srv-8:80,166.987
prequal,157,srv-8:80,172.045
prequal,157,srv-8:80,172.909
prequal,157,srv-8:80,174.581
prequal,157,srv-8:80,172.221
prequal,157,srv-8:80,168.824
prequal,157,srv-8:80,164.168
prequal,157,srv-8:80,173.984
prequal,157,srv-8:80,173.703
prequal,157,srv-8:80,184.384
prequal,157,srv-8:80,176.570
prequal,157,srv-8:80,175.254
prequal,157,srv-8:80,173.581
prequal,157,srv-8:80,179.915
prequal,157,srv-8:80,172.080
prequal,157,srv-8:80,168.172
prequal,157,srv-8:80,166.327
prequal,157,srv-8:80,175.458
prequal,157,srv-8:80,171.515
prequal,157,srv-8:80,173.334
prequal,157,srv-8:80,173.300
prequal,157,srv-8:80,189.423
prequal,157,srv-8:80,183.637
prequal,157,srv-8:80,182.065
prequal,157,srv-8:80,194.536
prequal,157,srv-8:80,73.304
prequal,157,srv-8:80,0.404
prequal,157,srv-9:80,119.588
prequal,157,srv-9:80,122.371
prequal,157,srv-9:80,107.991
prequal,157,srv-9:80,106.257
prequal,157,srv-9:80,111.695
prequal,157,srv-9:80,122.781
prequal,157,srv-9:80,122.233
prequal,157,srv-9:80,116.252
prequal,157,srv-9:80,118.467
prequal,157,srv-9:80,117.638
prequal,157,srv-9:80,109.786
prequal,157,srv-9:80,113.648
prequal,157,srv-9:80,114.733
prequal,157,srv-9:80,115.436
prequal,157,srv-9:80,119.730
prequal,157,srv-9:80,120.302
prequal,157,srv-9:80,126.172
prequal,157,srv-9:80,120.153
prequal,157,srv-9:80,112.766
prequal,157,srv-9:80,117.570
prequal,157,srv-9:80,117.247
prequal,157,srv-9:80,111.140
prequal,157,srv-9:80,109.546
prequal,157,srv-9:80,111.025
prequal,157,srv-9:80,128.623
prequal,157,srv-9:80,134.337
prequal,157,srv-9:80,123.386
prequal,157,srv-9:80,121.109
prequal,157,srv-9:80,123.195
prequal,157,srv-9:80,121.715
prequal,157,srv-9:80,119.656
prequal,157,srv-9:80,102.862
prequal,157,srv-9:80,107.252
prequal,157,srv-9:80,98.702
prequal,157,srv-9:80,102.435
prequal,157,srv-9:80,114.833
prequal,157,srv-9:80,110.637
prequal,157,srv-9:80,115.251
prequal,157,srv-9:80,122.358
prequal,157,srv-9:80,116.803
prequal,157,srv-9:80,111.696
prequal,157,srv-9:80,95.983
prequal,157,srv-9:80,102.841
prequal,157,srv-9:80,110.485
prequal,157,srv-9:80,109.859
prequal,157,srv-9:80,126.573
prequal,157,srv-9:80,126.024
prequal,157,srv-9:80,109.700
prequal,157,srv-9:80,101.759
prequal,157,srv-9:80,105.597
prequal,157,srv-9:80,113.637
prequal,157,srv-9:80,106.506
prequal,157,srv-9:80,107.107
prequal,157,srv-9:80,129.114
prequal,157,srv-9:80,121.884
prequal,157,srv-9:80,116.226
prequal,157,srv-9:80,124.041
prequal,157,srv-9:80,105.628
prequal,157,srv-9:80,99.890
prequal,157,srv-9:80,69.175
prequal,157,srv-9:80,6.718
prequal,174,srv-10:80,135.624
prequal,174,srv-10:80,209.446
prequal,174,srv-10:80,160.493
prequal,174,srv-10:80,125.417
prequal,174,srv-10:80,151.361
prequal,174,srv-10:80,144.174
prequal,174,srv-10:80,154.434
prequal,174,srv-10:80,149.613
prequal,174,srv-10:80,154.300
prequal,174,srv-10:80,134.542
prequal,174,srv-10:80,138.208
prequal,174,srv-10:80,140.758
prequal,174,srv-10:80,144.628
prequal,174,srv-10:80,160.685
prequal,174,srv-10:80,147.875
prequal,174,srv-10:80,166.124
prequal,174,srv-10:80,174.083
prequal,174,srv-10:80,117.615
prequal,174,srv-10:80,124.308
prequal,174,srv-10:80,142.121
prequal,174,srv-10:80,143.847
prequal,174,srv-10:80,150.061
prequal,174,srv-10:80,145.060
prequal,174,srv-10:80,148.823
prequal,174,srv-10:80,151.686
prequal,174,srv-10:80,149.161
prequal,174,srv-10:80,151.528
prequal,174,srv-10:80,147.289
prequal,174,srv-10:80,203.600
prequal,174,srv-10:80,160.040
prequal,174,srv-10:80,97.828
prequal,174,srv-10:80,144.830
prequal,174,srv-10:80,147.396
prequal,174,srv-10:80,177.935
prequal,174,srv-10:80,152.049
prequal,174,srv-10:80,118.093
prequal,174,srv-10:80,151.402
prequal,174,srv-10:80,182.603
prequal,174,srv-10:80,158.603
prequal,174,srv-10:80,141.118
prequal,174,srv-10:80,166.193
prequal,174,srv-10:80,164.910
prequal,174,srv-10:80,169.351
prequal,174,srv-10:80,174.128
prequal,174,srv-10:80,185.197
prequal,174,srv-10:80,173.546
prequal,174,srv-10:80,165.357
prequal,174,srv-10:80,172.958
prequal,174,srv-10:80,181.339
prequal,174,srv-10:80,179.574
prequal,174,srv-10:80,170.345
prequal,174,srv-10:80,206.451
prequal,174,srv-10:80,167.709
prequal,174,srv-10:80,139.557
prequal,174,srv-10:80,181.158
prequal,174,srv-10:80,177.205
prequal,174,srv-10:80,177.250
prequal,174,srv-10:80,200.172
prequal,174,srv-10:80,173.436
prequal,174,srv-10:80,109.701
prequal,174,srv-10:80,47.762
prequal,174,srv-1:80,311.992
prequal,174,srv-1:80,260.806
prequal,174,srv-1:80,238.927
prequal,174,srv-1:80,245.199
prequal,174,srv-1:80,232.095
prequal,174,srv-1:80,196.046
prequal,174,srv-1:80,212.257
prequal,174,srv-1:80,249.483
prequal,174,srv-1:80,238.480
prequal,174,srv-1:80,241.320
prequal,174,srv-1:80,234.098
prequal,174,srv-1:80,216.048
prequal,174,srv-1:80,206.901
prequal,174,srv-1:80,235.222
prequal,174,srv-1:80,255.058
prequal,174,srv-1:80,224.485
prequal,174,srv-1:80,207.572
prequal,174,srv-1:80,223.608
prequal,174,srv-1:80,245.394
prequal,174,srv-1:80,235.493
prequal,174,srv-1:80,234.012
prequal,174,srv-1:80,245.939
prequal,174,srv-1:80,227.720
prequal,174,srv-1:80,230.105
prequal,174,srv-1:80,230.529
prequal,174,srv-1:80,237.822
prequal,174,srv-1:80,227.451
prequal,174,srv-1:80,241.663
prequal,174,srv-1:80,227.104
prequal,174,srv-1:80,206.933
prequal,174,srv-1:80,246.084
prequal,174,srv-1:80,232.336
prequal,174,srv-1:80,215.800
prequal,174,srv-1:80,227.067
prequal,174,srv-1:80,221.277
prequal,174,srv-1:80,217.915
prequal,174,srv-1:80,245.651
prequal,174,srv-1:80,257.756
prequal,174,srv-1:80,209.390
prequal,174,srv-1:80,183.389
prequal,174,srv-1:80,228.385
prequal,174,srv-1:80,200.135
prequal,174,srv-1:80,201.938
prequal,174,srv-1:80,187.718
prequal,174,srv-1:80,205.973
prequal,174,srv-1:80,261.528
prequal,174,srv-1:80,206.666
prequal,174,srv-1:80,216.158
prequal,174,srv-1:80,187.895
prequal,174,srv-1:80,184.460
prequal,174,srv-1:80,259.375
prequal,174,srv-1:80,216.481
prequal,174,srv-1:80,146.109
prequal,174,srv-1:80,192.530
prequal,174,srv-1:80,260.872
prequal,174,srv-1:80,184.454
prequal,174,srv-1:80,188.510
prequal,174,srv-1:80,278.454
prequal,174,srv-1:80,192.327
prequal,174,srv-1:80,80.468
prequal,174,srv-1:80,28.959
prequal,174,srv-2:80,309.399
prequal,174,srv-2:80,246.439
prequal,174,srv-2:80,230.893
prequal,174,srv-2:80,243.728
prequal,174,srv-2:80,234.366
prequal,174,srv-2:80,205.445
prequal,174,srv-2:80,215.658
prequal,174,srv-2:80,246.932
prequal,174,srv-2:80,240.858
prequal,174,srv-2:80,244.212
prequal,174,srv-2:80,231.288
prequal,174,srv-2:80,221.091
prequal,174,srv-2:80,215.635
prequal,174,srv-2:80,230.132
prequal,174,srv-2:80,246.876
prequal,174,srv-2:80,227.129
prequal,174,srv-2:80,208.732
prequal,174,srv-2:80,214.731
prequal,174,srv-2:80,244.392
prequal,174,srv-2:80,244.848
prequal,174,srv-2:80,237.384
prequal,174,srv-2:80,241.664
prequal,174,srv-2:80,225.975
prequal,174,srv-2:80,232.373
prequal,174,srv-2:80,241.117
prequal,174,srv-2:80,240.025
prequal,174,srv-2:80,221.238
prequal,174,srv-2:80,240.239
prequal,174,srv-2:80,227.665
prequal,174,srv-2:80,213.012
prequal,174,srv-2:80,244.964
prequal,174,srv-2:80,229.684
prequal,174,srv-2:80,224.451
prequal,174,srv-2:80,219.823
prequal,174,srv-2:80,211.940
prequal,174,srv-2:80,211.310
prequal,174,srv-2:80,242.791
prequal,174,srv-2:80,266.847
prequal,174,srv-2:80,209.520
prequal,174,srv-2:80,183.291
prequal,174,srv-2:80,217.275
prequal,174,srv-2:80,182.168
prequal,174,srv-2:80,197.472
prequal,174,srv-2:80,195.192
prequal,174,srv-2:80,211.804
prequal,174,srv-2:80,259.272
prequal,174,srv-2:80,201.176
prequal,174,srv-2:80,206.060
prequal,174,srv-2:80,177.932
prequal,174,srv-2:80,177.317
prequal,174,srv-2:80,260.619
prequal,174,srv-2:80,215.485
prequal,174,srv-2:80,136.478
prequal,174,srv-2:80,186.567
prequal,174,srv-2:80,264.446
prequal,174,srv-2:80,188.892
prequal,174,srv-2:80,191.979
prequal,174,srv-2:80,278.941
prequal,174,srv-2:80,187.378
prequal,174,srv-2:80,77.501
prequal,174,srv-2:80,27.179
prequal,174,srv-3:80,279.027
prequal,174,srv-3:80,275.699
prequal,174,srv-3:80,214.826
prequal,174,srv-3:80,206.592
prequal,174,srv-3:80,221.301
prequal,174,srv-3:80,238.869
prequal,174,srv-3:80,243.962
prequal,174,srv-3:80,244.692
prequal,174,srv-3:80,239.116
prequal,174,srv-3:80,234.864
prequal,174,srv-3:80,216.581
prequal,174,srv-3:80,226.728
prequal,174,srv-3:80,240.881
prequal,174,srv-3:80,250.457
prequal,174,srv-3:80,244.131
prequal,174,srv-3:80,228.213
prequal,174,srv-3:80,210.086
prequal,174,srv-3:80,215.649
prequal,174,srv-3:80,229.693
prequal,174,srv-3:80,218.912
prequal,174,srv-3:80,221.161
prequal,174,srv-3:80,245.652
prequal,174,srv-3:80,249.610
prequal,174,srv-3:80,252.003
prequal,174,srv-3:80,249.637
prequal,174,srv-3:80,230.859
prequal,174,srv-3:80,226.157
prequal,174,srv-3:80,212.576
prequal,174,srv-3:80,222.980
prequal,174,srv-3:80,221.980
prequal,174,srv-3:80,228.885
prequal,174,srv-3:80,239.418
prequal,174,srv-3:80,225.823
prequal,174,srv-3:80,229.667
prequal,174,srv-3:80,233.290
prequal,174,srv-3:80,222.641
prequal,174,srv-3:80,228.600
prequal,174,srv-3:80,227.204
prequal,174,srv-3:80,206.289
prequal,174,srv-3:80,242.629
prequal,174,srv-3:80,230.418
prequal,174,srv-3:80,202.940
prequal,174,srv-3:80,180.671
prequal,174,srv-3:80,190.306
prequal,174,srv-3:80,203.541
prequal,174,srv-3:80,224.378
prequal,174,srv-3:80,231.340
prequal,174,srv-3:80,202.133
prequal,174,srv-3:80,244.498
prequal,174,srv-3:80,167.837
prequal,174,srv-3:80,179.122
prequal,174,srv-3:80,265.770
prequal,174,srv-3:80,174.010
prequal,174,srv-3:80,148.800
prequal,174,srv-3:80,228.454
prequal,174,srv-3:80,246.108
prequal,174,srv-3:80,193.600
prequal,174,srv-3:80,223.419
prequal,174,srv-3:80,275.142
prequal,174,srv-3:80,158.175
prequal,174,srv-3:80,35.323
prequal,174,srv-4:80,304.514
prequal,174,srv-4:80,250.773
prequal,174,srv-4:80,236.824
prequal,174,srv-4:80,227.262
prequal,174,srv-4:80,214.697
prequal,174,srv-4:80,213.050
prequal,174,srv-4:80,234.388
prequal,174,srv-4:80,254.230
prequal,174,srv-4:80,241.758
prequal,174,srv-4:80,238.435
prequal,174,srv-4:80,240.094
prequal,174,srv-4:80,219.661
prequal,174,srv-4:80,211.964
prequal,174,srv-4:80,234.947
prequal,174,srv-4:80,247.271
prequal,174,srv-4:80,227.169
prequal,174,srv-4:80,214.851
prequal,174,srv-4:80,227.397
prequal,174,srv-4:80,244.343
prequal,174,srv-4:80,233.527
prequal,174,srv-4:80,217.995
prequal,174,srv-4:80,234.464
prequal,174,srv-4:80,234.292
prequal,174,srv-4:80,240.897
prequal,174,srv-4:80,246.007
prequal,174,srv-4:80,239.136
prequal,174,srv-4:80,203.777
prequal,174,srv-4:80,216.852
prequal,174,srv-4:80,231.050
prequal,174,srv-4:80,224.116
prequal,174,srv-4:80,239.719
prequal,174,srv-4:80,219.190
prequal,174,srv-4:80,215.974
prequal,174,srv-4:80,224.590
prequal,174,srv-4:80,213.697
prequal,174,srv-4:80,217.791
prequal,174,srv-4:80,231.960
prequal,174,srv-4:80,243.517
prequal,174,srv-4:80,220.751
prequal,174,srv-4:80,187.564
prequal,174,srv-4:80,209.503
prequal,174,srv-4:80,187.255
prequal,174,srv-4:80,191.195
prequal,174,srv-4:80,183.664
prequal,174,srv-4:80,216.105
prequal,174,srv-4:80,247.329
prequal,174,srv-4:80,196.328
prequal,174,srv-4:80,220.359
prequal,174,srv-4:80,176.904
prequal,174,srv-4:80,182.841
prequal,174,srv-4:80,272.894
prequal,174,srv-4:80,208.827
prequal,174,srv-4:80,140.162
prequal,174,srv-4:80,208.623
prequal,174,srv-4:80,261.805
prequal,174,srv-4:80,176.894
prequal,174,srv-4:80,205.327
prequal,174,srv-4:80,295.316
prequal,174,srv-4:80,194.822
prequal,174,srv-4:80,77.095
prequal,174,srv-4:80,20.520
prequal,174,srv-5:80,253.491
prequal,174,srv-5:80,198.805
prequal,174,srv-5:80,203.440
prequal,174,srv-5:80,234.799
prequal,174,srv-5:80,225.166
prequal,174,srv-5:80,211.537
prequal,174,srv-5:80,248.662
prequal,174,srv-5:80,253.547
prequal,174,srv-5:80,228.597
prequal,174,srv-5:80,237.978
prequal,174,srv-5:80,254.154
prequal,174,srv-5:80,224.412
prequal,174,srv-5:80,224.721
prequal,174,srv-5:80,236.214
prequal,174,srv-5:80,282.873
prequal,174,srv-5:80,223.460
prequal,174,srv-5:80,171.938
prequal,174,srv-5:80,213.342
prequal,174,srv-5:80,241.061
prequal,174,srv-5:80,238.494
prequal,174,srv-5:80,228.881
prequal,174,srv-5:80,232.136
prequal,174,srv-5:80,233.424
prequal,174,srv-5:80,249.639
prequal,174,srv-5:80,253.131
prequal,174,srv-5:80,249.296
prequal,174,srv-5:80,212.686
prequal,174,srv-5:80,201.371
prequal,174,srv-5:80,228.999
prequal,174,srv-5:80,230.254
prequal,174,srv-5:80,248.203
prequal,174,srv-5:80,234.754
prequal,174,srv-5:80,218.856
prequal,174,srv-5:80,216.557
prequal,174,srv-5:80,212.424
prequal,174,srv-5:80,221.963
prequal,174,srv-5:80,235.093
prequal,174,srv-5:80,239.076
prequal,174,srv-5:80,213.799
prequal,174,srv-5:80,206.188
prequal,174,srv-5:80,225.188
prequal,174,srv-5:80,192.741
prequal,174,srv-5:80,193.169
prequal,174,srv-5:80,191.580
prequal,174,srv-5:80,203.756
prequal,174,srv-5:80,242.259
prequal,174,srv-5:80,204.288
prequal,174,srv-5:80,225.162
prequal,174,srv-5:80,179.974
prequal,174,srv-5:80,178.808
prequal,174,srv-5:80,259.078
prequal,174,srv-5:80,216.759
prequal,174,srv-5:80,151.368
prequal,174,srv-5:80,188.461
prequal,174,srv-5:80,236.239
prequal,174,srv-5:80,181.578
prequal,174,srv-5:80,174.683
prequal,174,srv-5:80,283.385
prequal,174,srv-5:80,227.687
prequal,174,srv-5:80,74.043
prequal,174,srv-5:80,22.973
prequal,174,srv-6:80,260.181
prequal,174,srv-6:80,210.512
prequal,174,srv-6:80,208.548
prequal,174,srv-6:80,226.912
prequal,174,srv-6:80,234.118
prequal,174,srv-6:80,232.650
prequal,174,srv-6:80,210.070
prequal,174,srv-6:80,212.877
prequal,174,srv-6:80,231.398
prequal,174,srv-6:80,241.088
prequal,174,srv-6:80,221.731
prequal,174,srv-6:80,230.160
prequal,174,srv-6:80,225.241
prequal,174,srv-6:80,217.475
prequal,174,srv-6:80,237.415
prequal,174,srv-6:80,233.428
prequal,174,srv-6:80,228.212
prequal,174,srv-6:80,205.315
prequal,174,srv-6:80,211.428
prequal,174,srv-6:80,228.000
prequal,174,srv-6:80,256.072
prequal,174,srv-6:80,269.494
prequal,174,srv-6:80,221.810
prequal,174,srv-6:80,194.064
prequal,174,srv-6:80,240.786
prequal,174,srv-6:80,229.185
prequal,174,srv-6:80,221.403
prequal,174,srv-6:80,203.378
prequal,174,srv-6:80,237.288
prequal,174,srv-6:80,237.934
prequal,174,srv-6:80,193.429
prequal,174,srv-6:80,224.284
prequal,174,srv-6:80,224.572
prequal,174,srv-6:80,230.258
prequal,174,srv-6:80,249.384
prequal,174,srv-6:80,228.231
prequal,174,srv-6:80,231.477
prequal,174,srv-6:80,258.775
prequal,174,srv-6:80,195.770
prequal,174,srv-6:80,200.525
prequal,174,srv-6:80,227.174
prequal,174,srv-6:80,172.214
prequal,174,srv-6:80,192.651
prequal,174,srv-6:80,210.274
prequal,174,srv-6:80,197.059
prequal,174,srv-6:80,237.795
prequal,174,srv-6:80,189.740
prequal,174,srv-6:80,205.966
prequal,174,srv-6:80,233.039
prequal,174,srv-6:80,168.509
prequal,174,srv-6:80,206.387
prequal,174,srv-6:80,253.280
prequal,174,srv-6:80,172.991
prequal,174,srv-6:80,163.576
prequal,174,srv-6:80,282.203
prequal,174,srv-6:80,200.688
prequal,174,srv-6:80,123.929
prequal,174,srv-6:80,252.517
prequal,174,srv-6:80,260.526
prequal,174,srv-6:80,117.246
prequal,174,srv-6:80,31.038
prequal,174,srv-7:80,179.685
prequal,174,srv-7:80,175.992
prequal,174,srv-7:80,194.057
prequal,174,srv-7:80,230.376
prequal,174,srv-7:80,199.602
prequal,174,srv-7:80,244.545
prequal,174,srv-7:80,262.708
prequal,174,srv-7:80,218.588
prequal,174,srv-7:80,173.337
prequal,174,srv-7:80,201.382
prequal,174,srv-7:80,294.446
prequal,174,srv-7:80,224.473
prequal,174,srv-7:80,161.233
prequal,174,srv-7:80,203.960
prequal,174,srv-7:80,206.537
prequal,174,srv-7:80,221.159
prequal,174,srv-7:80,222.264
prequal,174,srv-7:80,204.927
prequal,174,srv-7:80,215.287
prequal,174,srv-7:80,224.913
prequal,174,srv-7:80,276.158
prequal,174,srv-7:80,216.406
prequal,174,srv-7:80,165.139
prequal,174,srv-7:80,217.897
prequal,174,srv-7:80,265.297
prequal,174,srv-7:80,223.834
prequal,174,srv-7:80,184.644
prequal,174,srv-7:80,205.641
prequal,174,srv-7:80,213.329
prequal,174,srv-7:80,212.842
prequal,174,srv-7:80,210.879
prequal,174,srv-7:80,234.651
prequal,174,srv-7:80,210.049
prequal,174,srv-7:80,163.914
prequal,174,srv-7:80,209.006
prequal,174,srv-7:80,211.191
prequal,174,srv-7:80,234.518
prequal,174,srv-7:80,217.165
prequal,174,srv-7:80,190.254
prequal,174,srv-7:80,211.348
prequal,174,srv-7:80,211.310
prequal,174,srv-7:80,192.734
prequal,174,srv-7:80,198.025
prequal,174,srv-7:80,194.416
prequal,174,srv-7:80,202.563
prequal,174,srv-7:80,223.092
prequal,174,srv-7:80,198.006
prequal,174,srv-7:80,206.763
prequal,174,srv-7:80,180.556
prequal,174,srv-7:80,160.481
prequal,174,srv-7:80,242.989
prequal,174,srv-7:80,237.279
prequal,174,srv-7:80,139.638
prequal,174,srv-7:80,176.226
prequal,174,srv-7:80,228.241
prequal,174,srv-7:80,188.774
prequal,174,srv-7:80,186.834
prequal,174,srv-7:80,239.678
prequal,174,srv-7:80,208.895
prequal,174,srv-7:80,114.075
prequal,174,srv-7:80,27.766
prequal,174,srv-8:80,165.551
prequal,174,srv-8:80,176.411
prequal,174,srv-8:80,170.831
prequal,174,srv-8:80,212.378
prequal,174,srv-8:80,214.124
prequal,174,srv-8:80,212.606
prequal,174,srv-8:80,261.742
prequal,174,srv-8:80,277.081
prequal,174,srv-8:80,297.417
prequal,174,srv-8:80,171.433
prequal,174,srv-8:80,121.648
prequal,174,srv-8:80,205.891
prequal,174,srv-8:80,229.956
prequal,174,srv-8:80,236.687
prequal,174,srv-8:80,215.848
prequal,174,srv-8:80,194.922
prequal,174,srv-8:80,234.406
prequal,174,srv-8:80,223.515
prequal,174,srv-8:80,214.964
prequal,174,srv-8:80,233.460
prequal,174,srv-8:80,223.596
prequal,174,srv-8:80,193.670
prequal,174,srv-8:80,214.095
prequal,174,srv-8:80,293.760
prequal,174,srv-8:80,226.053
prequal,174,srv-8:80,172.752
prequal,174,srv-8:80,233.810
prequal,174,srv-8:80,224.186
prequal,174,srv-8:80,211.999
prequal,174,srv-8:80,247.291
prequal,174,srv-8:80,212.373
prequal,174,srv-8:80,186.498
prequal,174,srv-8:80,202.428
prequal,174,srv-8:80,220.504
prequal,174,srv-8:80,207.347
prequal,174,srv-8:80,226.881
prequal,174,srv-8:80,234.963
prequal,174,srv-8:80,199.403
prequal,174,srv-8:80,184.912
prequal,174,srv-8:80,214.127
prequal,174,srv-8:80,213.158
prequal,174,srv-8:80,235.822
prequal,174,srv-8:80,193.450
prequal,174,srv-8:80,206.082
prequal,174,srv-8:80,195.668
prequal,174,srv-8:80,170.149
prequal,174,srv-8:80,226.522
prequal,174,srv-8:80,209.811
prequal,174,srv-8:80,213.905
prequal,174,srv-8:80,163.939
prequal,174,srv-8:80,165.389
prequal,174,srv-8:80,241.766
prequal,174,srv-8:80,207.863
prequal,174,srv-8:80,149.624
prequal,174,srv-8:80,264.783
prequal,174,srv-8:80,239.642
prequal,174,srv-8:80,101.626
prequal,174,srv-8:80,167.513
prequal,174,srv-8:80,253.754
prequal,174,srv-8:80,209.687
prequal,174,srv-8:80,90.304
prequal,174,srv-9:80,101.582
prequal,174,srv-9:80,138.550
prequal,174,srv-9:80,184.932
prequal,174,srv-9:80,158.031
prequal,174,srv-9:80,109.077
prequal,174,srv-9:80,161.706
prequal,174,srv-9:80,164.760
prequal,174,srv-9:80,182.152
prequal,174,srv-9:80,159.713
prequal,174,srv-9:80,138.780
prequal,174,srv-9:80,150.673
prequal,174,srv-9:80,148.503
prequal,174,srv-9:80,145.056
prequal,174,srv-9:80,146.780
prequal,174,srv-9:80,143.177
prequal,174,srv-9:80,135.071
prequal,174,srv-9:80,138.929
prequal,174,srv-9:80,151.068
prequal,174,srv-9:80,156.961
prequal,174,srv-9:80,153.703
prequal,174,srv-9:80,159.287
prequal,174,srv-9:80,175.350
prequal,174,srv-9:80,168.306
prequal,174,srv-9:80,120.058
prequal,174,srv-9:80,117.068
prequal,174,srv-9:80,147.506
prequal,174,srv-9:80,149.323
prequal,174,srv-9:80,150.208
prequal,174,srv-9:80,196.189
prequal,174,srv-9:80,149.396
prequal,174,srv-9:80,113.481
prequal,174,srv-9:80,160.216
prequal,174,srv-9:80,151.875
prequal,174,srv-9:80,151.509
prequal,174,srv-9:80,153.886
prequal,174,srv-9:80,156.009
prequal,174,srv-9:80,158.009
prequal,174,srv-9:80,159.212
prequal,174,srv-9:80,162.624
prequal,174,srv-9:80,169.844
prequal,174,srv-9:80,170.142
prequal,174,srv-9:80,201.931
prequal,174,srv-9:80,177.547
prequal,174,srv-9:80,146.818
prequal,174,srv-9:80,175.327
prequal,174,srv-9:80,174.668
prequal,174,srv-9:80,178.976
prequal,174,srv-9:80,177.002
prequal,174,srv-9:80,175.130
prequal,174,srv-9:80,178.935
prequal,174,srv-9:80,225.043
prequal,174,srv-9:80,179.334
prequal,174,srv-9:80,133.498
prequal,174,srv-9:80,200.751
prequal,174,srv-9:80,167.578
prequal,174,srv-9:80,147.786
prequal,174,srv-9:80,191.569
prequal,174,srv-9:80,180.910
prequal,174,srv-9:80,180.344
prequal,174,srv-9:80,178.493
prequal,174,srv-9:80,102.926
